recipe_id,calories,protein_grams,carbs_grams,fats_grams,fiber_grams,sodium_mg,sugar_grams,source,confidence,review_status,notes,draft_status,matched_ingredient_count,unmatched_ingredients,fdc_matches
ph_4,1768,31.9,1.1,180.4,0.0,349,0.2,local_reference_ingredient_sum_draft,api_estimate,pending_review,"Draft only: summed local reference ingredient profiles and divided by source_servings=4. Reviewer must verify ingredient matches, edible yield, oil absorption, and serving size before marking reviewed.",draft_partial_match,3,6 cups water (ignored seasoning/water) | 5 dried bay leaves (no FDC match for dried bay leaves) | 4 cups cooking oil (ignored frying oil reserve),"3 lbs. pork belly => pork belly [1360.8g, FDC local:pork belly] | 8 grams Maggi Magic Sarap => maggi seasoning mix [8.0g, FDC local:seasoning mix] | 1 tablespoon whole peppercorn => peppercorn [8.0g, FDC local:corn]"
ph_10,1195,22.8,2.7,120.4,0.3,1035,0.3,local_reference_ingredient_sum_draft,api_estimate,pending_review,"Draft only: summed local reference ingredient profiles and divided by source_servings=4. Reviewer must verify ingredient matches, edible yield, oil absorption, and serving size before marking reviewed.",draft_partial_match,5,5 dried bay leaves (no FDC match for dried bay leaves) | 2 cups water (ignored seasoning/water) | Salt to taste (ignored seasoning/water),"2 lbs pork belly => pork belly [907.2g, FDC local:pork belly] | 2 tablespoons garlic => garlic [16.0g, FDC local:garlic] | 4 tablespoons vinegar => vinegar [60.0g, FDC local:vinegar] | 1/2 cup soy sauce => soy sauce [70.0g, FDC local:soy sauce] | 1 tablespoon peppercorn => peppercorn [8.0g, FDC local:corn]"
ph_13,640,61.9,16.0,34.9,2.6,192,4.9,local_reference_ingredient_sum_draft,api_estimate,pending_review,"Draft only: summed local reference ingredient profiles and divided by source_servings=4. Reviewer must verify ingredient matches, edible yield, oil absorption, and serving size before marking reviewed.",draft_partial_match,7,34 ounces water (no FDC match for water) | fish sauce to taste optional (ignored seasoning/water),"2 lbs beef shank => beef shank [907.2g, FDC local:beef] | 1/2 cabbage whole leaf individually detached => cabbage leaf individually detached [50.0g, FDC local:cabbage] | 1 bundle bok choy => bok choy [150.0g, FDC local:bok choy] | 2 cobs corn each cut into 3 parts => corn each [180.0g, FDC local:corn] | 2 Tablespoons whole peppercorn => peppercorn [16.0g, FDC local:corn] | 1/2 cup green onions cut unto 1 1/2 inch pieces => onions cut unto inch [70.0g, FDC local:onion] | 1 onion => onion [110.0g, FDC local:onion]"
ph_15,479,41.0,8.8,29.6,1.5,434,2.0,local_reference_ingredient_sum_draft,api_estimate,pending_review,"Draft only: summed local reference ingredient profiles and divided by source_servings=6. Reviewer must verify ingredient matches, edible yield, oil absorption, and serving size before marking reviewed.",draft_partial_match,7,1 cup water (ignored seasoning/water) | 1 slice lemon with rind (no FDC match for slice lemon with rind) | 1/2 tsp. ground black pepper (no FDC match for pepper) | 2 pieces bay leaves laurel (no FDC match for bay leaves laurel) | salt to taste (ignored seasoning/water),"3 cloves garlic crushed => garlic [9.0g, FDC local:garlic] | 1 piece large onion sliced => onion [110.0g, FDC local:onion] | 2 lbs beef chuck cubed => beef chuck [907.2g, FDC local:beef] | 8 ounces tomato sauce => tomato sauce [226.8g, FDC local:tomato] | 3 tbsp cooking oil => cooking oil [40.8g, FDC local:cooking oil] | 1 piece large potato sliced => potato [170.0g, FDC local:potato] | 1/4 cup soy sauce => soy sauce [35.0g, FDC local:soy sauce]"
ph_17,229,3.8,3.2,22.9,1.5,36,1.9,local_reference_ingredient_sum_draft,api_estimate,pending_review,"Draft only: summed local reference ingredient profiles and divided by source_servings=4. Reviewer must verify ingredient matches, edible yield, oil absorption, and serving size before marking reviewed.",draft_partial_match,3,1 teaspoon salt (ignored seasoning/water),"4 pieces Chinese eggplant => chinese eggplant [200.0g, FDC local:eggplant] | 2 pieces raw eggs => eggs [100.0g, FDC local:egg] | 6 tablespoons cooking oil => cooking oil [81.6g, FDC local:cooking oil]"
ph_23,831,66.9,40.6,43.1,5.3,4351,7.7,local_reference_ingredient_sum_draft,api_estimate,pending_review,"Draft only: summed local reference ingredient profiles and divided by source_servings=4. Reviewer must verify ingredient matches, edible yield, oil absorption, and serving size before marking reviewed.",draft_partial_match,15,1 1/2 cup mung bean sprouts (no FDC match for mung bean sprouts) | 1/4 teaspoon ground black pepper (no FDC match for pepper) | 6 oz. lechon carajay chopped (no FDC match for lechon carajay) | 6 to 8 cups water (no FDC match for water) | 1 stalk celery chopped (no FDC match for stalk celery),"6 oz. minced beef or carabeef => beef or carabeef [170.1g, FDC local:beef] | 12 oz. fresh Miki noodles => miki noodles [340.2g, FDC local:noodles] | 3 to 4 oz. pork liver sliced => pork liver [99.2g, FDC local:liver] | 1 medium red onion cubed => onion [110.0g, FDC local:onion] | 3/4 cups chopped green onions => onions [105.0g, FDC local:onion] | 1 cup shredded cabbage => shredded cabbage [140.0g, FDC local:cabbage] | 1 cup carrot julienne => carrot julienne [140.0g, FDC local:carrot] | 3 tablepespoons soy sauce => tablepespoons soy sauce [300.0g, FDC local:soy sauce] | 1 egg => egg [50.0g, FDC local:egg] | 3 tablespoons cooking oil => cooking oil [40.8g, FDC local:cooking oil] | 1 lb. beef bones with meat => beef bones with meat [453.6g, FDC local:beef] | 1 beef cube => beef cube [100.0g, FDC local:beef] | 1 egg => egg [50.0g, FDC local:egg] | 1 medium carrot cubed => carrot [60.0g, FDC local:carrot] | 1 small onion cubed => onion [110.0g, FDC local:onion]"
ph_25,848,13.5,136.1,29.3,4.5,21,36.6,local_reference_ingredient_sum_draft,api_estimate,pending_review,"Draft only: summed local reference ingredient profiles and divided by source_servings=6. Reviewer must verify ingredient matches, edible yield, oil absorption, and serving size before marking reviewed.",draft_partial_match,4,2 cups water (ignored seasoning/water) | 1 1/2 cups tapioca pearls cooked (no FDC match for tapioca pearls),"20 pieces glutinous rice balls (Bilo-bilo) => glutinous rice balls [2000.0g, FDC local:rice] | 20 oz jackfruit ripe, sliced => jackfruit [567.0g, FDC local:jackfruit] | 2 cups coconut cream => coconut cream [480.0g, FDC local:coconut cream] | 3/4 cup granulated white sugar => granulated sugar [93.8g, FDC local:sugar]"
ph_27,636,63.1,19.7,32.0,1.6,1114,16.6,local_reference_ingredient_sum_draft,api_estimate,pending_review,"Draft only: summed local reference ingredient profiles and divided by source_servings=4. Reviewer must verify ingredient matches, edible yield, oil absorption, and serving size before marking reviewed.",draft_partial_match,7,2 cups water (ignored seasoning/water) | 5 pieces dried bay leaves (ignored seasoning/water) | Salt to taste (ignored seasoning/water),"2 lbs Pork hock pata, sliced crosswise => pork hock pata crosswise [907.2g, FDC local:pork] | 1 teaspoon garlic crushed => garlic [2.7g, FDC local:garlic] | 1/2 cup soy sauce => soy sauce [70.0g, FDC local:soy sauce] | 3 tablespoons vinegar => vinegar [45.0g, FDC local:vinegar] | 1/2 cup brown sugar => brown sugar [62.5g, FDC local:sugar] | 100 grams banana blossoms dried, soaked in water => banana blossoms dried soaked in water [100.0g, FDC local:banana blossom] | 1 tablespoon whole pepper corn => pepper corn [8.0g, FDC local:corn]"
ph_30,635,56.9,8.2,39.5,0.5,132,6.0,local_reference_ingredient_sum_draft,api_estimate,pending_review,"Draft only: summed local reference ingredient profiles and divided by source_servings=4. Reviewer must verify ingredient matches, edible yield, oil absorption, and serving size before marking reviewed.",draft_partial_match,8,2 pieces long green pepper (no FDC match for pepper) | 1 cup water (ignored seasoning/water) | salt and pepper to taste (ignored seasoning/water),"1 lb pork cut into cubes => pork [453.6g, FDC local:pork] | 1 cup vinegar => vinegar [140.0g, FDC local:vinegar] | 1 1/2 tablespoon brown sugar => brown sugar [18.8g, FDC local:sugar] | 1 piece onion chopped finely => onion finely [110.0g, FDC local:onion] | 1 tablespoon garlic minced => garlic [8.0g, FDC local:garlic] | 3 tablespoon cooking oil => cooking oil [40.8g, FDC local:cooking oil] | 10 oz pork blood => pork blood [283.5g, FDC local:pork] | 1 piece pork cube boullion => pork cube boullion [100.0g, FDC local:pork]"
ph_32,596,63.2,6.7,33.4,0.2,1468,5.3,local_reference_ingredient_sum_draft,api_estimate,pending_review,"Draft only: summed local reference ingredient profiles and divided by source_servings=6. Reviewer must verify ingredient matches, edible yield, oil absorption, and serving size before marking reviewed.",draft_partial_match,6,3 tablespoons Knorr Liquid Seasoning (no FDC match for knorr liquid seasoning) | 4 pieces calamansi or 2 pieces lime (no FDC match for calamansi or lime) | 1/2 cup banana ketchup (no FDC match for banana ketchup) | 1 tablespoon Knorr Liquid Seasoning (no FDC match for knorr liquid seasoning) | 1 piece calamansi or 1/2 lime (no FDC match for calamansi or lime) | 1/4 cup banana ketchup (no FDC match for banana ketchup),"3 lbs pork shoulder sliced into thin pieces => pork shoulder into thin [1360.8g, FDC local:pork] | 1/2 cup soy sauce => soy sauce [70.0g, FDC local:soy sauce] | 2 1/2 tablespoons brown sugar => brown sugar [31.2g, FDC local:sugar] | 2 teaspoons garlic powder => garlic powder [5.3g, FDC local:garlic] | 5 tablespoons soy sauce => soy sauce [75.0g, FDC local:soy sauce] | 2 teaspoons vegetable oil => cooking oil [9.1g, FDC local:cooking oil]"
ph_35,66,7.0,1.3,3.6,0.1,16,0.2,local_reference_ingredient_sum_draft,api_estimate,pending_review,"Draft only: summed local reference ingredient profiles and divided by source_servings=4. Reviewer must verify ingredient matches, edible yield, oil absorption, and serving size before marking reviewed.",draft_partial_match,3,6 pieces dried bay leaves (ignored seasoning/water) | 4 pieces star anise optional (no FDC match for star anise) | 6 teaspoons salt (ignored seasoning/water) | 2 teaspoons ground black pepper (no FDC match for pepper) | 12 cups water (ignored seasoning/water) | 6 cups cooking oil (ignored frying oil reserve),"1 piece whole pig leg cleaned => pork [100.0g, FDC local:pork] | 2 tablespoons whole peppercorn => peppercorn [16.0g, FDC local:corn] | 2 teaspoons garlic powder => garlic powder [5.3g, FDC local:garlic]"
ph_37,850,16.4,14.9,80.4,3.4,656,2.7,local_reference_ingredient_sum_draft,api_estimate,pending_review,"Draft only: summed local reference ingredient profiles and divided by source_servings=6. Reviewer must verify ingredient matches, edible yield, oil absorption, and serving size before marking reviewed.",draft_partial_match,7,3 pieces long green chili pepper siling pansigang (no FDC match for chili pepper siling pansigang) | 1 cup sliced daikon radish labanos (no FDC match for daikon radish labanos) | 10 to 12 pieces snake beans cut in 2 inch length pieces (no FDC match for snake beans cut in inch length) | 8 cups water (ignored seasoning/water) | 2 packs Knorr Sinigang sa Sampaloc Mix Original (20 gram pack) (no FDC match for packs knorr sinigang sa sampaloc mix original) | 1/4 teaspoon ground black pepper (no FDC match for pepper),"2 lbs. pork belly sliced into cubes => pork belly into cubes [907.2g, FDC local:pork belly] | 2 to 3 cups kangkong leaves => kangkong leaves [75.0g, FDC local:spinach] | 2 pieces tomato quartered => tomato quartered [240.0g, FDC local:tomato] | 1 piece onion quartered => onion quartered [110.0g, FDC local:onion] | 15 pieces okra => okra [180.0g, FDC local:okra] | 2 pieces taro peeled and cut in half (gabi) => taro and cut in half [200.0g, FDC local:taro] | 3 tablespoons fish sauce patis => fish sauce patis [45.0g, FDC local:fish sauce]"
ph_40,313,37.9,15.2,10.2,1.4,1066,3.9,local_reference_ingredient_sum_draft,api_estimate,pending_review,"Draft only: summed local reference ingredient profiles and divided by source_servings=4. Reviewer must verify ingredient matches, edible yield, oil absorption, and serving size before marking reviewed.",draft_partial_match,8,1 cup water (ignored seasoning/water) | Salt and pepper to taste (ignored seasoning/water),"2 lbs. medium-sized squid => -sized squid [907.2g, FDC local:squid] | 1 piece onion => onion [110.0g, FDC local:onion] | 2 pieces tomatoes => tomatoes [240.0g, FDC local:tomato] | 1/2 cup soy sauce => soy sauce [70.0g, FDC local:soy sauce] | 1/2 cup vinegar => vinegar [70.0g, FDC local:vinegar] | 5 cloves crushed garlic => garlic [15.0g, FDC local:garlic] | 1 teaspoon sugar => sugar [4.2g, FDC local:sugar] | 2 tbsp cooking oil => cooking oil [27.2g, FDC local:cooking oil]"
ph_41,128,10.9,8.3,5.4,1.2,27,1.0,local_reference_ingredient_sum_draft,api_estimate,pending_review,"Draft only: summed local reference ingredient profiles and divided by source_servings=6. Reviewer must verify ingredient matches, edible yield, oil absorption, and serving size before marking reviewed.",draft_partial_match,5,2 packs Knorr Ginataang Gulay Recipe Mix 40 grams each (no FDC match for packs knorr ginataang gulay recipe mix each) | 5 pieces Thai chili pepper (no FDC match for thai chili pepper) | 5 cups water (ignored seasoning/water),"4 ounces dried taro leaves => dried taro leaves [113.4g, FDC local:taro] | 1/2 lb pork sliced into 1/4 inch thick pieces => pork into inch thick [226.8g, FDC local:pork] | 5 cloves garlic crushed => garlic [15.0g, FDC local:garlic] | 2 thumbs ginger crushed => ginger [30.0g, FDC local:ginger] | 1 piece onion sliced into thin strips => onion into thin strips [110.0g, FDC local:onion]"
ph_46,473,37.4,7.5,31.5,1.3,925,2.9,local_reference_ingredient_sum_draft,api_estimate,pending_review,"Draft only: summed local reference ingredient profiles and divided by source_servings=5. Reviewer must verify ingredient matches, edible yield, oil absorption, and serving size before marking reviewed.",draft_partial_match,5,4 pieces calamansi or 1-piece lemon (no FDC match for calamansi or - lemon) | 1/2 tsp ground black pepper (no FDC match for pepper) | 1 cup water (ignored seasoning/water) | 1 pinch salt (no FDC match for pinch salt),"1 1/2 lbs beef sirloin thinly sliced => beef sirloin thinly [680.4g, FDC local:beef] | 5 tablespoons soy sauce => soy sauce [75.0g, FDC local:soy sauce] | 3 cloves garlic minced => garlic [9.0g, FDC local:garlic] | 3 pieces onion sliced into rings => onion into rings [330.0g, FDC local:onion] | 4 tablespoons cooking oil => cooking oil [54.4g, FDC local:cooking oil]"
ph_47,1013,71.8,17.5,72.2,4.4,1004,4.5,local_reference_ingredient_sum_draft,api_estimate,pending_review,"Draft only: summed local reference ingredient profiles and divided by source_servings=6. Reviewer must verify ingredient matches, edible yield, oil absorption, and serving size before marking reviewed.",draft_partial_match,10,1 piece small banana flower bud sliced (no FDC match for banana flower bud) | 1 bundle string beans cut into 2 inch slices (no FDC match for string beans) | 34 Ounces water about 1 Liter (no FDC match for water about liter) | salt and pepper (ignored seasoning/water),"3 lbs oxtail cut in 2 inch slices you an also use tripe or beef slices => oxtail cut in inch slices you an also use tripe or beef slices [1360.8g, FDC local:beef] | 1 bundle pechay or bok choy => bok choy or bok choy [150.0g, FDC local:bok choy] | 4 pieces eggplants sliced => eggplants [200.0g, FDC local:eggplant] | 1 cup ground peanuts => peanuts [140.0g, FDC local:peanuts] | 1/2 cup peanut butter => peanut butter [70.0g, FDC local:peanut butter] | 1/2 cup shrimp paste => shrimp paste [70.0g, FDC local:shrimp paste] | 1/2 cup annatto seeds soaked in a cup of water => annatto seeds soaked in a of water [120.0g, FDC local:annatto oil] | 1/2 cup toasted ground rice => rice [120.0g, FDC local:rice] | 1 tbsp garlic minced => garlic [8.0g, FDC local:garlic] | 1 piece onion chopped => onion [110.0g, FDC local:onion]"
ph_48,698,91.0,24.0,24.1,4.1,367,5.6,local_reference_ingredient_sum_draft,api_estimate,pending_review,"Draft only: summed local reference ingredient profiles and divided by source_servings=4. Reviewer must verify ingredient matches, edible yield, oil absorption, and serving size before marking reviewed.",draft_partial_match,7,1 pack Knorr Ginataang Gulay Mix 45 grams (no FDC match for pack knorr ginataang gulay mix) | 3/4 cup chopped celery (no FDC match for celery) | 1 1/2 tablespoons curry powder (no FDC match for curry powder) | 3 pieces long green chili pepper (no FDC match for chili pepper) | 2 cups water (ignored seasoning/water) | 1/4 teaspoon ground black pepper (no FDC match for pepper),"2 1/2 lbs. chicken cut into serving pieces => chicken [1134.0g, FDC local:chicken] | 2 pieces baking potato cubed => baking potato [340.0g, FDC local:potato] | 2 pieces red bell pepper sliced into squares => bell pepper into squares [240.0g, FDC local:bell pepper] | 2 pieces red onions chopped => onions [220.0g, FDC local:onion] | 3 cloves garlic chopped => garlic [9.0g, FDC local:garlic] | 4 tablespoons cooking oil => cooking oil [54.4g, FDC local:cooking oil] | 1 1/2 teaspoons fish sauce => fish sauce [7.5g, FDC local:fish sauce]"
ph_51,1131,25.2,5.2,111.6,1.0,78,2.4,local_reference_ingredient_sum_draft,api_estimate,pending_review,"Draft only: summed local reference ingredient profiles and divided by source_servings=4. Reviewer must verify ingredient matches, edible yield, oil absorption, and serving size before marking reviewed.",draft_partial_match,6,3 tablespoons Knorr Liquid Seasoning (no FDC match for knorr liquid seasoning) | 1 lb. pig face maskara (no FDC match for pig face maskara) | 1/2 cup chicharon crumbled (no FDC match for chicharon crumbled) | 1/4 teaspoon ground black pepper (no FDC match for pepper) | 1/2 teaspoon chili flakes optional (no FDC match for chili flakes) | 1 tablespoon butter (no FDC match for butter) | 2 quarts water (ignored seasoning/water),"1 1/2 lbs. Pork belly => pork belly [680.4g, FDC local:pork belly] | 4 ounces chicken liver => chicken liver [113.4g, FDC local:chicken] | 2 pieces onion => onion [220.0g, FDC local:onion] | 3 tablespoons Ladys Choice Mayonnaise => ladys choice cooking oil [40.8g, FDC local:cooking oil] | 2 teaspoons onion powder => onion powder [5.3g, FDC local:onion] | 3 tablespoons cooking oil => cooking oil [40.8g, FDC local:cooking oil]"
ph_55,114,1.0,5.3,10.3,0.8,591,1.7,local_reference_ingredient_sum_draft,api_estimate,pending_review,"Draft only: summed local reference ingredient profiles and divided by source_servings=4. Reviewer must verify ingredient matches, edible yield, oil absorption, and serving size before marking reviewed.",draft_partial_match,5,"1 lb. lechon kawali chopped (no FDC match for lechon kawali) | 1 45g pack Knorr Ginataang Gulay Recipe Mix (no FDC match for 45g pack knorr ginataang gulay recipe mix) | 23 pieces long green beans Baguio beans, cut into 2 inch pieces (no FDC match for beans baguio beans) | 1/4 teaspoon ground black pepper (no FDC match for pepper) | 2 cups water (ignored seasoning/water)","1/2 small Butternut squash or kalabasa cubed => butternut squash or squash [50.0g, FDC local:squash] | 1 medium onion minced => onion [110.0g, FDC local:onion] | 4 cloves garlic crushed and chopped => garlic and [12.0g, FDC local:garlic] | 2 tablespoons fish sauce => fish sauce [30.0g, FDC local:fish sauce] | 3 tablespoons cooking oil => cooking oil [40.8g, FDC local:cooking oil]"
ph_56,472,63.9,10.8,17.8,1.9,474,2.9,local_reference_ingredient_sum_draft,api_estimate,pending_review,"Draft only: summed local reference ingredient profiles and divided by source_servings=6. Reviewer must verify ingredient matches, edible yield, oil absorption, and serving size before marking reviewed.",draft_partial_match,10,Salt and ground black pepper to taste (ignored seasoning/water),"2 1/2 lbs. chicken cut into serving pieces => chicken [1134.0g, FDC local:chicken] | 1 large baking potato cubed => baking potato [170.0g, FDC local:potato] | 1 medium carrot cubed => carrot [60.0g, FDC local:carrot] | 1 red bell pepper sliced => bell pepper [120.0g, FDC local:bell pepper] | 1/2 cup shredded sharp cheddar cheese => shredded sharp cheddar cheese [70.0g, FDC local:cheese] | 1 8 oz. can tomato sauce => . can tomato sauce [120.0g, FDC local:tomato] | 2 to 3 cups chicken broth => chicken broth [600.0g, FDC local:broth] | 1 medium onion minced => onion [110.0g, FDC local:onion] | 4 cloves garlic crushed => garlic [12.0g, FDC local:garlic] | 3 tablespoons cooking oil => cooking oil [40.8g, FDC local:cooking oil]"
ph_57,773,50.8,10.5,58.6,3.0,981,4.7,local_reference_ingredient_sum_draft,api_estimate,pending_review,"Draft only: summed local reference ingredient profiles and divided by source_servings=5. Reviewer must verify ingredient matches, edible yield, oil absorption, and serving size before marking reviewed.",draft_partial_match,8,1 1/2 cups long green beans cut in 1 inch pieces (no FDC match for beans cut in inch) | 5 to 10 pieces Thai chili pepper (no FDC match for thai chili pepper) | 4 to 6 cups water (no FDC match for water) | Ground black pepper to taste (ignored seasoning/water),"2 lbs. Beef chuck paypay, cubed => beef chuck paypay [907.2g, FDC local:beef] | 2 cups baby spinach => baby spinach [60.0g, FDC local:spinach] | 1 medium red onion chopped => onion [110.0g, FDC local:onion] | 3 thumbs ginger sliced into thin strips => ginger into thin strips [45.0g, FDC local:ginger] | 2 cups coconut milk => coconut milk [480.0g, FDC local:coconut milk] | 3 to 4 tablespoons fish sauce patis => fish sauce patis [52.5g, FDC local:fish sauce] | 4 cloves garlic chopped => garlic [12.0g, FDC local:garlic] | 3 tablespoons cooking oil => cooking oil [40.8g, FDC local:cooking oil]"
ph_58,1173,24.6,6.2,116.1,1.1,78,2.8,local_reference_ingredient_sum_draft,api_estimate,pending_review,"Draft only: summed local reference ingredient profiles and divided by source_servings=5. Reviewer must verify ingredient matches, edible yield, oil absorption, and serving size before marking reviewed.",draft_partial_match,6,"1 1/2 tablespoons Knorr Liquid Seasoning (no FDC match for knorr liquid seasoning) | 1 piece lemon (no FDC match for lemon) | 4 cups water (ignored seasoning/water) | 4 to 5 pieces Thai chili pepper optional, chopped (no FDC match for thai chili pepper) | 1/4 teaspoon ground black pepper (no FDC match for pepper) | 1 tablespoon margarine or butter (no FDC match for margarine or butter)","2 lbs pork belly => pork belly [907.2g, FDC local:pork belly] | 4 ounces chicken liver => chicken liver [113.4g, FDC local:chicken] | 1/4 cup Lady's Choice Mayonnaise => lady s choice cooking oil [54.5g, FDC local:cooking oil] | 3 medium onions => onions [330.0g, FDC local:onion] | 1/2 teaspoon garlic powder optional => garlic powder [1.3g, FDC local:garlic] | 3 tablespoons cooking oil => cooking oil [40.8g, FDC local:cooking oil]"
ph_59,350,24.3,4.9,25.1,1.4,98,1.3,local_reference_ingredient_sum_draft,api_estimate,pending_review,"Draft only: summed local reference ingredient profiles and divided by source_servings=4. Reviewer must verify ingredient matches, edible yield, oil absorption, and serving size before marking reviewed.",draft_partial_match,5,1 45g pack Knorr Ginataang Gulay Recipe Mix (no FDC match for 45g pack knorr ginataang gulay recipe mix) | 4 pieces long green chili pepper (no FDC match for chili pepper) | 3 to 4 pieces Thai chili pepper optional (no FDC match for thai chili pepper) | 1 1/2 cups water (no FDC match for water) | 1/4 teaspoon ground black pepper (no FDC match for pepper) | Salt to taste optional (ignored seasoning/water),"1 lb. Salmon fillet => salmon fillet [453.6g, FDC local:salmon] | 1 bunch fresh spinach => spinach [150.0g, FDC local:spinach] | 1 medium onion sliced => onion [110.0g, FDC local:onion] | 4 cloves garlic crushed => garlic [12.0g, FDC local:garlic] | 3 tablespoons cooking oil => cooking oil [40.8g, FDC local:cooking oil]"
ph_60,144,8.0,27.4,1.1,7.8,604,11.9,local_reference_ingredient_sum_draft,api_estimate,pending_review,"Draft only: summed local reference ingredient profiles and divided by source_servings=6. Reviewer must verify ingredient matches, edible yield, oil absorption, and serving size before marking reviewed.",draft_partial_match,5,"2.2 lbs. Sugpo Tiger prawn (no FDC match for sugpo tiger prawn) | 1 40g pack Knorr Sinigang sa Sampaloc Mix, Original (no FDC match for 40g pack knorr sinigang sa sampaloc mix original) | 1 medium Labanos Daikon radish, sliced (no FDC match for labanos daikon radish) | 3 to 5 pieces siling pansigang long green pepper (no FDC match for siling pansigang pepper) | 1/8 teaspoon ground black pepper (no FDC match for pepper) | 2 quarts water (ignored seasoning/water)","4 to 6 pieces Okra => okra [60.0g, FDC local:okra] | 12 to 15 pieces Sitaw Snake Beans, cut in 2 inch pieces => yardlong beans snake beans cut in inch [1350.0g, FDC local:yardlong beans] | 3 medium tomato wedged => tomato [360.0g, FDC local:tomato] | 3 medium yellow onion wedged => onion [330.0g, FDC local:onion] | 3 tablespoons patis fish sauce => patis fish sauce [45.0g, FDC local:fish sauce]"
ph_61,918,24.8,16.3,84.2,3.2,1533,5.3,local_reference_ingredient_sum_draft,api_estimate,pending_review,"Draft only: summed local reference ingredient profiles and divided by source_servings=5. Reviewer must verify ingredient matches, edible yield, oil absorption, and serving size before marking reviewed.",draft_partial_match,11,4 medium ripe saba banana (no FDC match for saba banana) | 12 pieces long green beans (no FDC match for beans) | ground white pepper to taste (ignored seasoning/water),"1 1/2 lbs. pork belly cut into cubes => pork belly [680.4g, FDC local:pork belly] | 2 bunches baby bok choy => baby bok choy [300.0g, FDC local:bok choy] | 1 piece Chorizo de Bilbao => pork de bilbao [100.0g, FDC local:pork] | 4 medium ripe tomato wedged => tomato [480.0g, FDC local:tomato] | 1 medium potato cubed => potato [170.0g, FDC local:potato] | 4 ounces tomato sauce => tomato sauce [113.4g, FDC local:tomato] | 1 medium yellow onion chopped => onion [110.0g, FDC local:onion] | 3 cloves garlic crushed and chopped => garlic and [9.0g, FDC local:garlic] | 6 to 8 cups beef broth or pork broth => beef broth or pork broth [1680.0g, FDC local:broth] | 2 1/2 tablespoons fish sauce => fish sauce [37.5g, FDC local:fish sauce] | 3 tablespoons cooking oil => cooking oil [40.8g, FDC local:cooking oil]"
ph_62,1146,115.9,11.2,66.1,1.7,771,3.9,local_reference_ingredient_sum_draft,api_estimate,pending_review,"Draft only: summed local reference ingredient profiles and divided by source_servings=8. Reviewer must verify ingredient matches, edible yield, oil absorption, and serving size before marking reviewed.",draft_partial_match,7,15 to 20 pieces long green beans Baguio beans (no FDC match for beans baguio beans) | 12 to 15 cups water (no FDC match for water),"7.5 lbs. Beef shank bulalo => beef shank bulalo [3401.9g, FDC local:beef] | 1 Knorr beef cube => knorr beef cube [100.0g, FDC local:beef] | 1 bunch Napa cabbage pechay Baguio => napa cabbage bok choy baguio [150.0g, FDC local:bok choy] | 2 pieces sweet corn divided into 3 parts => sweet corn divided into parts [200.0g, FDC local:corn] | 4 medium yellow onion wedged => onion [440.0g, FDC local:onion] | 1 tablespoon whole peppercorn => peppercorn [8.0g, FDC local:corn] | 3 tablespoons fish sauce patis => fish sauce patis [45.0g, FDC local:fish sauce]"
ph_63,1022,18.4,19.0,96.8,3.7,173,5.6,local_reference_ingredient_sum_draft,api_estimate,pending_review,"Draft only: summed local reference ingredient profiles and divided by source_servings=6. Reviewer must verify ingredient matches, edible yield, oil absorption, and serving size before marking reviewed.",draft_partial_match,11,3 to 4 cups water (no FDC match for water) | Salt and ground black pepper to taste (ignored seasoning/water),"2 lbs. pork belly cubed => pork belly [907.2g, FDC local:pork belly] | 1 small red bell pepper sliced into small squares => bell pepper into squares [120.0g, FDC local:bell pepper] | 1 small green bell pepper sliced into small squares => bell pepper into squares [120.0g, FDC local:bell pepper] | 3 medium ripe tomato wedged => tomato [360.0g, FDC local:tomato] | 4 ounces Filipino style tomato sauce => filipino style tomato sauce [113.4g, FDC local:tomato] | 3 ounces liver spread => liver spread [85.0g, FDC local:liver spread] | 2 medium potato diced => potato [340.0g, FDC local:potato] | 1 medium carrot diced => carrot [60.0g, FDC local:carrot] | 1 medium yellow onion diced => onion [110.0g, FDC local:onion] | 4 cloves garlic crushed and chopped => garlic and [12.0g, FDC local:garlic] | 6 tablespoons cooking oil => cooking oil [81.6g, FDC local:cooking oil]"
ph_66,1145,86.7,22.8,80.3,5.3,887,13.1,local_reference_ingredient_sum_draft,api_estimate,pending_review,"Draft only: summed local reference ingredient profiles and divided by source_servings=6. Reviewer must verify ingredient matches, edible yield, oil absorption, and serving size before marking reviewed.",draft_partial_match,11,1 cup fresh pepper leaves (no FDC match for pepper leaves) | 5 pieces dried bay leaves (ignored seasoning/water) | 4 to 6 pieces Thai chili pepper or siling labuyo (no FDC match for thai chili pepper or siling labuyo) | 1/4 teaspoon ground black pepper (no FDC match for pepper) | 8 quarts water for boiling pork (ignored seasoning/water),"3 lbs. pata pork hock, sliced => pata pork hock [1360.8g, FDC local:pork] | 1 lb. shrimp deveined => shrimp deveined [453.6g, FDC local:shrimp] | 1 Knorr Pork Cube => pork bouillon [100.0g, FDC local:broth] | 4 cups coconut milk => coconut milk [960.0g, FDC local:coconut milk] | 1 1/2 cups unripe jackfruit sliced => unripe jackfruit [210.0g, FDC local:jackfruit] | 1/2 cup mung beans => mung beans [70.0g, FDC local:mung beans] | 3 tablespoons bagoong alamang => shrimp paste [51.0g, FDC local:shrimp paste] | 1 tablespoon whole peppercorn => peppercorn [8.0g, FDC local:corn] | 1 medium onion chopped => onion [110.0g, FDC local:onion] | 4 cloves garlic chopped => garlic [12.0g, FDC local:garlic] | 4 tablespoons cooking oil => cooking oil [54.4g, FDC local:cooking oil]"
ph_67,407,65.5,7.4,13.4,1.1,985,3.1,local_reference_ingredient_sum_draft,api_estimate,pending_review,"Draft only: summed local reference ingredient profiles and divided by source_servings=6. Reviewer must verify ingredient matches, edible yield, oil absorption, and serving size before marking reviewed.",draft_partial_match,5,1 lemon (no FDC match for lemon) | 2 1/2 tablespoons salt (no FDC match for salt) | 1/4 teaspoon ground black pepper (no FDC match for pepper) | 1 cup water (ignored seasoning/water) | 3/4 cups cooking oil (ignored frying oil reserve),"3 to 4 lbs. Tanigue Wahoo or Kingfish, sliced crosswise => tanigue wahoo or kingfish crosswise [1587.6g, FDC local:fish] | 3 medium onions sliced into rings => onions into rings [330.0g, FDC local:onion] | 6 tablespoons soy sauce => soy sauce [90.0g, FDC local:soy sauce] | 5 cloves garlic crushed => garlic [15.0g, FDC local:garlic] | 1 teaspoon granulated white sugar => granulated sugar [4.2g, FDC local:sugar]"
ph_68,1656,27.2,13.2,168.3,4.0,793,6.3,local_reference_ingredient_sum_draft,api_estimate,pending_review,"Draft only: summed local reference ingredient profiles and divided by source_servings=6. Reviewer must verify ingredient matches, edible yield, oil absorption, and serving size before marking reviewed.",draft_partial_match,7,4 Jalapeno peppers sliced (no FDC match for jalapeno peppers) | Salt and ground black pepper to taste (ignored seasoning/water),"3 lbs. Pork belly sliced into cubes => pork belly into cubes [1360.8g, FDC local:pork belly] | 3 to 4 tablespoons spicy bagoong alamang => spicy shrimp paste [59.5g, FDC local:shrimp paste] | 4 cups coconut milk => coconut milk [960.0g, FDC local:coconut milk] | 2 thumbs ginger julienne => ginger julienne [30.0g, FDC local:ginger] | 1 medium yellow onion chopped => onion [110.0g, FDC local:onion] | 5 cloves garlic minced => garlic [15.0g, FDC local:garlic] | 4 tablespoons cooking oil => cooking oil [54.4g, FDC local:cooking oil]"
ph_69,528,32.9,16.1,39.7,4.9,671,8.7,local_reference_ingredient_sum_draft,api_estimate,pending_review,"Draft only: summed local reference ingredient profiles and divided by source_servings=4. Reviewer must verify ingredient matches, edible yield, oil absorption, and serving size before marking reviewed.",draft_partial_match,11,1/2 lemon or 2 pieces calamansi (no FDC match for lemon or calamansi) | 1/4 cup chopped parsley (no FDC match for parsley) | 1 tablespoon curry powder (no FDC match for curry powder) | 1/2 teaspoon turmeric powder (no FDC match for turmeric powder) | 1/4 teaspoon ground black pepper (no FDC match for pepper) | 1/4 to 1/2 teaspoon cayenne pepper powder (no FDC match for cayenne pepper powder),"1 lb. shrimp deveined, head and shell removed => shrimp deveined and shell removed [453.6g, FDC local:shrimp] | 1 Knorr Shrimp Cube => knorr shrimp cube [20.0g, FDC local:shrimp] | 1 small red bell pepper chopped => bell pepper [120.0g, FDC local:bell pepper] | 1 small green bell pepper chopped => bell pepper [120.0g, FDC local:bell pepper] | 1 medium ripe tomato => tomato [120.0g, FDC local:tomato] | 2 cups coconut milk => coconut milk [480.0g, FDC local:coconut milk] | 1 thumb ginger minced => ginger [15.0g, FDC local:ginger] | 1 medium yellow onion minced => onion [110.0g, FDC local:onion] | 4 cloves garlic crushed and minced => garlic and [12.0g, FDC local:garlic] | 1 1/2 to 2 tablespoons pats fish sauce => pats fish sauce [26.2g, FDC local:fish sauce] | 3 tablespoons cooking oil => cooking oil [40.8g, FDC local:cooking oil]"
ph_70,708,20.1,18.8,64.4,4.5,76,7.3,local_reference_ingredient_sum_draft,api_estimate,pending_review,"Draft only: summed local reference ingredient profiles and divided by source_servings=3. Reviewer must verify ingredient matches, edible yield, oil absorption, and serving size before marking reviewed.",draft_partial_match,6,3/4 cup ampalaya leaves optional (no FDC match for ampalaya leaves) | 3 pieces long green chili pepper (no FDC match for chili pepper) | 4 thai chili chopped (no FDC match for thai chili) | 1 1/2 teaspoon salt (no FDC match for salt) | 1/2 teaspoon ground black pepper (no FDC match for pepper) | 1 cup water (ignored seasoning/water),"2 salmon heads cut into half and cleaned => salmon [200.0g, FDC local:salmon] | 3 thumbs ginger sliced => ginger [45.0g, FDC local:ginger] | 8 tablespoons coconut vinegar => coconut vinegar [120.0g, FDC local:vinegar] | 2 cups coconut cream => coconut cream [480.0g, FDC local:coconut cream] | 1 small red onion optional => onion [110.0g, FDC local:onion] | 5 cloves garlic crushed => garlic [15.0g, FDC local:garlic]"
ph_72,694,70.6,10.9,38.9,0.3,171,8.2,local_reference_ingredient_sum_draft,api_estimate,pending_review,"Draft only: summed local reference ingredient profiles and divided by source_servings=4. Reviewer must verify ingredient matches, edible yield, oil absorption, and serving size before marking reviewed.",draft_partial_match,7,1/2 cup lemongrass crushed and chopped (no FDC match for lemongrass and) | 1 teaspoon salt (ignored seasoning/water) | 1/2 cup margarine (no FDC match for margarine) | 1/2 teaspoons salt (no FDC match for salt),"2 lbs. boneless chicken breast sliced thinly => boneless chicken breast thinly [907.2g, FDC local:chicken] | 4 thumbs ginger crushed => ginger [60.0g, FDC local:ginger] | 5 tablespoons annatto oil => annatto oil [68.0g, FDC local:annatto oil] | 1/4 cup brown sugar => brown sugar [31.2g, FDC local:sugar] | 10 tablespoons coconut vinegar => coconut vinegar [150.0g, FDC local:vinegar] | 1/2 teaspoon crushed peppercorn => peppercorn [1.3g, FDC local:corn] | 4 tablespoons annatto oil => annatto oil [54.4g, FDC local:annatto oil]"
ph_73,1122,40.0,35.3,99.8,10.0,786,15.0,local_reference_ingredient_sum_draft,api_estimate,pending_review,"Draft only: summed local reference ingredient profiles and divided by source_servings=4. Reviewer must verify ingredient matches, edible yield, oil absorption, and serving size before marking reviewed.",draft_partial_match,9,15 pieces snake beans cut into 2 inch pieces (no FDC match for snake beans) | 3 pieces long green chili pepper optional (no FDC match for chili pepper) | 1/4 teaspoon ground black pepper (no FDC match for pepper),"1 lb. Shrimp washed and deveined => shrimp washed and deveined [453.6g, FDC local:shrimp] | 1 Knorr Shrimp Cube => knorr shrimp cube [20.0g, FDC local:shrimp] | 2 cups cubed kalabasa squash => squash squash [280.0g, FDC local:squash] | 4 cups coconut milk => coconut milk [960.0g, FDC local:coconut milk] | 2 cups coconut cream => coconut cream [480.0g, FDC local:coconut cream] | 1 medium yellow onion => onion [110.0g, FDC local:onion] | 2 thumbs ginger cut into strips => ginger [30.0g, FDC local:ginger] | 5 cloves garlic crushed => garlic [15.0g, FDC local:garlic] | 2 tablespoons fish sauce => fish sauce [30.0g, FDC local:fish sauce]"
ph_75,598,48.5,16.1,36.3,2.9,1180,4.4,local_reference_ingredient_sum_draft,api_estimate,pending_review,"Draft only: summed local reference ingredient profiles and divided by source_servings=4. Reviewer must verify ingredient matches, edible yield, oil absorption, and serving size before marking reviewed.",draft_partial_match,10,4 pieces dried bay leaves (ignored seasoning/water) | 1/2 lemon (no FDC match for lemon) | Salt and ground black pepper to taste (ignored seasoning/water),"1 1/2 lb. beef chuck cubed => beef chuck [680.4g, FDC local:beef] | 1 8 oz. can tomato sauce => . can tomato sauce [120.0g, FDC local:tomato] | 1 large baking potato cubed => baking potato [170.0g, FDC local:potato] | 1 lareg red bell pepper cut into squares => lareg bell pepper [120.0g, FDC local:bell pepper] | 1 medium ripe tomato cube => tomato cube [120.0g, FDC local:tomato] | 1 medium red onion chopped => onion [110.0g, FDC local:onion] | 4 cloves garlic chopped => garlic [12.0g, FDC local:garlic] | 4 tablespoons soy sauce => soy sauce [60.0g, FDC local:soy sauce] | 1 1/2 cups beef broth => beef broth [360.0g, FDC local:broth] | 3 tablespoons cooking oil => cooking oil [40.8g, FDC local:cooking oil]"
ph_76,1645,26.4,10.3,168.7,2.8,578,4.1,local_reference_ingredient_sum_draft,api_estimate,pending_review,"Draft only: summed local reference ingredient profiles and divided by source_servings=4. Reviewer must verify ingredient matches, edible yield, oil absorption, and serving size before marking reviewed.",draft_partial_match,7,3 pieces dried bay leaves (ignored seasoning/water) | 1 1/2 cup water (no FDC match for water) | Salt to taste (ignored seasoning/water),"2 lbs. pork belly cubed => pork belly [907.2g, FDC local:pork belly] | 1/4 cup soy sauce => soy sauce [35.0g, FDC local:soy sauce] | 1/4 cup white vinegar => vinegar [35.0g, FDC local:vinegar] | 6 cloves garlic crushed => garlic [18.0g, FDC local:garlic] | 2 cups coconut cream => coconut cream [480.0g, FDC local:coconut cream] | 2 teaspoons whole peppercorn => peppercorn [5.3g, FDC local:corn] | 2 tablespoons cooking oil optional => cooking oil [27.2g, FDC local:cooking oil]"
ph_77,743,63.7,17.0,44.9,3.2,1162,4.9,local_reference_ingredient_sum_draft,api_estimate,pending_review,"Draft only: summed local reference ingredient profiles and divided by source_servings=4. Reviewer must verify ingredient matches, edible yield, oil absorption, and serving size before marking reviewed.",draft_partial_match,11,2 ripe saba bananas sliced (no FDC match for saba bananas) | 14 ounces garbanzos (no FDC match for garbanzos) | 15 pieces long green beans (no FDC match for beans) | 1 Chinese sausage sliced (no FDC match for chinese sausage) | 1/4 teaspoon ground black pepper (no FDC match for pepper),"2 lbs. bulalo beef shank => bulalo beef shank [907.2g, FDC local:beef] | 1 large baking potato cubed => baking potato [170.0g, FDC local:potato] | 2 1/2 cups beef broth => beef broth [600.0g, FDC local:broth] | 8 oz. tomato sauce => tomato sauce [226.8g, FDC local:tomato] | 1 medium ripe tomato cubed => tomato [120.0g, FDC local:tomato] | 1 medium yellow onion chopped => onion [110.0g, FDC local:onion] | 5 cloves garlic crushed => garlic [15.0g, FDC local:garlic] | 1/2 head medium cabbage wedged => cabbage [50.0g, FDC local:cabbage] | 1 bunch baby bok choy => baby bok choy [150.0g, FDC local:bok choy] | 2 tablespoons fish sauce => fish sauce [30.0g, FDC local:fish sauce] | 3 tablespoons cooking oil => cooking oil [40.8g, FDC local:cooking oil]"
ph_79,435,9.3,14.5,39.5,5.2,676,4.5,local_reference_ingredient_sum_draft,api_estimate,pending_review,"Draft only: summed local reference ingredient profiles and divided by source_servings=6. Reviewer must verify ingredient matches, edible yield, oil absorption, and serving size before marking reviewed.",draft_partial_match,8,3/4 cup ampalaya leaves (no FDC match for ampalaya leaves) | 4 pieces Thai chili pepper optional (no FDC match for thai chili pepper) | 1/2 teaspoon ground black pepper (no FDC match for pepper) | 4 to 6 cups water (no FDC match for water),"7 ounces mung beans soaked in 4 cups water overnight => mung beans soaked in water overnight [198.4g, FDC local:mung beans] | 1 Knorr Pork Cube => pork bouillon [100.0g, FDC local:broth] | 1/2 lb pork belly sliced into thin small pieces => pork belly into thin [226.8g, FDC local:pork belly] | 2 cups coconut milk => coconut milk [480.0g, FDC local:coconut milk] | 1 bunch fresh spinach => spinach [150.0g, FDC local:spinach] | 1 medium white onion chopped => onion [110.0g, FDC local:onion] | 5 cloves garlic minced => garlic [15.0g, FDC local:garlic] | 3 tablespoons fish sauce => fish sauce [45.0g, FDC local:fish sauce]"
ph_80,919,99.3,6.1,52.4,0.2,2293,2.8,local_reference_ingredient_sum_draft,api_estimate,pending_review,"Draft only: summed local reference ingredient profiles and divided by source_servings=5. Reviewer must verify ingredient matches, edible yield, oil absorption, and serving size before marking reviewed.",draft_partial_match,8,3/4 cup water (ignored seasoning/water) | Salt to taste optional (ignored seasoning/water) | Marinade ingredients: (missing quantity),"2 lbs. chicken sliced into serving pieces => chicken into serving [907.2g, FDC local:chicken] | 4 boiled eggs => eggs [200.0g, FDC local:egg] | 5 bacon strips chopped => bacon strips [500.0g, FDC local:bacon] | 1 tablespoon brown sugar => brown sugar [12.5g, FDC local:sugar] | 5 cloves garlic crushed => garlic [15.0g, FDC local:garlic] | 1/4 cup soy sauce => soy sauce [35.0g, FDC local:soy sauce] | 1/2 cup white vinegar => vinegar [70.0g, FDC local:vinegar] | 1 tablespoon whole peppercorn => peppercorn [8.0g, FDC local:corn]"
ph_81,153,8.4,4.8,11.6,0.9,49,2.0,local_reference_ingredient_sum_draft,api_estimate,pending_review,"Draft only: summed local reference ingredient profiles and divided by source_servings=4. Reviewer must verify ingredient matches, edible yield, oil absorption, and serving size before marking reviewed.",draft_partial_match,7,1 small ampalaya cored and sliced (no FDC match for ampalaya cored and) | 1/4 teaspoon salt (no FDC match for salt) | 1/4 teaspoon ground black pepper (no FDC match for pepper),"1 medium tomato chopped => tomato [120.0g, FDC local:tomato] | 1 small yellow onion chopped => onion [110.0g, FDC local:onion] | 3 cloves garlic crushed => garlic [9.0g, FDC local:garlic] | 1 egg => egg [50.0g, FDC local:egg] | 5 pieces medium shrimp shell removed => shrimp shell removed [100.0g, FDC local:shrimp] | 1/2 teaspoon garlic powder => garlic powder [1.3g, FDC local:garlic] | 3 tablespoons cooking oil => cooking oil [40.8g, FDC local:cooking oil]"
ph_82,565,48.6,7.9,36.4,1.0,1460,1.8,local_reference_ingredient_sum_draft,api_estimate,pending_review,"Draft only: summed local reference ingredient profiles and divided by source_servings=4. Reviewer must verify ingredient matches, edible yield, oil absorption, and serving size before marking reviewed.",draft_partial_match,8,5 cups water (ignored seasoning/water) | 1 small green papaya wedged (no FDC match for papaya) | 5 pieces long green chili pepper optional (no FDC match for chili pepper) | 1/4 teaspoon ground black pepper (no FDC match for pepper),"1 1/2 lb. beef chuck paypay, cubed => beef chuck paypay [680.4g, FDC local:beef] | 3 cups beef broth => beef broth [720.0g, FDC local:broth] | 2 cups spinach or malunggay leaves => spinach or moringa leaves leaves [60.0g, FDC local:moringa leaves] | 1 medium yellow onion => onion [110.0g, FDC local:onion] | 3 cloves garlic chopped => garlic [9.0g, FDC local:garlic] | 3 thumbs ginger cut into strips => ginger [45.0g, FDC local:ginger] | 3 tablespoons fish sauce patis => fish sauce patis [45.0g, FDC local:fish sauce] | 3 tablespoons cooking oil => cooking oil [40.8g, FDC local:cooking oil]"
ph_83,370,32.4,16.7,19.6,3.1,944,4.3,local_reference_ingredient_sum_draft,api_estimate,pending_review,"Draft only: summed local reference ingredient profiles and divided by source_servings=4. Reviewer must verify ingredient matches, edible yield, oil absorption, and serving size before marking reviewed.",draft_partial_match,12,1 1/2 cup sliced green beans Baguio beans (no FDC match for beans baguio beans) | 1/2 cup chopped parsley (no FDC match for parsley) | 1/4 teaspoon ground black pepper (no FDC match for pepper),"2 ounces pancit canton => pancit canton [56.7g, FDC local:noodles] | 2 ounces pancit bihon => pancit bihon [56.7g, FDC local:noodles] | 1 Knorr Shrimp Cube => knorr shrimp cube [20.0g, FDC local:shrimp] | 8 to 10 pieces medium shrimp peeled and deveined => shrimp and deveined [180.0g, FDC local:shrimp] | 4 ounces pork shoulder sliced into small pieces => pork shoulder into [113.4g, FDC local:pork] | 4 ounces boiled and shredded chicken breast => and shredded chicken breast [113.4g, FDC local:chicken] | 2 cups chopped cabbage => cabbage [280.0g, FDC local:cabbage] | 1 medium carrot julienne => carrot julienne [60.0g, FDC local:carrot] | 4 tablespoons soy sauce => soy sauce [60.0g, FDC local:soy sauce] | 1 medium yellow or white onion sliced => or onion [110.0g, FDC local:onion] | 3 cloves garlic crushed => garlic [9.0g, FDC local:garlic] | 4 tablespoons cooking oil => cooking oil [54.4g, FDC local:cooking oil]"
ph_84,856,84.3,18.8,46.9,5.5,1138,8.4,local_reference_ingredient_sum_draft,api_estimate,pending_review,"Draft only: summed local reference ingredient profiles and divided by source_servings=4. Reviewer must verify ingredient matches, edible yield, oil absorption, and serving size before marking reviewed.",draft_partial_match,7,15 to 18 pieces green beans (no FDC match for beans) | 8 cups water (ignored seasoning/water),"2 1/2 lbs. beef shank bulalo => beef shank bulalo [1134.0g, FDC local:beef] | 1 Knorr beef cube => knorr beef cube [100.0g, FDC local:beef] | 6 to 8 leaves Napa cabbage => leaves napa cabbage [700.0g, FDC local:cabbage] | 1 sweet corn cut into 5 small pieces => sweet corn [100.0g, FDC local:corn] | 1 medium yellow onion wedged => onion [110.0g, FDC local:onion] | 1 tablespoon whole peppercorn => peppercorn [8.0g, FDC local:corn] | 3 tablespoons fish sauce patis => fish sauce patis [45.0g, FDC local:fish sauce]"
ph_85,1676,25.1,21.0,171.0,6.8,1012,9.8,local_reference_ingredient_sum_draft,api_estimate,pending_review,"Draft only: summed local reference ingredient profiles and divided by source_servings=4. Reviewer must verify ingredient matches, edible yield, oil absorption, and serving size before marking reviewed.",draft_partial_match,9,10 to 12 pieces Thai chili pepper (no FDC match for thai chili pepper) | 1/4 teaspoon ground black pepper (no FDC match for pepper),"1 1/2 lb. Pork belly cut into cubes => pork belly [680.4g, FDC local:pork belly] | 1 bunch fresh spinach => spinach [150.0g, FDC local:spinach] | 2 cups coconut milk gata => coconut milk gata [480.0g, FDC local:coconut milk] | 2 cups coconut cream kakang gata => coconut cream kakang gata [480.0g, FDC local:coconut cream] | 1 medium yellow onion chopped => onion [110.0g, FDC local:onion] | 3 cloves garlic crushed and chopped => garlic and [9.0g, FDC local:garlic] | 2 thumbs ginger sliced into thin strips => ginger into thin strips [30.0g, FDC local:ginger] | 3 tablespoons cooking oil => cooking oil [40.8g, FDC local:cooking oil] | 3 tablespoons fish sauce patis => fish sauce patis [45.0g, FDC local:fish sauce]"
ph_86,249,17.4,16.0,13.7,1.4,2126,2.3,local_reference_ingredient_sum_draft,api_estimate,pending_review,"Draft only: summed local reference ingredient profiles and divided by source_servings=4. Reviewer must verify ingredient matches, edible yield, oil absorption, and serving size before marking reviewed.",draft_partial_match,10,1/8 teaspoon ground black pepper (no FDC match for pepper),"2.6 ounces 75 grams sotanghon noodles => sotanghon noodles [73.7g, FDC local:noodles] | 1 small opo squash upo, peeled and sliced => opo squash upo and [100.0g, FDC local:squash] | 8 cups chicken broth => chicken broth [1920.0g, FDC local:broth] | 3/4 cup small shrimp => shrimp [105.0g, FDC local:shrimp] | 2 ounces chopped pork => pork [56.7g, FDC local:pork] | 1 medium yellow onion chopped => onion [110.0g, FDC local:onion] | 4 cloves garlic crushed => garlic [12.0g, FDC local:garlic] | 3 tablespoons deep fried garlic toasted garlic => deep fried garlic garlic [24.0g, FDC local:garlic] | 3 tablespoons cooking oil => cooking oil [40.8g, FDC local:cooking oil] | 3 tablespoons fish sauce patis => fish sauce patis [45.0g, FDC local:fish sauce]"
ph_87,1075,75.4,142.9,18.9,3.2,1036,2.7,local_reference_ingredient_sum_draft,api_estimate,pending_review,"Draft only: summed local reference ingredient profiles and divided by source_servings=4. Reviewer must verify ingredient matches, edible yield, oil absorption, and serving size before marking reviewed.",draft_partial_match,10,3/4 cups hot pepper leaves (no FDC match for hot pepper leaves) | 2 long green chili pepper siling pansigang (no FDC match for chili pepper siling pansigang) | 1/4 teaspoon ground black pepper (no FDC match for pepper),"1 1/2 lbs. chicken cut into serving pieces => chicken [680.4g, FDC local:chicken] | 1 Knorr Chicken cube => knorr chicken cube [100.0g, FDC local:chicken] | 1 small opo squash upo, peeled and sliced into huge chunks => opo squash upo and into huge chunks [100.0g, FDC local:squash] | 3/4 cups malunggay leaves => moringa leaves leaves [22.5g, FDC local:moringa leaves] | 2 thumbs ginger sliced into thin strips => ginger into thin strips [30.0g, FDC local:ginger] | 1 medium yellow onion minced => onion [110.0g, FDC local:onion] | 3 cloves garlic minced => garlic [9.0g, FDC local:garlic] | 3 tablespoons fish sauce => fish sauce [45.0g, FDC local:fish sauce] | 8 cups rice washing water used to rinse rice => rice washing water used to rinse rice [1920.0g, FDC local:rice] | 3 tablespoons cooking oil => cooking oil [40.8g, FDC local:cooking oil]"
ph_88,568,30.0,30.8,36.3,2.1,852,2.6,local_reference_ingredient_sum_draft,api_estimate,pending_review,"Draft only: summed local reference ingredient profiles and divided by source_servings=5. Reviewer must verify ingredient matches, edible yield, oil absorption, and serving size before marking reviewed.",draft_partial_match,14,8 to 10 cups water for boiling (ignored frying oil reserve) | 6 pieces calamansi or 4 pieces lime (no FDC match for calamansi or lime) | 1 cup water (ignored seasoning/water) | 1/4 teaspoon ground black pepper (no FDC match for pepper) | 1 cup adobong pusit (no FDC match for adobong pusit) | 1/2 cup steamed oysters talaba (no FDC match for oysters talaba),"1 lb. thick rice noodles => thick rice noodles [453.6g, FDC local:noodles] | 1 head garlic crushed and toasted => garlic and [50.0g, FDC local:garlic] | 1 Knorr shrimp cube => knorr shrimp cube [20.0g, FDC local:shrimp] | 1/4 cup annatto oil atsuete oil => annatto oil atsuete oil [54.5g, FDC local:annatto oil] | 6 ounces boiled pork belly sliced into small pieces => pork belly into [170.1g, FDC local:pork belly] | 4 tablespoons tinapa fish flakes => tinapa fish flakes [32.0g, FDC local:fish] | 1/2 cup crushed pork rinds chicharon => pork rinds chicharon [70.0g, FDC local:pork] | 1 medium yellow onion minced => onion [110.0g, FDC local:onion] | 4 cloves garlic minced => garlic [12.0g, FDC local:garlic] | 3 tablespoons fish sauce => fish sauce [45.0g, FDC local:fish sauce] | 10 to 12 pieces steamed large shrimp without shell and head => shrimp without shell and [220.0g, FDC local:shrimp] | 1 cup sliced Napa cabbage pechay Baguio, boiled for 30 seconds => napa cabbage bok choy baguio for seconds [140.0g, FDC local:bok choy] | 1/4 cup chopped scallions dahon ng sibuyas => scallions dahon ng onion [35.0g, FDC local:onion] | 3 boiled eggs halved and sliced into thin pieces => eggs halved and into thin [150.0g, FDC local:egg]"
ph_89,585,46.5,68.2,14.3,19.2,865,21.8,local_reference_ingredient_sum_draft,api_estimate,pending_review,"Draft only: summed local reference ingredient profiles and divided by source_servings=4. Reviewer must verify ingredient matches, edible yield, oil absorption, and serving size before marking reviewed.",draft_partial_match,12,1 Chinese sausage chopped (no FDC match for chinese sausage) | 1/4 cup chopped parsley (no FDC match for parsley) | 1/2 teaspoon ground black pepper (no FDC match for pepper),"8 ounces 227 grams pancit canton (flour noodles) => pancit canton [226.8g, FDC local:noodles] | 1 Knorr shrimp cube => knorr shrimp cube [20.0g, FDC local:shrimp] | 1/2 head small cabbage sliced into small pieces => cabbage into [50.0g, FDC local:cabbage] | 10 to 12 pieces medium shrimp shell and head removed => shrimp shell and removed [220.0g, FDC local:shrimp] | 4 ounces chicken boiled and shredded => chicken and shredded [113.4g, FDC local:chicken] | 12 to 15 pieces snow peas => snow green peas [1350.0g, FDC local:green peas] | 1 medium carrot julienne => carrot julienne [60.0g, FDC local:carrot] | 1/4 cup soy sauce => soy sauce [35.0g, FDC local:soy sauce] | 1 medium yellow onion sliced => onion [110.0g, FDC local:onion] | 4 cloves garlic minced => garlic [12.0g, FDC local:garlic] | 1 1/2 to 2 cups water or beef broth => water or beef broth [420.0g, FDC local:broth] | 3 tablespoons cooking oil => cooking oil [40.8g, FDC local:cooking oil]"
ph_90,136,3.9,7.0,10.7,0.7,1482,2.4,local_reference_ingredient_sum_draft,api_estimate,pending_review,"Draft only: summed local reference ingredient profiles and divided by source_servings=4. Reviewer must verify ingredient matches, edible yield, oil absorption, and serving size before marking reviewed.",draft_partial_match,8,1 1/2 lbs. lechon belly (no FDC match for lechon belly) | 5 to 6 pieces dried bay leaves (no FDC match for dried bay leaves),"5 tablespoons soy sauce => soy sauce [75.0g, FDC local:soy sauce] | 3 cups beef broth => beef broth [720.0g, FDC local:broth] | 1/4 cup white vinegar => vinegar [35.0g, FDC local:vinegar] | 1 medium onion chopped => onion [110.0g, FDC local:onion] | 4 to 5 cloves garlic crushed => garlic [13.5g, FDC local:garlic] | 1 tablespoon whole peppercorn => peppercorn [8.0g, FDC local:corn] | 1 teaspoon granulated white sugar => granulated sugar [4.2g, FDC local:sugar] | 3 tablespoons cooking oil => cooking oil [40.8g, FDC local:cooking oil]"
ph_91,790,17.1,16.6,77.4,4.5,948,7.2,local_reference_ingredient_sum_draft,api_estimate,pending_review,"Draft only: summed local reference ingredient profiles and divided by source_servings=4. Reviewer must verify ingredient matches, edible yield, oil absorption, and serving size before marking reviewed.",draft_partial_match,6,4 pieces santol peeled and seeds removed (no FDC match for santol and seeds removed) | 2 pieces long green pepper siling pansigang sliced crosswise (no FDC match for pepper siling pansigang crosswise) | 5 pieces Thai chili or siling labuyo (no FDC match for thai chili or siling labuyo),"1/4 lb. ground pork => pork [113.4g, FDC local:pork] | 3 cups coconut cream => coconut cream [720.0g, FDC local:coconut cream] | 3 tablespoons shrimp paste => shrimp paste [51.0g, FDC local:shrimp paste] | 1 medium red onion minced => onion [110.0g, FDC local:onion] | 3 cloves garlic crushed => garlic [9.0g, FDC local:garlic] | 3 tablespoons cooking oil => cooking oil [40.8g, FDC local:cooking oil]"
ph_92,1770,31.9,1.8,180.3,0.3,110,0.6,local_reference_ingredient_sum_draft,api_estimate,pending_review,"Draft only: summed local reference ingredient profiles and divided by source_servings=8. Reviewer must verify ingredient matches, edible yield, oil absorption, and serving size before marking reviewed.",draft_partial_match,3,1 large bunch lemongrass pounded (no FDC match for lemongrass) | 1 large bunch scallions (no FDC match for scallions) | 1 tablespoon salt (ignored seasoning/water) | 1 teaspoon ground black pepper (no FDC match for pepper) | 7 pieces star anise (no FDC match for star anise) | 1 pint water (no FDC match for pint water),"6 lbs. whole slab boneless pork belly => slab boneless pork belly [2721.6g, FDC local:pork belly] | 1 1/2 tablespoon garlic powder => garlic powder [12.0g, FDC local:garlic] | 1 medium red onion wedged => onion [110.0g, FDC local:onion]"
ph_93,1992,7.1,1.9,221.1,0.1,16,0.1,local_reference_ingredient_sum_draft,api_estimate,pending_review,"Draft only: summed local reference ingredient profiles and divided by source_servings=4. Reviewer must verify ingredient matches, edible yield, oil absorption, and serving size before marking reviewed.",draft_partial_match,4,4 tablespoons Knorr Liquid Seasoning (no FDC match for knorr liquid seasoning) | 1/2 cup Shaoxing cooking wine optional (no FDC match for shaoxing cooking wine) | 8 pieces dried bay leaves (ignored seasoning/water) | 2 quarts water (ignored seasoning/water),"1 4lb. Pig leg => 4lb. pork [100.0g, FDC local:pork] | 1 tablespoon whole peppercorn => peppercorn [8.0g, FDC local:corn] | 6 cloves garlic crushed => garlic [18.0g, FDC local:garlic] | 1 quart cooking oil => cooking oil [870.0g, FDC local:cooking oil]"
ph_95,1084,100.8,15.0,65.5,2.5,1851,3.6,local_reference_ingredient_sum_draft,api_estimate,pending_review,"Draft only: summed local reference ingredient profiles and divided by source_servings=4. Reviewer must verify ingredient matches, edible yield, oil absorption, and serving size before marking reviewed.",draft_partial_match,11,"12 to 15 pieces long green beans Baguio beans (no FDC match for beans baguio beans) | 1 ripe plantain or saba, sliced (no FDC match for plantain or saba) | 1 15 oz. can chickpeas (garbanzos) (no FDC match for . can chickpeas) | 1/4 teaspoon ground black pepper (no FDC match for pepper)","3 lbs. beef chuck cubed => beef chuck [1360.8g, FDC local:beef] | 1 Chorizo de Bilbao sliced crosswise into smaller pieces => pork de bilbao crosswise into smaller [100.0g, FDC local:pork] | 1 14.5 oz. can diced tomato => . can tomato [120.0g, FDC local:tomato] | 1 large baking potato cubed => baking potato [170.0g, FDC local:potato] | 1 bunch baby bok choy => baby bok choy [150.0g, FDC local:bok choy] | 1/2 head small cabbage => cabbage [50.0g, FDC local:cabbage] | 4 to 5 cups beef broth => beef broth [1080.0g, FDC local:broth] | 3 cloves garlic minced => garlic [9.0g, FDC local:garlic] | 1 medium yellow onion minced => onion [110.0g, FDC local:onion] | 3 tablespoons fish sauce => fish sauce [45.0g, FDC local:fish sauce] | 3 tablespoons cooking oil => cooking oil [40.8g, FDC local:cooking oil]"
ph_96,193,2.9,22.8,10.6,1.1,790,18.1,local_reference_ingredient_sum_draft,api_estimate,pending_review,"Draft only: summed local reference ingredient profiles and divided by source_servings=4. Reviewer must verify ingredient matches, edible yield, oil absorption, and serving size before marking reviewed.",draft_partial_match,8,1 1/2 lb. lechon kawaii sliced (no FDC match for lechon kawaii) | 1 1/2 cups lechon sauce (no FDC match for lechon sauce) | 6 pieces dried bay leaves (ignored seasoning/water) | Salt to taste (ignored seasoning/water),"2 1/2 cups beef broth => beef broth [600.0g, FDC local:broth] | 3 cloves garlic minced => garlic [9.0g, FDC local:garlic] | 2 medium onion diced => onion [220.0g, FDC local:onion] | 1/2 cup granulated white sugar => granulated sugar [62.5g, FDC local:sugar] | 1 teaspoon whole peppercorn => peppercorn [2.7g, FDC local:corn] | 2 tablespoons soy sauce => soy sauce [30.0g, FDC local:soy sauce] | 1/4 cup white vinegar => vinegar [35.0g, FDC local:vinegar] | 3 tablespoons cooking oil => cooking oil [40.8g, FDC local:cooking oil]"
ph_97,335,25.8,26.3,15.1,4.6,1123,6.9,local_reference_ingredient_sum_draft,api_estimate,pending_review,"Draft only: summed local reference ingredient profiles and divided by source_servings=3. Reviewer must verify ingredient matches, edible yield, oil absorption, and serving size before marking reviewed.",draft_partial_match,9,1 piece Chinese sausage minced (no FDC match for chinese sausage) | 1/4 cup minced parsley (no FDC match for parsley) | 1/4 cup chopped scallions (no FDC match for scallions) | 1 tablespoon paprika (no FDC match for paprika) | 1/4 teaspoon ground black pepper (no FDC match for pepper) | 1 1/2 cups water (no FDC match for water),"5 ounces Sotanghon noodles => sotanghon noodles [141.7g, FDC local:noodles] | 1 Knorr Shrimp Cube => knorr shrimp cube [20.0g, FDC local:shrimp] | 12 pieces shrimp => shrimp [240.0g, FDC local:shrimp] | 5 cloves garlic crushed => garlic [15.0g, FDC local:garlic] | 2 cups chopped cabbage => cabbage [280.0g, FDC local:cabbage] | 3/4 cup carrot julienne => carrot julienne [105.0g, FDC local:carrot] | 2 1/2 tablespoons fish sauce => fish sauce [37.5g, FDC local:fish sauce] | 1 small yellow onion sliced => onion [110.0g, FDC local:onion] | 3 tablespoons cooking oil => cooking oil [40.8g, FDC local:cooking oil]"
ph_98,533,53.1,12.6,29.7,2.9,332,6.0,local_reference_ingredient_sum_draft,api_estimate,pending_review,"Draft only: summed local reference ingredient profiles and divided by source_servings=4. Reviewer must verify ingredient matches, edible yield, oil absorption, and serving size before marking reviewed.",draft_partial_match,14,2 cups chopped cauliflower (no FDC match for cauliflower) | 2 1/2 tablespoons oyster sauce (no FDC match for oyster sauce) | 2 cups water (ignored seasoning/water) | Salt and ground black pepper to taste (ignored seasoning/water),"1 small head cabbage chopped => cabbage [100.0g, FDC local:cabbage] | 1 Knorr Shrimp Cube => knorr shrimp cube [20.0g, FDC local:shrimp] | 1 small red bell pepper sliced into squares => bell pepper into squares [120.0g, FDC local:bell pepper] | 1 small green bell pepper sliced into squares => bell pepper into squares [120.0g, FDC local:bell pepper] | 12 boiled quail eggs => quail eggs [600.0g, FDC local:egg] | 6 to 10 pieces shrimp head and shell removed => shrimp and shell removed [160.0g, FDC local:shrimp] | 3 ounces chicken liver sliced => chicken liver [85.0g, FDC local:chicken] | 4 ounces sliced chicken breast => chicken breast [113.4g, FDC local:chicken] | 3 ounces pork shoulder sliced => pork shoulder [85.0g, FDC local:pork] | 1 medium carrot sliced => carrot [60.0g, FDC local:carrot] | 1 medium yellow onion sliced => onion [110.0g, FDC local:onion] | 4 cloves garlic crushed and sliced into small pieces => garlic and into [12.0g, FDC local:garlic] | 2 tablespoons cornstarch diluted in 4 tablespoons water => cornstarch diluted in water [16.0g, FDC local:corn] | 3 tablespoons cooking oil => cooking oil [40.8g, FDC local:cooking oil]"
ph_99,565,33.1,22.3,38.1,1.5,812,1.5,local_reference_ingredient_sum_draft,api_estimate,pending_review,"Draft only: summed local reference ingredient profiles and divided by source_servings=6. Reviewer must verify ingredient matches, edible yield, oil absorption, and serving size before marking reviewed.",draft_partial_match,12,2 to 3 quarts water for soaking the noodles (unsupported unit quart) | 3 1/2 cups water (no FDC match for water) | 1/4 teaspoon ground black pepper (no FDC match for pepper) | 1/2 cup chopped scallions (no FDC match for scallions),"12 ounces palabok noodles cornstarch sticks => palabok noodles cornstarch sticks [340.2g, FDC local:noodles] | 1 Knorr Shrimp Cube => knorr shrimp cube [20.0g, FDC local:shrimp] | 8 ounces pork shoulder sliced into small pieces => pork shoulder into [226.8g, FDC local:pork] | 1/2 cup tinapa flakes smoked fish flakes => tinapa flakes smoked fish flakes [70.0g, FDC local:fish] | 6 tablespoons all-purpose flour => all-purpose flour [48.0g, FDC local:flour] | 1/2 cup annatto water => annatto water [120.0g, FDC local:annatto oil] | 3 1/2 tablespoons fish sauce => fish sauce [52.5g, FDC local:fish sauce] | 3 tablespoons cooking oil => cooking oil [40.8g, FDC local:cooking oil] | 10 to 12 pieces shrimp deveined, shell and head removed => shrimp deveined shell and removed [220.0g, FDC local:shrimp] | 1 cup Napa cabbage sliced into small squares => napa cabbage into squares [140.0g, FDC local:cabbage] | 3 boiled eggs sliced into quarters => eggs into quarters [150.0g, FDC local:egg] | 1/2 cup crushed chicharon pork rinds => chicharon pork rinds [70.0g, FDC local:pork]"
ph_101,298,24.7,14.2,16.1,1.9,679,2.8,local_reference_ingredient_sum_draft,api_estimate,pending_review,"Draft only: summed local reference ingredient profiles and divided by source_servings=4. Reviewer must verify ingredient matches, edible yield, oil absorption, and serving size before marking reviewed.",draft_partial_match,8,2 33g packs Knorr Ginataang Gulay Recipe Mix (no FDC match for 33g packs knorr ginataang gulay recipe mix) | 10 to 12 pieces Thai chili (no FDC match for thai chili) | 4 1/2 cups water (no FDC match for water),"2 ounces 60 grams dried taro leaves (dahon ng gabi), chopped => dried taro leaves [56.7g, FDC local:taro] | 5 ounces pork shoulder chasm, sliced into thin small pieces => pork shoulder chasm into thin [141.7g, FDC local:pork] | 10 pieces medium shrimp cleaned => shrimp [200.0g, FDC local:shrimp] | 2 tablespoons shrimp paste bagoong alamang => shrimp paste shrimp paste [34.0g, FDC local:shrimp paste] | 4 thumbs ginger sliced => ginger [60.0g, FDC local:ginger] | 2 medium onions sliced => onions [220.0g, FDC local:onion] | 7 cloves garlic crushed => garlic [21.0g, FDC local:garlic] | 3 tablespoons cooking oil => cooking oil [40.8g, FDC local:cooking oil]"
ph_102,336,37.2,5.6,17.2,1.0,67,2.3,local_reference_ingredient_sum_draft,api_estimate,pending_review,"Draft only: summed local reference ingredient profiles and divided by source_servings=2. Reviewer must verify ingredient matches, edible yield, oil absorption, and serving size before marking reviewed.",draft_partial_match,5,2 pieces long green pepper chopped (no FDC match for pepper) | 4 Thai chili chopped (no FDC match for thai chili) | 3 tablespoons Knorr Liquid Seasoning (no FDC match for knorr liquid seasoning) | 1/4 teaspoon salt (no FDC match for salt) | 1/4 teaspoon ground black pepper (no FDC match for pepper) | 3 tablespoons butter (no FDC match for butter),"8 ounces tuna steak sliced into small cubes => tuna steak into cubes [226.8g, FDC local:tuna] | 2 tablespoons Lady's Choice Mayonnaise => lady s choice cooking oil [27.2g, FDC local:cooking oil] | 1/4 cup pork chicharon cut into small pieces => pork chicharon [35.0g, FDC local:pork] | 1 medium red onion chopped into small pieces => onion into [110.0g, FDC local:onion] | 1 teaspoon garlic powder => garlic powder [2.7g, FDC local:garlic]"
ph_103,485,71.4,4.2,18.4,0.5,1053,1.6,local_reference_ingredient_sum_draft,api_estimate,pending_review,"Draft only: summed local reference ingredient profiles and divided by source_servings=4. Reviewer must verify ingredient matches, edible yield, oil absorption, and serving size before marking reviewed.",draft_partial_match,6,1 20g pack Knorr Ginataang Gulay mix (no FDC match for 20g pack knorr ginataang gulay mix) | 1 cup hot pepper leaves dahon ng sili (no FDC match for hot pepper leaves dahon ng sili) | 1/2 cup sliced turmeric luyang dilaw (no FDC match for turmeric luyang dilaw) | 5 pieces Thai chili optional (no FDC match for thai chili) | 2 1/2 cups water (no FDC match for water),"2 lbs. chicken thigh cut into serving pieces => chicken thigh [907.2g, FDC local:chicken] | 1 medium yellow onion diced => onion [110.0g, FDC local:onion] | 5 cloves garlic crushed => garlic [15.0g, FDC local:garlic] | 1/8 teaspoon crushed peppercorn => peppercorn [0.3g, FDC local:corn] | 3 tablespoons fish sauce => fish sauce [45.0g, FDC local:fish sauce] | 3 tablespoons cooking oil => cooking oil [40.8g, FDC local:cooking oil]"
ph_105,444,79.3,6.0,9.2,0.8,1073,1.8,local_reference_ingredient_sum_draft,api_estimate,pending_review,"Draft only: summed local reference ingredient profiles and divided by source_servings=4. Reviewer must verify ingredient matches, edible yield, oil absorption, and serving size before marking reviewed.",draft_partial_match,6,"3/4 cups tamarind flower buds or tamarind leaves (no FDC match for tamarind flower buds or tamarind leaves) | 4 pieces long green pepper siding pansigang (no FDC match for pepper siding pansigang) | 1 20 g. Knorr Sinigang sa Sampaloc Mix, original (no FDC match for . knorr sinigang sa sampaloc mix original) | 6 cups water (ignored seasoning/water)","2 lbs. chicken cut into serving pieces => chicken [907.2g, FDC local:chicken] | 1 large red onion => onion [110.0g, FDC local:onion] | 3 thumbs ginger sliced => ginger [45.0g, FDC local:ginger] | 4 cloves garlic crushed => garlic [12.0g, FDC local:garlic] | 1 Knorr Chicken Cube => knorr chicken cube [100.0g, FDC local:chicken] | 3 tablespoons fish sauce => fish sauce [45.0g, FDC local:fish sauce]"
ph_106,1763,25.3,0.0,184.2,0.0,87,0.0,local_reference_ingredient_sum_draft,api_estimate,pending_review,"Draft only: summed local reference ingredient profiles and divided by source_servings=5. Reviewer must verify ingredient matches, edible yield, oil absorption, and serving size before marking reviewed.",draft_partial_match,2,5 pieces dried bay leaves (ignored seasoning/water) | 1 1/2 tablespoons whole pepperorn (no FDC match for pepperorn) | 3 pints water (no FDC match for pints water) | 1 tablespoon salt (ignored seasoning/water),"3 lbs. pork belly => pork belly [1360.8g, FDC local:pork belly] | 2 pints cooking oil => pints cooking oil [200.0g, FDC local:cooking oil]"
ph_107,857,19.9,6.5,83.0,1.0,604,3.0,local_reference_ingredient_sum_draft,api_estimate,pending_review,"Draft only: summed local reference ingredient profiles and divided by source_servings=3. Reviewer must verify ingredient matches, edible yield, oil absorption, and serving size before marking reviewed.",draft_partial_match,7,Spiced Vinegar (missing quantity) | 4 pieces chili peppers (no FDC match for chili peppers) | A dash of ground black pepper (no FDC match for dash of pepper),"1 lb. grilled liempo chopped => grilled liempo [453.6g, FDC local:pork belly] | 6 ounces deep fried extra firm tofu cubed => deep fried extra tofu [170.1g, FDC local:tofu] | 3/4 cup white vinegar => vinegar [105.0g, FDC local:vinegar] | 1 small red onion sliced => onion [110.0g, FDC local:onion] | 2 tablespoons chopped green onions => onions [16.0g, FDC local:onion] | 1/2 teaspoon granulated white sugar => granulated sugar [2.1g, FDC local:sugar] | 2 tablespoons soy sauce => soy sauce [30.0g, FDC local:soy sauce]"
ph_108,189,13.4,13.3,9.4,1.2,1117,8.8,local_reference_ingredient_sum_draft,api_estimate,pending_review,"Draft only: summed local reference ingredient profiles and divided by source_servings=5. Reviewer must verify ingredient matches, edible yield, oil absorption, and serving size before marking reviewed.",draft_partial_match,8,2 33g packs Knorr Ginataang Gulay Recipe Mix (no FDC match for 33g packs knorr ginataang gulay recipe mix) | 2 1/2 cups water (no FDC match for water) | 3 pieces chili pepper optional (no FDC match for chili pepper),"3 pieces blue crabs cut in half => blue crabs cut in half [300.0g, FDC local:crab] | 2 20 oz. cans unripe jackfruit, chopped => . cans unripe jackfruit [200.0g, FDC local:jackfruit] | 1 cup malunggay leaves => moringa leaves leaves [30.0g, FDC local:moringa leaves] | 2 tablespoons fish sauce => fish sauce [30.0g, FDC local:fish sauce] | 4 cloves garlic crushed => garlic [12.0g, FDC local:garlic] | 1 small yellow onion chopped => onion [110.0g, FDC local:onion] | 1 thumb ginger sliced into thin strips => ginger into thin strips [15.0g, FDC local:ginger] | 3 tablespoons cooking oil => cooking oil [40.8g, FDC local:cooking oil]"
ph_109,153,6.5,16.8,7.2,5.9,597,3.4,local_reference_ingredient_sum_draft,api_estimate,pending_review,"Draft only: summed local reference ingredient profiles and divided by source_servings=6. Reviewer must verify ingredient matches, edible yield, oil absorption, and serving size before marking reviewed.",draft_partial_match,7,3/4 cup tinapa flakes (no FDC match for tinapa flakes) | 1 1/2 cups ampalaya leaves (no FDC match for ampalaya leaves) | 8 pieces Thai chili (no FDC match for thai chili) | 8 to 10 cups water (no FDC match for water) | 1/4 teaspoons ground black pepper (no FDC match for pepper),"14 ounces monggo => mung beans [396.9g, FDC local:mung beans] | 1 Knorr Shrimp Cube => knorr shrimp cube [20.0g, FDC local:shrimp] | 2 medium tomato cubed => tomato [240.0g, FDC local:tomato] | 1 medium onion chopped => onion [110.0g, FDC local:onion] | 4 cloves garlic crushed => garlic [12.0g, FDC local:garlic] | 3 tablespoons fish sauce patis => fish sauce patis [45.0g, FDC local:fish sauce] | 3 tablespoons cooking oil => cooking oil [40.8g, FDC local:cooking oil]"
ph_110,539,55.8,31.2,21.4,4.6,1791,6.4,local_reference_ingredient_sum_draft,api_estimate,pending_review,"Draft only: summed local reference ingredient profiles and divided by source_servings=5. Reviewer must verify ingredient matches, edible yield, oil absorption, and serving size before marking reviewed.",draft_partial_match,15,1 teaspoon sesame oil (no FDC match for sesame oil) | 3 1/2 tablespoons oyster sauce (no FDC match for oyster sauce),"8 ounces pancit canton flour stick noodles => pancit canton flour stick noodles [226.8g, FDC local:noodles] | 1/2 cup soy sauce => soy sauce [70.0g, FDC local:soy sauce] | 1 medium onion sliced => onion [110.0g, FDC local:onion] | 2 cups chicken broth => chicken broth [480.0g, FDC local:broth] | 3 tablespoons cooking oil => cooking oil [40.8g, FDC local:cooking oil] | 4 medium squid sliced crosswise => squid crosswise [400.0g, FDC local:squid] | 12 pieces shrimp cleaned, deveined, and shell removed => shrimp deveined and shell removed [240.0g, FDC local:shrimp] | 4 ounces imitation crab meat sliced => imitation crab meat [113.4g, FDC local:crab] | 6 squid balls sliced in half => squid balls in half [600.0g, FDC local:squid] | 1/2 lb. sliced white mushroom => mushroom [226.8g, FDC local:mushroom] | 5 leaves Napa cabbage chopped => leaves napa cabbage [500.0g, FDC local:cabbage] | 3/4 cup carrots julienne => carrots julienne [105.0g, FDC local:carrot] | 3 cups chicken broth => chicken broth [720.0g, FDC local:broth] | 1 tablespoon cornstarch dilited in 3 tablespoons water => cornstarch dilited in water [8.0g, FDC local:corn] | 3 tablespoons cooking oil => cooking oil [40.8g, FDC local:cooking oil]"
ph_111,212,31.5,13.9,4.0,3.3,1940,4.4,local_reference_ingredient_sum_draft,api_estimate,pending_review,"Draft only: summed local reference ingredient profiles and divided by source_servings=6. Reviewer must verify ingredient matches, edible yield, oil absorption, and serving size before marking reviewed.",draft_partial_match,7,6 snake beans cut in 2 inch pieces (no FDC match for snake beans cut in inch) | 8 to 10 pieces mustard leaves (no FDC match for mustard leaves) | 2 pieces banana pepper or long green chili (no FDC match for banana pepper or chili) | 2 quarts rice wash hugas bigas (unsupported unit quart),"2 6 ounces slices fish steak => slices fish steak [200.0g, FDC local:fish] | 1 lb. shrimp cleaned => shrimp [453.6g, FDC local:shrimp] | 2 25g pack Knorr Sinigang na May Miso Recipe Mix => 25g pack knorr sinigang na may soybean paste recipe mix [200.0g, FDC local:soybean paste] | 9 to 12 pieces okra => okra [126.0g, FDC local:okra] | 2 medium tomato wedged => tomato [240.0g, FDC local:tomato] | 1 medium yellow onion wedged => onion [110.0g, FDC local:onion] | 3 tablespoons fish sauce patis => fish sauce patis [45.0g, FDC local:fish sauce]"
ph_112,776,75.7,12.4,47.4,3.1,1424,4.3,local_reference_ingredient_sum_draft,api_estimate,pending_review,"Draft only: summed local reference ingredient profiles and divided by source_servings=4. Reviewer must verify ingredient matches, edible yield, oil absorption, and serving size before marking reviewed.",draft_partial_match,7,5 pieces dried bay leaves (ignored seasoning/water),"2 lbs. chicken cut into serving pieces => chicken [907.2g, FDC local:chicken] | 1 head garlic crushed => garlic [50.0g, FDC local:garlic] | 1 tablespoon crushed peppercorn => peppercorn [8.0g, FDC local:corn] | 2 cups coconut milk => coconut milk [480.0g, FDC local:coconut milk] | 6 tablespoons soy sauce => soy sauce [90.0g, FDC local:soy sauce] | 5 tablespoons white vinegar => vinegar [75.0g, FDC local:vinegar] | 3 tablespoons cooking oil => cooking oil [40.8g, FDC local:cooking oil]"
ph_113,191,17.4,5.9,11.1,1.3,35,2.3,local_reference_ingredient_sum_draft,api_estimate,pending_review,"Draft only: summed local reference ingredient profiles and divided by source_servings=4. Reviewer must verify ingredient matches, edible yield, oil absorption, and serving size before marking reviewed.",draft_partial_match,4,1/2 teaspoon salt (no FDC match for salt) | 1/8 teaspoon ground black pepper (no FDC match for pepper) | 5 pieces Thai chili chopped (no FDC match for thai chili) | 2 pieces Jalapeo chopped (no FDC match for jalapeo) | Juice from 8 limes or 12 calamansi (missing quantity),"1/2 lb. tuna cut into cubes => tuna [226.8g, FDC local:tuna] | 2 thumbs ginger. minced => ginger. [30.0g, FDC local:ginger] | 1 small red onion chopped => onion [110.0g, FDC local:onion] | 1/2 cup coconut cream => coconut cream [120.0g, FDC local:coconut cream]"
ph_114,845,52.5,6.6,66.0,1.6,978,1.7,local_reference_ingredient_sum_draft,api_estimate,pending_review,"Draft only: summed local reference ingredient profiles and divided by source_servings=6. Reviewer must verify ingredient matches, edible yield, oil absorption, and serving size before marking reviewed.",draft_partial_match,9,10 pieces snake beans cut into 2 inch length (no FDC match for snake beans) | 1 1/4 cups ground peanut (no FDC match for peanut) | 1 1/2 cups water (no FDC match for water),"2 1/2 lbs. beef short rib => beef short rib [1134.0g, FDC local:beef] | 1 bunch baby bok choy => baby bok choy [150.0g, FDC local:bok choy] | 1 medium onion chopped => onion [110.0g, FDC local:onion] | 3 cloves garlic minced => garlic [9.0g, FDC local:garlic] | 1 small banana blossom sliced => banana blossom [100.0g, FDC local:banana blossom] | 1 tablespoon glutinous rice flour diluted in 1/4 cup water => glutinous rice flour diluted in water [8.0g, FDC local:flour] | 3/4 cup annatto water => annatto water [180.0g, FDC local:annatto oil] | 3 tablespoons cooking oil => cooking oil [40.8g, FDC local:cooking oil] | 1/2 cup sauted shrimp paste => sauted shrimp paste [70.0g, FDC local:shrimp paste]"
ph_116,878,38.4,12.2,75.7,3.2,175,6.0,local_reference_ingredient_sum_draft,api_estimate,pending_review,"Draft only: summed local reference ingredient profiles and divided by source_servings=2. Reviewer must verify ingredient matches, edible yield, oil absorption, and serving size before marking reviewed.",draft_partial_match,7,1/2 teaspoon salt (no FDC match for salt) | 1/8 teaspoon ground black pepper (no FDC match for pepper),"2 Chinese eggplants => chinese eggplants [100.0g, FDC local:eggplant] | 3 eggs => eggs [150.0g, FDC local:egg] | 6 to 8 ounces ground pork => pork [198.4g, FDC local:pork] | 1 medium tomato chopped => tomato [120.0g, FDC local:tomato] | 1 medium onion chopped => onion [110.0g, FDC local:onion] | 2 cloves crushed garlic minced => garlic [6.0g, FDC local:garlic] | 8 tablespoons cooking oil => cooking oil [108.8g, FDC local:cooking oil]"
ph_118,319,32.8,5.3,18.5,0.9,226,2.0,local_reference_ingredient_sum_draft,api_estimate,pending_review,"Draft only: summed local reference ingredient profiles and divided by source_servings=4. Reviewer must verify ingredient matches, edible yield, oil absorption, and serving size before marking reviewed.",draft_partial_match,7,"1 small bottle gourd upo, peeled and sliced (no FDC match for bottle gourd upo and) | Salt and ground black pepper to taste (ignored seasoning/water)","8 ounces ground pork => pork [226.8g, FDC local:pork] | 12 to 15 pieces shrimp shell and head removed => shrimp shell and removed [270.0g, FDC local:shrimp] | 1 medium ripe tomato cubed => tomato [120.0g, FDC local:tomato] | 1 medium onion cubed => onion [110.0g, FDC local:onion] | 5 cloves crushed garlic => garlic [15.0g, FDC local:garlic] | 3/4 cup beef broth or chicken broth => beef broth or chicken broth [180.0g, FDC local:broth] | 3 tablespoons cooking oil => cooking oil [40.8g, FDC local:cooking oil]"
ph_119,281,13.3,14.5,19.5,2.5,862,5.4,local_reference_ingredient_sum_draft,api_estimate,pending_review,"Draft only: summed local reference ingredient profiles and divided by source_servings=3. Reviewer must verify ingredient matches, edible yield, oil absorption, and serving size before marking reviewed.",draft_partial_match,6,2 tablespoons mirin (no FDC match for mirin) | 1 bunch scallions (no FDC match for scallions) | 1 lime or 2 pieces calamansi (no FDC match for lime or calamansi) | 1 teaspoon salt (ignored seasoning/water) | 1/4 teaspoon ground black pepper (no FDC match for pepper),"2 large squid cleaned => squid [200.0g, FDC local:squid] | 2 medium ripe tomato sliced into small cubes => tomato into cubes [240.0g, FDC local:tomato] | 2 medium yellow onion sliced into small cubes => onion into cubes [220.0g, FDC local:onion] | 2 thumbs ginger minced => ginger [30.0g, FDC local:ginger] | 3 tablespoons soy sauce => soy sauce [45.0g, FDC local:soy sauce] | 4 tablespoons annatto oil => annatto oil [54.4g, FDC local:annatto oil]"
ph_120,259,45.4,5.2,5.2,0.5,1701,0.3,local_reference_ingredient_sum_draft,api_estimate,pending_review,"Draft only: summed local reference ingredient profiles and divided by source_servings=5. Reviewer must verify ingredient matches, edible yield, oil absorption, and serving size before marking reviewed.",draft_partial_match,6,6 pieces dried bay leaves (ignored seasoning/water),"1 1/2 lbs. chicken thighs and drumstick => chicken thighs and drumstick [680.4g, FDC local:chicken] | 1 cup soy sauce => soy sauce [140.0g, FDC local:soy sauce] | 1 head garlic crushed => garlic [50.0g, FDC local:garlic] | 1 tablespoons whole peppercorn => peppercorn [8.0g, FDC local:corn] | 1/4 cup vinegar => vinegar [35.0g, FDC local:vinegar] | 1/2 cup chicken broth => chicken broth [120.0g, FDC local:broth]"
ph_121,586,52.0,15.4,34.1,3.2,376,5.0,local_reference_ingredient_sum_draft,api_estimate,pending_review,"Draft only: summed local reference ingredient profiles and divided by source_servings=5. Reviewer must verify ingredient matches, edible yield, oil absorption, and serving size before marking reviewed.",draft_partial_match,10,3 to 5 pieces dried bay leaves (no FDC match for dried bay leaves) | Salt and ground black pepper to taste (ignored seasoning/water),"2 lbs. pork shoulder sliced into cubes => pork shoulder into cubes [907.2g, FDC local:pork] | 1 8 oz. can tomato sauce => . can tomato sauce [120.0g, FDC local:tomato] | 1 large potato cubed => potato [170.0g, FDC local:potato] | 2 medium carrots cubed => carrots [120.0g, FDC local:carrot] | 2 cups beef broth => beef broth [480.0g, FDC local:broth] | 1 small red bell pepper sliced => bell pepper [120.0g, FDC local:bell pepper] | 1 small green bell pepper sliced => bell pepper [120.0g, FDC local:bell pepper] | 1 medium onion chopped => onion [110.0g, FDC local:onion] | 5 cloves garlic crushed => garlic [15.0g, FDC local:garlic] | 3 tablespoons cooking oil => cooking oil [40.8g, FDC local:cooking oil]"
ph_122,202,15.5,15.7,8.7,3.7,1768,5.2,local_reference_ingredient_sum_draft,api_estimate,pending_review,"Draft only: summed local reference ingredient profiles and divided by source_servings=6. Reviewer must verify ingredient matches, edible yield, oil absorption, and serving size before marking reviewed.",draft_partial_match,6,1 bunch mustard leaves (no FDC match for mustard leaves) | 3 pieces long green peppers (no FDC match for peppers) | 6 to 8 cups water (no FDC match for water) | 1/2 teaspoon ground black pepper (no FDC match for pepper),"3 salmon heads cut lengthwise into half => salmon cut lengthwise into half [300.0g, FDC local:salmon] | 2 25g pack Knorr Sinigang na May Miso Recipe Mix => 25g pack knorr sinigang na may soybean paste recipe mix [200.0g, FDC local:soybean paste] | 12 pieces okra => okra [144.0g, FDC local:okra] | 2 medium tomato wedged => tomato [240.0g, FDC local:tomato] | 2 medium yellow onion wedged => onion [220.0g, FDC local:onion] | 2 to 3 tablespoons fish sauce patis => fish sauce patis [37.5g, FDC local:fish sauce]"
ph_123,1295,102.0,79.4,62.3,5.0,1103,16.8,local_reference_ingredient_sum_draft,api_estimate,pending_review,"Draft only: summed local reference ingredient profiles and divided by source_servings=4. Reviewer must verify ingredient matches, edible yield, oil absorption, and serving size before marking reviewed.",draft_partial_match,9,1 teaspoon salt (ignored seasoning/water) | 1/2 teaspoon ground black pepper (no FDC match for pepper) | 6 cups water (ignored seasoning/water) | 4 to 5 pieces star anise (no FDC match for star anise),"3 lbs. beef shank => beef shank [1360.8g, FDC local:beef] | 1 yellow onion wedged => onion [110.0g, FDC local:onion] | 1 yellow onion minced => onion [110.0g, FDC local:onion] | 4 cloves garlic crushed => garlic [12.0g, FDC local:garlic] | 1 thumb ginger minced => ginger [15.0g, FDC local:ginger] | 4 tablespoons brown sugar => brown sugar [50.0g, FDC local:sugar] | 3 tablespoons cooking oil => cooking oil [40.8g, FDC local:cooking oil] | 4 tablespoons soy sauce => soy sauce [60.0g, FDC local:soy sauce] | 3 cups garlic fried rice. => garlic fried rice. [720.0g, FDC local:garlic]"
ph_124,827,27.9,12.6,74.3,4.4,130,2.8,local_reference_ingredient_sum_draft,api_estimate,pending_review,"Draft only: summed local reference ingredient profiles and divided by source_servings=4. Reviewer must verify ingredient matches, edible yield, oil absorption, and serving size before marking reviewed.",draft_partial_match,9,2 1/2 tablespoons Knorr Liquid Seasoning (no FDC match for knorr liquid seasoning) | 1 1/2 cups cooking oil (ignored frying oil reserve) | 6 cups water (ignored seasoning/water) | 4 to 5 cups water (no FDC match for water) | Salt and ground black pepper to taste (ignored seasoning/water),"1 lb. pork belly => pork belly [453.6g, FDC local:pork belly] | 1 cup mung beans => mung beans [140.0g, FDC local:mung beans] | 1 bunch fresh spinach => spinach [150.0g, FDC local:spinach] | 6 to 8 ounces shrimp shell and head removed => shrimp shell and removed [198.4g, FDC local:shrimp] | 1 Knorr Shrimp cube => knorr shrimp cube [20.0g, FDC local:shrimp] | 1 medium tomato cubed => tomato [120.0g, FDC local:tomato] | 1 medium yellow onion sliced => onion [110.0g, FDC local:onion] | 3 cloves garlic crushed => garlic [9.0g, FDC local:garlic] | 4 tablespoons cooking oil => cooking oil [54.4g, FDC local:cooking oil]"
ph_125,583,62.4,7.6,31.8,0.1,862,6.3,local_reference_ingredient_sum_draft,api_estimate,pending_review,"Draft only: summed local reference ingredient profiles and divided by source_servings=8. Reviewer must verify ingredient matches, edible yield, oil absorption, and serving size before marking reviewed.",draft_partial_match,4,1/2 cup juice extracted from calamansi or lemon (no FDC match for juice extracted from calamansi or lemon) | 3/4 cup banana ketchup (no FDC match for banana ketchup) | 1 teaspoon ground black pepper (no FDC match for pepper) | 2 teaspoons salt (ignored seasoning/water) | 1 1/2 cups lemon or lime soda (no FDC match for lemon or lime soda),"4 lbs. pork shoulder sliced into thin pieces => pork shoulder into thin [1814.4g, FDC local:pork] | 3/4 cup soy sauce => soy sauce [105.0g, FDC local:soy sauce] | 4 tablespoons dark brown sugar => dark brown sugar [50.0g, FDC local:sugar] | 2 tablespoons garlic powder => garlic powder [16.0g, FDC local:garlic]"
ph_126,485,50.1,17.6,23.0,1.7,3755,13.0,local_reference_ingredient_sum_draft,api_estimate,pending_review,"Draft only: summed local reference ingredient profiles and divided by source_servings=4. Reviewer must verify ingredient matches, edible yield, oil absorption, and serving size before marking reviewed.",draft_partial_match,10,1/4 cup salted black beans (no FDC match for salted beans) | 3 pieces dried bay leaves (ignored seasoning/water) | 4 cups pineapple juice (no FDC match for pineapple juice) | 6 cups water (ignored seasoning/water),"2 lbs ham hock pata, sliced => ham hock pata [907.2g, FDC local:ham] | 1/2 cup dried banana blossoms => dried banana blossoms [70.0g, FDC local:banana blossom] | 1 Knorr pork cube => pork bouillon [100.0g, FDC local:broth] | 1/4 cup dark brown sugar => dark brown sugar [31.2g, FDC local:sugar] | 1 medium yellow onion => onion [110.0g, FDC local:onion] | 4 cloves garlic crushed => garlic [12.0g, FDC local:garlic] | 1/2 teaspoon crushed peppercorn => peppercorn [1.3g, FDC local:corn] | 1/2 cup soy sauce => soy sauce [70.0g, FDC local:soy sauce] | 1 teaspoon vinegar => vinegar [5.0g, FDC local:vinegar] | 3 tablespoons cooking oil => cooking oil [40.8g, FDC local:cooking oil]"
ph_128,528,64.1,31.2,15.8,8.0,305,10.7,local_reference_ingredient_sum_draft,api_estimate,pending_review,"Draft only: summed local reference ingredient profiles and divided by source_servings=5. Reviewer must verify ingredient matches, edible yield, oil absorption, and serving size before marking reviewed.",draft_partial_match,7,1 40g pack Knorr Ginataang Gulay Mix (no FDC match for 40g pack knorr ginataang gulay mix) | 2 3/4 cups water (no FDC match for water) | 1/8 teaspoon ground black pepper (no FDC match for pepper),"2 lbs. chicken cut into serving pieces => chicken [907.2g, FDC local:chicken] | 3/4 lb. 340 g kalabasa (calabaza squash or butternut squash), cut into cubes => squash [340.2g, FDC local:squash] | 12 pieces sitaw snake beans, cut in 2 inch length => yardlong beans snake beans cut in inch length [1200.0g, FDC local:yardlong beans] | 1 medium onion diced => onion [110.0g, FDC local:onion] | 4 cloves garlic crushed => garlic [12.0g, FDC local:garlic] | 2 teaspoons patis fish sauce => patis fish sauce [10.0g, FDC local:fish sauce] | 3 tablespoons cooking oil => cooking oil [40.8g, FDC local:cooking oil]"
ph_129,280,41.5,5.2,10.8,0.7,191,1.3,local_reference_ingredient_sum_draft,api_estimate,pending_review,"Draft only: summed local reference ingredient profiles and divided by source_servings=4. Reviewer must verify ingredient matches, edible yield, oil absorption, and serving size before marking reviewed.",draft_partial_match,5,"1 pack Knorr Ginataang Gulay mix (no FDC match for pack knorr ginataang gulay mix) | 3 pieces long green pepper siling pansigang, sliced into thin pieces (no FDC match for pepper siling pansigang into thin) | 2 to 5 pieces birds eye chili siling labuyo, chopped (no FDC match for birds eye chili siling labuyo) | 1/2 cup chopped scallions (no FDC match for scallions) | 1/4 teaspoon ground black pepper (no FDC match for pepper) | 3/4 cup lukewarm water (no FDC match for lukewarm water) | Fish sauce patis to taste (optional) (ignored seasoning/water)","1 1/2 lb. medium shrimp with head and shells on => shrimp with and shells on [680.4g, FDC local:shrimp] | 2 thumbs ginger minced => ginger [30.0g, FDC local:ginger] | 1 medium onion sliced => onion [110.0g, FDC local:onion] | 4 cloves garlic crushed => garlic [12.0g, FDC local:garlic] | 3 tablespoons cooking oil => cooking oil [40.8g, FDC local:cooking oil]"
ph_131,605,55.9,3.7,39.0,0.5,129,1.3,local_reference_ingredient_sum_draft,api_estimate,pending_review,"Draft only: summed local reference ingredient profiles and divided by source_servings=4. Reviewer must verify ingredient matches, edible yield, oil absorption, and serving size before marking reviewed.",draft_partial_match,6,1 40g pack Knorr Ginataang Gulay Mix (no FDC match for 40g pack knorr ginataang gulay mix) | 4 pieces long green pepper silig pansigang (no FDC match for pepper silig pansigang) | 2 1/4 cups water (no FDC match for water) | 1/4 teaspoon ground black pepper (no FDC match for pepper) | Salt to taste (ignored seasoning/water),"1 1/2 lbs. pork shoulder sliced into cubes => pork shoulder into cubes [680.4g, FDC local:pork] | 1 cup pork blood => pork blood [140.0g, FDC local:pork] | 1/2 cup vinegar => vinegar [70.0g, FDC local:vinegar] | 1 medium onion chopped => onion [110.0g, FDC local:onion] | 4 cloves garlic crushed => garlic [12.0g, FDC local:garlic] | 3 tablespoons cooking oil => cooking oil [40.8g, FDC local:cooking oil]"
ph_132,388,32.0,4.0,26.4,0.5,369,1.2,local_reference_ingredient_sum_draft,api_estimate,pending_review,"Draft only: summed local reference ingredient profiles and divided by source_servings=4. Reviewer must verify ingredient matches, edible yield, oil absorption, and serving size before marking reviewed.",draft_partial_match,5,"3 pieces long green pepper siling pansigang, sliced into thin pieces (no FDC match for pepper siling pansigang into thin) | 8 pieces birds eye chili siling labuyo or Thai chili, sliced into small pieces (no FDC match for birds eye chili siling labuyo or thai chili into) | 1 pack Knorr Ginataang Gulay mix 45g (no FDC match for pack knorr ginataang gulay mix 45g) | 1/4 teaspoon ground black pepper (no FDC match for pepper) | 2 1/4 cups water (no FDC match for water) | Salt to taste optional (ignored seasoning/water)","1 lb. pork shoulder sliced into cubes => pork shoulder into cubes [453.6g, FDC local:pork] | 1 piece onion sliced => onion [110.0g, FDC local:onion] | 4 cloves garlic crushed => garlic [12.0g, FDC local:garlic] | 1 tablespoon shrimp paste bagoong alamang => shrimp paste shrimp paste [17.0g, FDC local:shrimp paste] | 3 tablespoons cooking oil => cooking oil [40.8g, FDC local:cooking oil]"
ph_133,539,18.5,30.6,41.0,9.1,501,11.7,local_reference_ingredient_sum_draft,api_estimate,pending_review,"Draft only: summed local reference ingredient profiles and divided by source_servings=4. Reviewer must verify ingredient matches, edible yield, oil absorption, and serving size before marking reviewed.",draft_partial_match,12,1/4 teaspoon ground black pepper (no FDC match for pepper),"1/2 lb. medium squid cleaned => squid [226.8g, FDC local:squid] | 6 pieces snake beans sitaw, cut in 2 inch pieces => snake beans yardlong beans cut in inch [600.0g, FDC local:yardlong beans] | 1/2 small butternut squash cubed => butternut squash [50.0g, FDC local:squash] | 6 to 8 pieces okra => okra [84.0g, FDC local:okra] | 1 medium Chinese eggplant sliced => chinese eggplant [50.0g, FDC local:eggplant] | 1 small bitter melon sliced => bitter melon [100.0g, FDC local:bitter melon] | 1 thumb ginger minced => ginger [15.0g, FDC local:ginger] | 2 cups coconut milk => coconut milk [480.0g, FDC local:coconut milk] | 1 medium onion chopped => onion [110.0g, FDC local:onion] | 4 cloves garlic crushed => garlic [12.0g, FDC local:garlic] | 1 1/2 tablespoons shrimp paste bagoong => shrimp paste shrimp paste [25.5g, FDC local:shrimp paste] | 3 tablespoons cooking oil => cooking oil [40.8g, FDC local:cooking oil]"
ph_134,490,22.3,12.9,40.7,2.9,1335,4.3,local_reference_ingredient_sum_draft,api_estimate,pending_review,"Draft only: summed local reference ingredient profiles and divided by source_servings=4. Reviewer must verify ingredient matches, edible yield, oil absorption, and serving size before marking reviewed.",draft_partial_match,7,1/4 teaspoon ground black pepper (no FDC match for pepper) | 4 pieces dried bay leaves (ignored seasoning/water),"1 lb. medium sized squid cleaned => sized squid [453.6g, FDC local:squid] | 2 cups coconut milk => coconut milk [480.0g, FDC local:coconut milk] | 4 tablespoons soy sauce => soy sauce [60.0g, FDC local:soy sauce] | 3 tablespoons vinegar => vinegar [45.0g, FDC local:vinegar] | 6 to 8 cloves garlic crushed => garlic [21.0g, FDC local:garlic] | 1 to 2 tablespoons fish sauce => fish sauce [22.5g, FDC local:fish sauce] | 3 tablespoons cooking oil => cooking oil [40.8g, FDC local:cooking oil]"
ph_135,856,69.1,17.7,55.1,3.4,862,3.0,local_reference_ingredient_sum_draft,api_estimate,pending_review,"Draft only: summed local reference ingredient profiles and divided by source_servings=5. Reviewer must verify ingredient matches, edible yield, oil absorption, and serving size before marking reviewed.",draft_partial_match,7,8 to 10 cups water (no FDC match for water) | 1 large banana pepper or 2 pieces siling pansigang (no FDC match for banana pepper or siling pansigang),"1 lb. pork belly cubed => pork belly [453.6g, FDC local:pork belly] | 2 lbs. chicken cut into serving pieces => chicken [907.2g, FDC local:chicken] | 4 thumbs ginger pounded => ginger [60.0g, FDC local:ginger] | 2 medium potato sliced into large cubes => potato into cubes [340.0g, FDC local:potato] | 2 teaspoons whole peppercorn => peppercorn [5.3g, FDC local:corn] | 2 to 3 tablespoons fish sauce => fish sauce [37.5g, FDC local:fish sauce] | 8 leaves Napa cabbage pechay Baguio, sliced => leaves napa cabbage bok choy baguio [800.0g, FDC local:bok choy]"
ph_136,566,7.0,3.5,59.4,1.5,72,1.9,local_reference_ingredient_sum_draft,api_estimate,pending_review,"Draft only: summed local reference ingredient profiles and divided by source_servings=1. Reviewer must verify ingredient matches, edible yield, oil absorption, and serving size before marking reviewed.",draft_partial_match,3,1/4 teaspoon salt (no FDC match for salt) | 1/8 teaspoon ground black pepper (no FDC match for pepper),"1 Chinese eggplant => chinese eggplant [50.0g, FDC local:eggplant] | 1 egg => egg [50.0g, FDC local:egg] | 1/4 cup cooking oil => cooking oil [54.5g, FDC local:cooking oil]"
ph_137,1116,104.0,17.9,66.8,1.7,885,12.7,local_reference_ingredient_sum_draft,api_estimate,pending_review,"Draft only: summed local reference ingredient profiles and divided by source_servings=3. Reviewer must verify ingredient matches, edible yield, oil absorption, and serving size before marking reviewed.",draft_partial_match,9,4 to 5 pieces dried bay leaves (no FDC match for dried bay leaves) | 1/4 cup Knorr liquid seasoning (no FDC match for knorr liquid seasoning) | 10 cups water (ignored seasoning/water) | Salt to taste optional (ignored seasoning/water),"2 to 3 lbs. pork hock sliced into 3 to 4 pieces => pork hock into to [1134.0g, FDC local:pork] | 1.6 oz. dried banana blossoms => dried banana blossoms [45.4g, FDC local:banana blossom] | 3 teaspoons whole peppercorn => peppercorn [8.0g, FDC local:corn] | 4 cloves garlic crushed => garlic [12.0g, FDC local:garlic] | 1 medium onion chopped => onion [110.0g, FDC local:onion] | 1/4 cup brown sugar => brown sugar [31.2g, FDC local:sugar] | 1/4 cup soy sauce => soy sauce [35.0g, FDC local:soy sauce] | 3 to 4 tablespoons vinegar => vinegar [52.5g, FDC local:vinegar] | 3 tablespoons cooking oil => cooking oil [40.8g, FDC local:cooking oil]"
ph_138,856,86.5,12.6,47.9,2.9,2296,6.4,local_reference_ingredient_sum_draft,api_estimate,pending_review,"Draft only: summed local reference ingredient profiles and divided by source_servings=5. Reviewer must verify ingredient matches, edible yield, oil absorption, and serving size before marking reviewed.",draft_partial_match,7,1 1/2 tablespoons rock salt or coarse sea salt (ignored seasoning/water) | 8 to 10 cups water (no FDC match for water) | 5 to 7 pieces chili peppers (no FDC match for chili peppers) | 1 piece lemon or 3 pieces calamansi (no FDC match for lemon or calamansi),"3 to 4 lbs. beef shank with extra bones => beef shank with extra bones [1587.6g, FDC local:beef] | 4 pieces medium red onions sliced => onions [440.0g, FDC local:onion] | 1 tablespoon whole peppercorn => peppercorn [8.0g, FDC local:corn] | 4 to 5 tablespoons fish sauce => fish sauce [67.5g, FDC local:fish sauce] | 1 small cabbage => cabbage [100.0g, FDC local:cabbage] | 3 bunches of baby bok choy => of baby bok choy [450.0g, FDC local:bok choy] | 4 tablespoons fish sauce => fish sauce [60.0g, FDC local:fish sauce]"
ph_139,613,20.2,39.7,41.8,11.3,867,15.4,local_reference_ingredient_sum_draft,api_estimate,pending_review,"Draft only: summed local reference ingredient profiles and divided by source_servings=3. Reviewer must verify ingredient matches, edible yield, oil absorption, and serving size before marking reviewed.",draft_partial_match,7,4 cups water (ignored seasoning/water) | 1 1/2 teaspoons salt (no FDC match for salt) | 1/2 teaspoon ground black pepper (no FDC match for pepper) | 1 1/2 cups cooking oil (ignored frying oil reserve),"12 pieces snake beans sitaw, cut in 2 inch pieces => snake beans yardlong beans cut in inch [1200.0g, FDC local:yardlong beans] | 8 ounce pork belly cubed => pork belly [226.8g, FDC local:pork belly] | 5 cloves garlic crushed => garlic [15.0g, FDC local:garlic] | 1 medium onion sliced => onion [110.0g, FDC local:onion] | 3 tablespoons soy sauce => soy sauce [45.0g, FDC local:soy sauce] | 2 1/2 tablespoons vinegar => vinegar [37.5g, FDC local:vinegar] | 2 teaspoons onion powder => onion powder [5.3g, FDC local:onion]"
ph_141,342,60.7,8.5,6.3,1.1,770,2.7,local_reference_ingredient_sum_draft,api_estimate,pending_review,"Draft only: summed local reference ingredient profiles and divided by source_servings=4. Reviewer must verify ingredient matches, edible yield, oil absorption, and serving size before marking reviewed.",draft_partial_match,7,Juice extracted from the shrimp head (missing quantity) | 20 to 30 pieces wonton wrapper (no FDC match for wonton wrapper) | 1 1/2 teaspoons sesame oil (no FDC match for sesame oil) | 3/4 cup chopped scallions (no FDC match for scallions) | 6 cups water (ignored seasoning/water) | 1 1/2 teaspoons ground black pepper (no FDC match for pepper) | 1 teaspoon salt (ignored seasoning/water),"1 lb. ground chicken => chicken [453.6g, FDC local:chicken] | 12 to 15 pieces fresh shrimp minced => shrimp [270.0g, FDC local:shrimp] | 1 Knorr Chicken cube => knorr chicken cube [100.0g, FDC local:chicken] | 2 medium yellow onion minced => onion [220.0g, FDC local:onion] | 1 1/2 teaspoons annatto powder or 1/2 cup annatto seeds soaked in 1/2 cup warm water => annatto powder or annatto seeds soaked in warm water [4.0g, FDC local:annatto oil] | 12 cloves garlic toasted (see recipe here) => garlic [36.0g, FDC local:garlic] | 2 tablespoons fish sauce => fish sauce [30.0g, FDC local:fish sauce]"
ph_142,694,21.6,11.8,62.1,2.3,99,3.2,local_reference_ingredient_sum_draft,api_estimate,pending_review,"Draft only: summed local reference ingredient profiles and divided by source_servings=5. Reviewer must verify ingredient matches, edible yield, oil absorption, and serving size before marking reviewed.",draft_partial_match,9,2 pieces Chinese sausage sliced crosswise (no FDC match for chinese sausage crosswise) | 4 pieces saba banana halved (no FDC match for saba banana halved) | 8 oz. green beans (no FDC match for beans) | 6 to 7 cups water (no FDC match for water) | Salt and ground black pepper to taste (ignored seasoning/water),"1 lb. pork belly liempo, sliced into serving pieces => pork belly liempo into serving [453.6g, FDC local:pork belly] | 1 large plum tomato => plum tomato [120.0g, FDC local:tomato] | 4 cloves garlic crushed and minced => garlic and [12.0g, FDC local:garlic] | 1 large yellow onion chopped => onion [110.0g, FDC local:onion] | 2 bunches bok choy lower end cut => bok choy lower end cut [300.0g, FDC local:bok choy] | 1 large potato cut into cubes => potato [170.0g, FDC local:potato] | 1 8oz. can tomato sauce => 8oz. can tomato sauce [120.0g, FDC local:tomato] | 2 pork cubes => pork cubes [200.0g, FDC local:pork] | 3 tablespoons cooking oil => cooking oil [40.8g, FDC local:cooking oil]"
ph_143,757,22.8,16.7,70.5,4.2,867,6.7,local_reference_ingredient_sum_draft,api_estimate,pending_review,"Draft only: summed local reference ingredient profiles and divided by source_servings=4. Reviewer must verify ingredient matches, edible yield, oil absorption, and serving size before marking reviewed.",draft_partial_match,9,1 small unripe papaya sliced into wedges (no FDC match for unripe papaya into wedges) | 5 pieces Thai or birds eye chili peppers (no FDC match for thai or birds eye chili peppers) | 1/4 teaspoon ground black pepper (no FDC match for pepper) | 1 cup water (ignored seasoning/water),"1/2 lb. pork shoulder cut into cubes => pork shoulder [226.8g, FDC local:pork] | 1 cup fresh malunggay leaves => moringa leaves leaves [30.0g, FDC local:moringa leaves] | 2 1/2 cups coconut cream kakang gata => coconut cream kakang gata [600.0g, FDC local:coconut cream] | 3 thumbs ginger sliced into thin strips => ginger into thin strips [45.0g, FDC local:ginger] | 1 medium yellow onion chopped => onion [110.0g, FDC local:onion] | 4 cloves garlic crushed => garlic [12.0g, FDC local:garlic] | 1 Knorr pork cube => pork bouillon [100.0g, FDC local:broth] | 2 1/2 tablespoons fish sauce => fish sauce [37.5g, FDC local:fish sauce] | 3 tablespoons cooking oil => cooking oil [40.8g, FDC local:cooking oil]"
ph_144,656,54.9,36.3,31.6,2.3,902,2.5,local_reference_ingredient_sum_draft,api_estimate,pending_review,"Draft only: summed local reference ingredient profiles and divided by source_servings=4. Reviewer must verify ingredient matches, edible yield, oil absorption, and serving size before marking reviewed.",draft_partial_match,10,1/2 small green papaya sliced into strips (no FDC match for papaya into strips) | 5 cups water (ignored seasoning/water) | 1/4 teaspoon ground black pepper (no FDC match for pepper),"1 lb. Boneless chicken breasts => boneless chicken breasts [453.6g, FDC local:chicken] | 1 lb. fresh Miki noodles => miki noodles [453.6g, FDC local:noodles] | 1 cup fresh malunggay leaves => moringa leaves leaves [30.0g, FDC local:moringa leaves] | 3 thumbs ginger julienne => ginger julienne [45.0g, FDC local:ginger] | 3 boiled eggs => eggs [150.0g, FDC local:egg] | 1 medium yellow onion => onion [110.0g, FDC local:onion] | 8 cloves garlic pounded => garlic [24.0g, FDC local:garlic] | 1 Knorr chicken cube => knorr chicken cube [100.0g, FDC local:chicken] | 6 tablespoons cooking oil => cooking oil [81.6g, FDC local:cooking oil] | 2 to 3 tablespoons fish sauce patis => fish sauce patis [37.5g, FDC local:fish sauce]"
ph_145,814,82.6,13.1,48.3,3.5,797,5.6,local_reference_ingredient_sum_draft,api_estimate,pending_review,"Draft only: summed local reference ingredient profiles and divided by source_servings=4. Reviewer must verify ingredient matches, edible yield, oil absorption, and serving size before marking reviewed.",draft_partial_match,9,1 small unripe papaya sliced into wedges (no FDC match for unripe papaya into wedges) | 3 pieces Thai or birds eye chili (no FDC match for thai or birds eye chili) | 2 cups water (ignored seasoning/water) | 1/2 teaspoon ground black pepper (no FDC match for pepper),"2 lbs. chicken cut into serving pieces => chicken [907.2g, FDC local:chicken] | 1 cup malunggay => moringa leaves [30.0g, FDC local:moringa leaves] | 2 cups coconut milk => coconut milk [480.0g, FDC local:coconut milk] | 1 medium yellow onion sliced => onion [110.0g, FDC local:onion] | 3 thumbs ginger julienne => ginger julienne [45.0g, FDC local:ginger] | 4 cloves garlic crushed => garlic [12.0g, FDC local:garlic] | 1 Knorr chicken cube => knorr chicken cube [100.0g, FDC local:chicken] | 2 tablespoons fish sauce patis => fish sauce patis [30.0g, FDC local:fish sauce] | 3 tablespoons cooking oil => cooking oil [40.8g, FDC local:cooking oil]"
ph_146,1144,26.1,31.1,101.8,7.2,1396,14.5,local_reference_ingredient_sum_draft,api_estimate,pending_review,"Draft only: summed local reference ingredient profiles and divided by source_servings=4. Reviewer must verify ingredient matches, edible yield, oil absorption, and serving size before marking reviewed.",draft_partial_match,9,1/2 teaspoon ground black pepper (no FDC match for pepper),"1 1/2 lb pork belly cut into serving pieces => pork belly [680.4g, FDC local:pork belly] | 10 pieces snake beans sitaw, cut into 2 inch length pieces => snake beans yardlong beans [1000.0g, FDC local:yardlong beans] | 1 medium onion => onion [110.0g, FDC local:onion] | 5 tablespoons soy sauce => soy sauce [75.0g, FDC local:soy sauce] | 2 1/2 tablespoons vinegar => vinegar [37.5g, FDC local:vinegar] | 5 cloves garlic crushed => garlic [15.0g, FDC local:garlic] | 1 1/2 tablespoons brown sugar => brown sugar [18.8g, FDC local:sugar] | 2 cups beef broth => beef broth [480.0g, FDC local:broth] | 3 tablespoons cooking oil => cooking oil [40.8g, FDC local:cooking oil]"
ph_147,430,63.9,5.2,15.6,0.7,623,1.3,local_reference_ingredient_sum_draft,api_estimate,pending_review,"Draft only: summed local reference ingredient profiles and divided by source_servings=5. Reviewer must verify ingredient matches, edible yield, oil absorption, and serving size before marking reviewed.",draft_partial_match,8,1 cup hot pepper leaves (no FDC match for hot pepper leaves) | 1/8 teaspoon ground black pepper (no FDC match for pepper) | 1 piece unripe papaya wedged (no FDC match for unripe papaya) | 6 cups water (ignored seasoning/water),"2 lbs. chicken cut into serving pieces => chicken [907.2g, FDC local:chicken] | 1 cup malunggay leaves => moringa leaves leaves [30.0g, FDC local:moringa leaves] | 1 piece Knorr chicken cube => knorr chicken cube [100.0g, FDC local:chicken] | 1 piece onion sliced => onion [110.0g, FDC local:onion] | 4 cloves garlic crushed and chopped => garlic and [12.0g, FDC local:garlic] | 3 thumbs ginger julienne => ginger julienne [45.0g, FDC local:ginger] | 2 tablespoons fish sauce patis => fish sauce patis [30.0g, FDC local:fish sauce] | 3 tablespoons vegetable oil => cooking oil [40.8g, FDC local:cooking oil]"
ph_148,605,52.5,5.6,40.0,0.7,518,1.6,local_reference_ingredient_sum_draft,api_estimate,pending_review,"Draft only: summed local reference ingredient profiles and divided by source_servings=3. Reviewer must verify ingredient matches, edible yield, oil absorption, and serving size before marking reviewed.",draft_partial_match,7,3 pieces long green chili peppers (no FDC match for chili peppers) | 1/2 teaspoon ground black pepper (no FDC match for pepper) | Salt to taste (ignored seasoning/water),"1 lb. pork shoulder sliced into small cubes => pork shoulder into cubes [453.6g, FDC local:pork] | 3/4 cup pork blood => pork blood [105.0g, FDC local:pork] | 4 cloves garlic minced => garlic [12.0g, FDC local:garlic] | 1 medium red onion chopped => onion [110.0g, FDC local:onion] | 2 cups beef broth or water => beef broth or water [480.0g, FDC local:broth] | 1/4 cup white or apple cider vinegar => or apple cider vinegar [35.0g, FDC local:vinegar] | 3 tablespoons cooking oil => cooking oil [40.8g, FDC local:cooking oil]"
ph_149,472,34.4,10.8,31.6,1.3,921,3.6,local_reference_ingredient_sum_draft,api_estimate,pending_review,"Draft only: summed local reference ingredient profiles and divided by source_servings=4. Reviewer must verify ingredient matches, edible yield, oil absorption, and serving size before marking reviewed.",draft_partial_match,10,1 16 oz. can chickpeas (garbanzos) (no FDC match for . can chickpeas) | 4 pieces dried bay leaves (ignored seasoning/water) | 1/4 teaspoon ground black pepper (no FDC match for pepper) | 1 1/2 cups water (no FDC match for water) | Salt to taste (ignored seasoning/water),"1/2 lb. pork shoulder sliced into thin strips => pork shoulder into thin strips [226.8g, FDC local:pork] | 3/4 lb. pigs liver sliced into strips => pigs liver into strips [340.2g, FDC local:liver] | 1 medium bell pepper sliced into strips => bell pepper into strips [120.0g, FDC local:bell pepper] | 1 medium onion diced => onion [110.0g, FDC local:onion] | 4 cloves garlic crushed => garlic [12.0g, FDC local:garlic] | 4 tablespoons soy sauce => soy sauce [60.0g, FDC local:soy sauce] | 3 tablespoons white vinegar => vinegar [45.0g, FDC local:vinegar] | 1 teaspoon granulated white sugar => granulated sugar [4.2g, FDC local:sugar] | 1 teaspoon garlic powder => garlic powder [2.7g, FDC local:garlic] | 6 tablespoons cooking oil => cooking oil [81.6g, FDC local:cooking oil]"
ph_150,410,7.3,4.8,40.4,1.3,845,1.2,local_reference_ingredient_sum_draft,api_estimate,pending_review,"Draft only: summed local reference ingredient profiles and divided by source_servings=4. Reviewer must verify ingredient matches, edible yield, oil absorption, and serving size before marking reviewed.",draft_partial_match,7,1 cup water (ignored seasoning/water) | Salt and ground black pepper to taste (ignored seasoning/water),"12 pieces okra => okra [144.0g, FDC local:okra] | 1/2 lb. pork belly. sliced into small pieces => pork belly. into [226.8g, FDC local:pork belly] | 4 tablespoons soy sauce => soy sauce [60.0g, FDC local:soy sauce] | 2 tablespoons white vinegar => vinegar [30.0g, FDC local:vinegar] | 3 cloves garlic crushed => garlic [9.0g, FDC local:garlic] | 1/2 teaspoon sugar => sugar [2.1g, FDC local:sugar] | 3 tablespoons cooking oil => cooking oil [40.8g, FDC local:cooking oil]"
ph_151,413,41.9,6.2,23.0,0.8,1135,2.3,local_reference_ingredient_sum_draft,api_estimate,pending_review,"Draft only: summed local reference ingredient profiles and divided by source_servings=3. Reviewer must verify ingredient matches, edible yield, oil absorption, and serving size before marking reviewed.",draft_partial_match,6,1/8 teaspoon ground black pepper (no FDC match for pepper) | 1/4 teaspoon salt (no FDC match for salt) | Juice from 1 lemon (missing quantity),"1 lb. beef sirloin sliced into thin pieces => beef sirloin into thin [453.6g, FDC local:beef] | 3 cloves garlic crushed and minced => garlic and [9.0g, FDC local:garlic] | 3 tablespoons soy sauce => soy sauce [45.0g, FDC local:soy sauce] | 1 cup beef broth => beef broth [240.0g, FDC local:broth] | 1 medium onion sliced crosswise => onion crosswise [110.0g, FDC local:onion] | 1/2 teaspoon granulated white sugar => granulated sugar [2.1g, FDC local:sugar]"
ph_152,1261,45.7,106.7,81.9,12.4,1599,13.7,local_reference_ingredient_sum_draft,api_estimate,pending_review,"Draft only: summed local reference ingredient profiles and divided by source_servings=2. Reviewer must verify ingredient matches, edible yield, oil absorption, and serving size before marking reviewed.",draft_partial_match,8,1 piece banana pepper (no FDC match for banana pepper) | 3 pieces chili peppers optional (no FDC match for chili peppers),"1 to 2 pieces fried tilapia => fried tilapia [150.0g, FDC local:tilapia] | 2 cups coconut milk => coconut milk [480.0g, FDC local:coconut milk] | 5 cloved garlic crushed => cloved garlic [500.0g, FDC local:garlic] | 1 medium red onion sliced => onion [110.0g, FDC local:onion] | 2 thumbs ginger chopped => ginger [30.0g, FDC local:ginger] | 2 to 3 tablespoons fish sauce => fish sauce [37.5g, FDC local:fish sauce] | 2 cups malunggay leaves => moringa leaves leaves [60.0g, FDC local:moringa leaves] | 3 tablespoons cooking oil => cooking oil [40.8g, FDC local:cooking oil]"
ph_154,491,41.1,17.4,27.7,4.1,637,5.6,local_reference_ingredient_sum_draft,api_estimate,pending_review,"Draft only: summed local reference ingredient profiles and divided by source_servings=5. Reviewer must verify ingredient matches, edible yield, oil absorption, and serving size before marking reviewed.",draft_partial_match,11,1 lime or calamansi (no FDC match for lime or calamansi) | 1 1/2 cups water (no FDC match for water) | Salt and ground black pepper to taste (ignored seasoning/water),"1 1/2 lb. pork shoulder sliced into cubes => pork shoulder into cubes [680.4g, FDC local:pork] | 1 large potato cubed => potato [170.0g, FDC local:potato] | 1 medium red bell pepper sliced => bell pepper [120.0g, FDC local:bell pepper] | 1 medium green bell pepper sliced => bell pepper [120.0g, FDC local:bell pepper] | 1 cup frozen green peas => green peas [150.0g, FDC local:green peas] | 1 Knorr Pork Cube => pork bouillon [100.0g, FDC local:broth] | 3 tablespoons soy sauce => soy sauce [45.0g, FDC local:soy sauce] | 1 can 6 oz. tomato sauce => can . tomato sauce [120.0g, FDC local:tomato] | 5 cloves garlic crushed and chopped => garlic and [15.0g, FDC local:garlic] | 1 medium onion diced => onion [110.0g, FDC local:onion] | 3 tablespoons cooking oil => cooking oil [40.8g, FDC local:cooking oil]"
ph_155,328,65.1,5.1,2.7,1.1,916,2.4,local_reference_ingredient_sum_draft,api_estimate,pending_review,"Draft only: summed local reference ingredient profiles and divided by source_servings=6. Reviewer must verify ingredient matches, edible yield, oil absorption, and serving size before marking reviewed.",draft_partial_match,5,"15 to 20 pieces young tamarind (no FDC match for young tamarind) | 4 long green peppers siling pansigang (no FDC match for peppers siling pansigang) | 1 small daikon radish labanos, sliced into thin pieces (no FDC match for daikon radish labanos into thin) | 1 bunch mustard greens (no FDC match for mustard greens) | 8 cups water (ignored seasoning/water)","3 lbs. tuna jaw sliced => tuna jaw [1360.8g, FDC local:tuna] | 1 large yellow onion wedged => onion [110.0g, FDC local:onion] | 2 medium tomato wedged => tomato [240.0g, FDC local:tomato] | 1/4 cup yellow miso paste => soybean paste paste [35.0g, FDC local:soybean paste] | 3 tablespoons fish sauce patis => fish sauce patis [45.0g, FDC local:fish sauce]"
ph_156,998,18.6,3.4,100.7,0.3,1310,0.2,local_reference_ingredient_sum_draft,api_estimate,pending_review,"Draft only: summed local reference ingredient profiles and divided by source_servings=4. Reviewer must verify ingredient matches, edible yield, oil absorption, and serving size before marking reviewed.",draft_partial_match,7,5 to 6 pieces dried bay leaves dahon ng laurel (no FDC match for dried bay leaves dahon ng laurel) | Salt to taste optional (ignored seasoning/water),"1 1/2 lb. pork belly cubed => pork belly [680.4g, FDC local:pork belly] | 1 1/2 teaspoons whole peppercorn pamintang buo => peppercorn pamintang buo [4.0g, FDC local:corn] | 6 to 8 cloves garlic crushed => garlic [21.0g, FDC local:garlic] | 5 tablespoons soy sauce => soy sauce [75.0g, FDC local:soy sauce] | 3 tablespoons coconut vinegar => coconut vinegar [45.0g, FDC local:vinegar] | 1 1/2 cup water or beef broth => water or beef broth [360.0g, FDC local:broth] | 3 tablespoons cooking oil => cooking oil [40.8g, FDC local:cooking oil]"
ph_157,509,44.7,34.3,20.7,1.3,1078,0.9,local_reference_ingredient_sum_draft,api_estimate,pending_review,"Draft only: summed local reference ingredient profiles and divided by source_servings=6. Reviewer must verify ingredient matches, edible yield, oil absorption, and serving size before marking reviewed.",draft_partial_match,13,3 cups water (ignored seasoning/water) | 1/2 cup ground chicharon (no FDC match for chicharon) | 4 pieces calamansi or lime (no FDC match for calamansi or lime) | 1/2 cup chopped scallions (no FDC match for scallions),"1 lb. thick palabok noodles soaked in water overnight => thick palabok noodles soaked in water overnight [453.6g, FDC local:noodles] | 1/4 lb. ground pork => pork [113.4g, FDC local:pork] | 1 piece Knorr Shrimp Cube => knorr shrimp cube [20.0g, FDC local:shrimp] | 4 tablespoons annatto seeds soaked in 3/4 cup warm water => annatto seeds soaked in warm water [32.0g, FDC local:annatto oil] | 6 tablespoons all-purpose flour => all-purpose flour [48.0g, FDC local:flour] | 1/2 cup shredded tinapa fish flakes => shredded tinapa fish flakes [70.0g, FDC local:fish] | 3 tablespoons fish sauce patis => fish sauce patis [45.0g, FDC local:fish sauce] | 2 tablespoons cooking oil => cooking oil [27.2g, FDC local:cooking oil] | 6 to 10 pieces mussels tahong => mussels tahong [800.0g, FDC local:mussels] | 2 medium squids sliced into rings => squids into rings [200.0g, FDC local:squid] | 6 to 10 pieces pre-cooked shrimp shell and head removed => pre- shrimp shell and removed [160.0g, FDC local:shrimp] | 3 boiled eggs wedged => eggs [150.0g, FDC local:egg] | 1 head garlic toasted => garlic [50.0g, FDC local:garlic]"
ph_158,317,31.8,15.4,14.6,5.4,1290,7.2,local_reference_ingredient_sum_draft,api_estimate,pending_review,"Draft only: summed local reference ingredient profiles and divided by source_servings=3. Reviewer must verify ingredient matches, edible yield, oil absorption, and serving size before marking reviewed.",draft_partial_match,7,8 pieces snake beans cut into 2 inch pieces (no FDC match for snake beans) | 3 pieces long green pepper siling pansigang (no FDC match for pepper siling pansigang) | 6 cups water (ignored seasoning/water) | 1 40g pack sinigang mix (no FDC match for 40g pack sinigang mix),"3 pieces pork chop => pork chop [300.0g, FDC local:pork] | 10 pieces okra => okra [120.0g, FDC local:okra] | 3 medium tomato wedged => tomato [360.0g, FDC local:tomato] | 1 bunch fresh spinach => spinach [150.0g, FDC local:spinach] | 2 medium Chinese eggplant sliced => chinese eggplant [100.0g, FDC local:eggplant] | 1 medium yellow or white onion wedged => or onion [110.0g, FDC local:onion] | 3 tablespoons fish sauce => fish sauce [45.0g, FDC local:fish sauce]"
ph_159,211,2.2,20.5,13.8,0.8,910,16.3,local_reference_ingredient_sum_draft,api_estimate,pending_review,"Draft only: summed local reference ingredient profiles and divided by source_servings=3. Reviewer must verify ingredient matches, edible yield, oil absorption, and serving size before marking reviewed.",draft_partial_match,8,1 lb. Lechon Manok sliced into individual pieces (no FDC match for lechon manok into individual) | 2 cups Lechon manok sauce (no FDC match for lechon manok sauce) | 4 dried bay leaves (no FDC match for dried bay leaves) | 1 cup water (ignored seasoning/water) | Salt to taste (ignored seasoning/water),"1 chicken bouillon => chicken bouillon [100.0g, FDC local:broth] | 4 cloves garlic minced and minced => garlic and [12.0g, FDC local:garlic] | 1 medium onions minced => onions [110.0g, FDC local:onion] | 1 teaspoon whole peppercorn => peppercorn [2.7g, FDC local:corn] | 3 tablespoons soy sauce => soy sauce [45.0g, FDC local:soy sauce] | 1/4 cup vinegar => vinegar [35.0g, FDC local:vinegar] | 3 to 4 tablespoons sugar => sugar [43.8g, FDC local:sugar] | 3 tablespoons cooking oil => cooking oil [40.8g, FDC local:cooking oil]"
ph_160,490,62.8,17.0,17.6,3.5,163,5.5,local_reference_ingredient_sum_draft,api_estimate,pending_review,"Draft only: summed local reference ingredient profiles and divided by source_servings=4. Reviewer must verify ingredient matches, edible yield, oil absorption, and serving size before marking reviewed.",draft_partial_match,10,4 to 5 pieces dried bay leaves (no FDC match for dried bay leaves) | 1 1/2 cups water (no FDC match for water) | Salt and ground black pepper to taste (ignored seasoning/water),"1 1/2 lb. chicken cut into serving pieces => chicken [680.4g, FDC local:chicken] | 1 small red bell pepper sliced => bell pepper [120.0g, FDC local:bell pepper] | 1 small green bell pepper sliced => bell pepper [120.0g, FDC local:bell pepper] | 1 medium baking potato cut into cubes => baking potato [170.0g, FDC local:potato] | 1 medium carrot cut into cubes => carrot [60.0g, FDC local:carrot] | 1 8 oz. can tomato sauce => . can tomato sauce [120.0g, FDC local:tomato] | 1 Knorr Chicken Cube => knorr chicken cube [100.0g, FDC local:chicken] | 1 small onion minced => onion [110.0g, FDC local:onion] | 4 cloves garlic crushed and minced => garlic and [12.0g, FDC local:garlic] | 3 tablespoons cooking oil => cooking oil [40.8g, FDC local:cooking oil]"
ph_161,445,46.1,0.7,27.2,0.0,106,0.0,local_reference_ingredient_sum_draft,api_estimate,pending_review,"Draft only: summed local reference ingredient profiles and divided by source_servings=4. Reviewer must verify ingredient matches, edible yield, oil absorption, and serving size before marking reviewed.",draft_partial_match,3,2 limes (no FDC match for limes) | 6 tablespoons Knorr Liquid Seasoning (no FDC match for knorr liquid seasoning) | 1/2 cup banana ketchup (no FDC match for banana ketchup) | 2 tablespoons Knorr Liquid Seasoning (no FDC match for knorr liquid seasoning),"1.5 lbs. pork chops around 4 pieces => pork chops around [680.4g, FDC local:pork] | 3 teaspoons minced garlic => garlic [8.0g, FDC local:garlic] | 1 tablespoon cooking oil => cooking oil [13.6g, FDC local:cooking oil]"
ph_163,80,7.5,10.8,0.9,1.7,20,3.7,local_reference_ingredient_sum_draft,api_estimate,pending_review,"Draft only: summed local reference ingredient profiles and divided by source_servings=5. Reviewer must verify ingredient matches, edible yield, oil absorption, and serving size before marking reviewed.",draft_partial_match,5,5 pieces dried bay leaves crumbled (no FDC match for dried bay leaves crumbled) | 1 stalk lemongrass bottom part crushed (no FDC match for stalk lemongrass bottom part) | 1 teaspoon coarse sea salt (no FDC match for coarse sea salt) | 1/4 teaspoon ground black pepper (no FDC match for pepper) | 1 3/4 cups 7-up (no FDC match for -up) | 1 stalk crushed lemongrass tanglad (no FDC match for stalk lemongrass tanglad),"1 2 to 3 lbs. whole chicken => to . chicken [100.0g, FDC local:chicken] | 4 thumbs ginger crushed => ginger [60.0g, FDC local:ginger] | 5 cloves garlic crushed => garlic [15.0g, FDC local:garlic] | 1 medium red onion sliced => onion [110.0g, FDC local:onion] | 2 bunches of green onions dahon ng sibuyas => of onions dahon ng onion [300.0g, FDC local:onion]"
ph_164,211,21.7,16.2,5.9,0.3,53,14.7,local_reference_ingredient_sum_draft,api_estimate,pending_review,"Draft only: summed local reference ingredient profiles and divided by source_servings=8. Reviewer must verify ingredient matches, edible yield, oil absorption, and serving size before marking reviewed.",draft_partial_match,7,2 cups water (ignored seasoning/water) | 1 1/2 teaspoons salt (no FDC match for salt) | 1/4 teaspoon ground black pepper (no FDC match for pepper) | 7 to 10 tablespoons bread crumbs (no FDC match for bread crumbs),"1 lb. chicken liver => chicken liver [453.6g, FDC local:chicken] | 1 medium onion diced => onion [110.0g, FDC local:onion] | 2 tablespoons minced garlic => garlic [16.0g, FDC local:garlic] | 10 to 12 tablespoons white vinegar => vinegar [165.0g, FDC local:vinegar] | 8 to 10 tablespoons brown sugar => brown sugar [112.5g, FDC local:sugar] | 1 piece chicken cube optional => chicken cube [100.0g, FDC local:chicken] | 2 tablespoons cooking oil => cooking oil [27.2g, FDC local:cooking oil]"
ph_165,354,32.0,11.7,19.2,0.8,930,2.3,local_reference_ingredient_sum_draft,api_estimate,pending_review,"Draft only: summed local reference ingredient profiles and divided by source_servings=3. Reviewer must verify ingredient matches, edible yield, oil absorption, and serving size before marking reviewed.",draft_partial_match,6,1/2 lemon (no FDC match for lemon) | 1/4 teaspoon salt (no FDC match for salt) | 1/8 teaspoon ground black pepper (no FDC match for pepper) | 1 cup water (ignored seasoning/water),"1 lb. Pigs liver => pigs liver [453.6g, FDC local:liver] | 1 medium yellow onion sliced into rings => onion into rings [110.0g, FDC local:onion] | 3 cloves garlic crushed and minced => garlic and [9.0g, FDC local:garlic] | 3 tablespoons soy sauce => soy sauce [45.0g, FDC local:soy sauce] | 1/2 teaspoon sugar => sugar [2.1g, FDC local:sugar] | 3 tablespoons cooking oil => cooking oil [40.8g, FDC local:cooking oil]"
ph_166,211,18.3,11.0,11.0,1.9,66,2.7,local_reference_ingredient_sum_draft,api_estimate,pending_review,"Draft only: summed local reference ingredient profiles and divided by source_servings=4. Reviewer must verify ingredient matches, edible yield, oil absorption, and serving size before marking reviewed.",draft_partial_match,5,12 snake beans cut into 2 inch pieces (no FDC match for snake beans) | 1 45g Knorr Ginataang Gulay mix (no FDC match for 45g knorr ginataang gulay mix) | 2 cups water (ignored seasoning/water) | A dash of ground black pepper (no FDC match for dash of pepper),"2 cups cubed butternut squash or kalabasa => butternut squash or squash [280.0g, FDC local:squash] | 1/4 lb. pork sliced into small pieces => pork into [113.4g, FDC local:pork] | 1 medium yellow onion sliced => onion [110.0g, FDC local:onion] | 6 to 10 pieces shrimp shell and head removed => shrimp shell and removed [160.0g, FDC local:shrimp] | 2 tablespoons cooking oil => cooking oil [27.2g, FDC local:cooking oil]"
ph_167,180,6.2,20.6,9.4,4.6,903,5.8,local_reference_ingredient_sum_draft,api_estimate,pending_review,"Draft only: summed local reference ingredient profiles and divided by source_servings=5. Reviewer must verify ingredient matches, edible yield, oil absorption, and serving size before marking reviewed.",draft_partial_match,10,"3/4 lb. lechon kawali chopped (no FDC match for lechon kawali) | 2 medium bitter gourd ampalaya, cored and sliced (no FDC match for bitter gourd ampalaya cored and) | Salt and pepper to taste (ignored seasoning/water)","2 to 3 cups butternut squash sliced into cubes => butternut squash into cubes [350.0g, FDC local:squash] | 3 tablespoons shrimp paste => shrimp paste [51.0g, FDC local:shrimp paste] | 1 medium Chinese eggplant sliced => chinese eggplant [50.0g, FDC local:eggplant] | 10 pieces okra => okra [120.0g, FDC local:okra] | 2 cups snake beans sitaw, cut in 2 inch pieces => snake beans yardlong beans cut in inch [280.0g, FDC local:yardlong beans] | 1 1/2 cups beef broth => beef broth [360.0g, FDC local:broth] | 4 cloves garlic crushed => garlic [12.0g, FDC local:garlic] | 1 medium onion sliced => onion [110.0g, FDC local:onion] | 1 medium plum tomato diced => plum tomato [120.0g, FDC local:tomato] | 3 tablespoons cooking oil => cooking oil [40.8g, FDC local:cooking oil]"
ph_168,559,50.8,4.8,36.2,0.9,180,2.0,local_reference_ingredient_sum_draft,api_estimate,pending_review,"Draft only: summed local reference ingredient profiles and divided by source_servings=4. Reviewer must verify ingredient matches, edible yield, oil absorption, and serving size before marking reviewed.",draft_partial_match,7,4 pieces long green pepper (no FDC match for pepper) | 1 20 g pack Knorr Sinigang na Sampaloc Mix (no FDC match for pack knorr sinigang na sampaloc mix) | 1 1/2 cups water (no FDC match for water) | Salt and ground black pepper to taste (ignored seasoning/water),"1 lb. pork cut into small cubes => pork [453.6g, FDC local:pork] | 10 oz. pork blood => pork blood [283.5g, FDC local:pork] | 1 medium plum tomato diced => plum tomato [120.0g, FDC local:tomato] | 1 medium yellow onion diced => onion [110.0g, FDC local:onion] | 4 cloves garlic crushed => garlic [12.0g, FDC local:garlic] | 1 Knorr Pork Cube => pork bouillon [100.0g, FDC local:broth] | 3 tablespoons cooking oil => cooking oil [40.8g, FDC local:cooking oil]"
ph_169,532,73.1,14.0,18.8,2.2,484,3.5,local_reference_ingredient_sum_draft,api_estimate,pending_review,"Draft only: summed local reference ingredient profiles and divided by source_servings=4. Reviewer must verify ingredient matches, edible yield, oil absorption, and serving size before marking reviewed.",draft_partial_match,9,4 pieces dried bay leaves optional (ignored seasoning/water) | Salt and pepper to taste (ignored seasoning/water),"2 lbs. chicken cut into serving pieces => chicken [907.2g, FDC local:chicken] | 1 medium onion minced => onion [110.0g, FDC local:onion] | 2 teaspoons minced garlic => garlic [5.3g, FDC local:garlic] | 2 cups chicken broth => chicken broth [480.0g, FDC local:broth] | 1 6 oz can tomato paste => can tomato paste [120.0g, FDC local:tomato] | 1 large baking potato cubed => baking potato [170.0g, FDC local:potato] | 1 large carrot cubed => carrot [60.0g, FDC local:carrot] | 1/2 teaspoon sugar optional => sugar [2.1g, FDC local:sugar] | 3 tablespoons cooking oil => cooking oil [40.8g, FDC local:cooking oil]"
ph_170,143,13.0,1.1,9.5,0.0,142,0.4,local_reference_ingredient_sum_draft,api_estimate,pending_review,"Draft only: summed local reference ingredient profiles and divided by source_servings=3. Reviewer must verify ingredient matches, edible yield, oil absorption, and serving size before marking reviewed.",draft_partial_match,1,3 servings bistek tagalog (no FDC match for servings bistek tagalog) | 3 cups sinangag na kanin (no FDC match for sinangag na kanin),"6 pieces fried eggs => fried eggs [300.0g, FDC local:egg]"
ph_171,336,65.4,7.5,2.6,1.4,1058,3.3,local_reference_ingredient_sum_draft,api_estimate,pending_review,"Draft only: summed local reference ingredient profiles and divided by source_servings=4. Reviewer must verify ingredient matches, edible yield, oil absorption, and serving size before marking reviewed.",draft_partial_match,6,1 to 2 cups hot pepper leaves dahon ng sili (no FDC match for hot pepper leaves dahon ng sili) | 1 bunch scallions sliced in 3 inch pieces (dahon ng sibuyas) (no FDC match for scallions in inch) | 3 to 5 pieces long green pepper siling pansigang (no FDC match for pepper siling pansigang) | 1 stalk lemongrass (no FDC match for stalk lemongrass) | 5 cups water (ignored seasoning/water),"2 lbs. Tuna jaw panga => tuna jaw panga [907.2g, FDC local:tuna] | 2 plum tomato sliced in wedges (optional) => plum tomato in wedges [240.0g, FDC local:tomato] | 1 medium yellow onion sliced => onion [110.0g, FDC local:onion] | 3 thumbs ginger peeled and sliced into pieces => ginger and into [45.0g, FDC local:ginger] | 1 piece Knorr Fish Bouillon fish cube => knorr fish bouillon fish cube [100.0g, FDC local:broth] | 3 tablespoons fish sauce patis => fish sauce patis [45.0g, FDC local:fish sauce]"
ph_172,67,3.9,4.8,3.5,0.4,174,0.4,local_reference_ingredient_sum_draft,api_estimate,pending_review,"Draft only: summed local reference ingredient profiles and divided by source_servings=30. Reviewer must verify ingredient matches, edible yield, oil absorption, and serving size before marking reviewed.",draft_partial_match,11,1/4 lb. cooked Lechon Carajay chopped (no FDC match for lechon carajay) | 1/4 cup chopped parsley (no FDC match for parsley) | 1/4 lb. Igado optional (no FDC match for igado) | 3 tablespoons chopped scallions (no FDC match for scallions) | ground black pepper to taste (ignored seasoning/water),"8 pieces boiled quail eggs => quail eggs [400.0g, FDC local:egg] | 1 lb. fresh Miki noodles => miki noodles [453.6g, FDC local:noodles] | 1 medium carrot julienned => carrot [60.0g, FDC local:carrot] | 1 small bell pepper cut into thin strips => bell pepper [120.0g, FDC local:bell pepper] | 1/4 lb. pork shoulder sliced in small pieces => pork shoulder in [113.4g, FDC local:pork] | 1/4 head cabbage chopped => cabbage [25.0g, FDC local:cabbage] | 5 cloves garlic crushed => garlic [15.0g, FDC local:garlic] | 3 cups beef broth => beef broth [720.0g, FDC local:broth] | 1/4 cup soy sauce => soy sauce [35.0g, FDC local:soy sauce] | 2 teaspoons fish sauce patis => fish sauce patis [10.0g, FDC local:fish sauce] | 3 tablespoons Cooking oil => cooking oil [40.8g, FDC local:cooking oil]"
ph_173,328,21.9,12.8,21.4,2.5,174,5.1,local_reference_ingredient_sum_draft,api_estimate,pending_review,"Draft only: summed local reference ingredient profiles and divided by source_servings=5. Reviewer must verify ingredient matches, edible yield, oil absorption, and serving size before marking reviewed.",draft_partial_match,11,1 head cauliflower cut into florets (no FDC match for cauliflower) | 2 tablespoons oyster sauce (no FDC match for oyster sauce) | 1- cup water (no FDC match for - water) | Salt and pepper to taste (ignored seasoning/water),"1/4 lb. pork shoulder thinly sliced => pork shoulder thinly [113.4g, FDC local:pork] | 1 medium carrot sliced crosswise => carrot crosswise [60.0g, FDC local:carrot] | 1 medium green bell pepper chopped => bell pepper [120.0g, FDC local:bell pepper] | 1 medium red bell pepper chopped => bell pepper [120.0g, FDC local:bell pepper] | 1/2 small cabbage chopped into large pieces => cabbage into [50.0g, FDC local:cabbage] | 8 to 12 pieces boiled quail eggs => quail eggs [500.0g, FDC local:egg] | 1 medium yellow onion sliced => onion [110.0g, FDC local:onion] | 4 cloves garlic crushed and chopped => garlic and [12.0g, FDC local:garlic] | 1 shrimp cube => shrimp cube [20.0g, FDC local:shrimp] | 1- tablespoon cornstarch => - cornstarch [100.0g, FDC local:corn] | 3 tablespoons cooking oil => cooking oil [40.8g, FDC local:cooking oil]"
ph_174,878,68.7,30.0,52.1,2.5,1070,22.3,local_reference_ingredient_sum_draft,api_estimate,pending_review,"Draft only: summed local reference ingredient profiles and divided by source_servings=4. Reviewer must verify ingredient matches, edible yield, oil absorption, and serving size before marking reviewed.",draft_partial_match,8,2 stalks lemongrass tied into knots with thick end crushed (no FDC match for stalks lemongrass tied into knots with thick end) | 3 pieces long green chili siling pansigang (no FDC match for chili siling pansigang) | 3 pieces hot red chili pepper optional (no FDC match for hot chili pepper) | 2 20g pack Sinigang sa sampaloc mix (no FDC match for 20g pack sinigang sa sampaloc mix) | 8 to 10 cups water (no FDC match for water),"2 lbs. beef shank => beef shank [907.2g, FDC local:beef] | 1 plum tomato wedged => plum tomato [120.0g, FDC local:tomato] | 7 cloves garlic crushed => garlic [21.0g, FDC local:garlic] | 1 medium yellow onion wedged => onion [110.0g, FDC local:onion] | 4 tablespoons annatto oil => annatto oil [54.4g, FDC local:annatto oil] | 1 beef cube => beef cube [100.0g, FDC local:beef] | 3 cups sliced unripe jackfruit => unripe jackfruit [420.0g, FDC local:jackfruit] | 3 tablespoons fish sauce patis => fish sauce patis [45.0g, FDC local:fish sauce]"
ph_175,430,79.8,14.3,3.0,0.4,2436,11.4,local_reference_ingredient_sum_draft,api_estimate,pending_review,"Draft only: summed local reference ingredient profiles and divided by source_servings=5. Reviewer must verify ingredient matches, edible yield, oil absorption, and serving size before marking reviewed.",draft_partial_match,6,9 pieces red chili (no FDC match for chili) | 2 pieces lime or 4 pieces calamansi (no FDC match for lime or calamansi) | 1/4 teaspoon ground black pepper (no FDC match for pepper),"3 lbs. Tuna jaw Panga ng Tuna, rinsed => tuna jaw panga ng tuna rinsed [1360.8g, FDC local:tuna] | 1 cup soy sauce => soy sauce [140.0g, FDC local:soy sauce] | 5 cloves garlic crushed and minced => garlic and [15.0g, FDC local:garlic] | 1/4 cup brown sugar => brown sugar [31.2g, FDC local:sugar] | 1/2 cup soy sauce => soy sauce [70.0g, FDC local:soy sauce] | 2 tablespoons white sugar => sugar [25.0g, FDC local:sugar]"
ph_178,224,36.6,3.0,7.6,0.4,92,1.2,local_reference_ingredient_sum_draft,api_estimate,pending_review,"Draft only: summed local reference ingredient profiles and divided by source_servings=6. Reviewer must verify ingredient matches, edible yield, oil absorption, and serving size before marking reviewed.",draft_partial_match,4,"8 pieces hot chili Thai chili or siling labuyo, chopped (no FDC match for hot chili thai chili or siling labuyo) | 15 to 20 pieces calamansi (no FDC match for calamansi) | 1/4 teaspoon ground black pepper (no FDC match for pepper) | Salt to taste (ignored seasoning/water)","2 lbs. Tanigue Wahoo fish, fillet and cut into cubes => tanigue wahoo fish fillet and [907.2g, FDC local:fish] | 2 thumbs fresh ginger minced => ginger [30.0g, FDC local:ginger] | 1 medium red onion chopped into small pieces => onion into [110.0g, FDC local:onion] | 1/2 teaspoon sugar => sugar [2.1g, FDC local:sugar]"
ph_179,19,0.4,3.4,0.1,0.5,2,1.3,local_reference_ingredient_sum_draft,api_estimate,pending_review,"Draft only: summed local reference ingredient profiles and divided by source_servings=4. Reviewer must verify ingredient matches, edible yield, oil absorption, and serving size before marking reviewed.",draft_partial_match,3,1 lb. goatskin (no FDC match for goatskin) | 6 pieces spicy Thai chili (no FDC match for spicy thai chili) | 4 cups water (ignored seasoning/water) | 4 pieces dried bay leaves (ignored seasoning/water) | Salt and ground black pepper to taste (ignored seasoning/water),"1 1/2 tablespoons minced fresh ginger => ginger [12.0g, FDC local:ginger] | 1 medium red onion minced => onion [110.0g, FDC local:onion] | 6 to 10 tablespoons coconut vinegar or white vinegar => coconut vinegar or vinegar [120.0g, FDC local:vinegar]"
ph_180,796,14.5,2.9,80.2,0.4,50,0.8,local_reference_ingredient_sum_draft,api_estimate,pending_review,"Draft only: summed local reference ingredient profiles and divided by source_servings=6. Reviewer must verify ingredient matches, edible yield, oil absorption, and serving size before marking reviewed.",draft_partial_match,4,6 pieces dried bay leaves (ignored seasoning/water) | 6 teaspoons salt (ignored seasoning/water) | 1/2 teaspoon ground black pepper (no FDC match for pepper) | 5 to 6 cups water (no FDC match for water) | 4 to 5 cups cooking oil for deep frying (ignored frying oil reserve),"2 lbs. pork belly => pork belly [907.2g, FDC local:pork belly] | 6 cloves garlic peeled => garlic [18.0g, FDC local:garlic] | 1 medium red onion sliced => onion [110.0g, FDC local:onion] | 1/2 tablespoon garlic powder => garlic powder [4.0g, FDC local:garlic]"
ph_182,998,52.1,132.5,34.6,8.4,204,4.2,local_reference_ingredient_sum_draft,api_estimate,pending_review,"Draft only: summed local reference ingredient profiles and divided by source_servings=3. Reviewer must verify ingredient matches, edible yield, oil absorption, and serving size before marking reviewed.",draft_partial_match,4,3/4 cups papaya atchara optional (no FDC match for papaya atchara) | 2 tablespoons chopped scallions (no FDC match for scallions),"3 medium daing na bangus fried => daing na milkfish fried [300.0g, FDC local:milkfish] | 3 eggs => eggs [150.0g, FDC local:egg] | 5 cups garlic fried rice => garlic fried rice [1200.0g, FDC local:garlic] | 3 1/2 tablespoons cooking oil => cooking oil [47.6g, FDC local:cooking oil]"
ph_183,384,49.5,5.3,17.6,0.4,1203,1.1,local_reference_ingredient_sum_draft,api_estimate,pending_review,"Draft only: summed local reference ingredient profiles and divided by source_servings=6. Reviewer must verify ingredient matches, edible yield, oil absorption, and serving size before marking reviewed.",draft_partial_match,9,30 to 35 pieces wrapper wonton (no FDC match for wrapper wonton) | 1/2 teaspoon sesame oil (no FDC match for sesame oil) | 1 teaspoon salt (ignored seasoning/water) | 1/8 teaspoon ground black pepper (no FDC match for pepper) | 3 cups water (ignored seasoning/water) | 1/2 cup chopped scallions (no FDC match for scallions),"1 1/2 lbs. ground pork => pork [680.4g, FDC local:pork] | 15 pieces medium shrimp shell removed and deveined => shrimp shell removed and deveined [300.0g, FDC local:shrimp] | 1 medium yellow onion minced => onion [110.0g, FDC local:onion] | 1/2 teaspoon garlic powder => garlic powder [1.3g, FDC local:garlic] | 1 egg => egg [50.0g, FDC local:egg] | 1/2 rotisserie chicken => rotisserie chicken [50.0g, FDC local:chicken] | 48 oz. chicken broth => chicken broth [1360.8g, FDC local:broth] | 1/4 cup toasted garlic => garlic [35.0g, FDC local:garlic] | 2 to 3 tablespoons fish sauce => fish sauce [37.5g, FDC local:fish sauce]"
ph_184,5,0.0,0.3,0.0,0.0,1,0.1,local_reference_ingredient_sum_draft,api_estimate,pending_review,"Draft only: summed local reference ingredient profiles and divided by source_servings=5. Reviewer must verify ingredient matches, edible yield, oil absorption, and serving size before marking reviewed.",draft_partial_match,1,2 lbs. Pampanga longganisa Filipino sweet sausage (no FDC match for pampanga longganisa filipino sweet sausage) | 3 cups water (ignored seasoning/water),"1 cup spicy vinegar => spicy vinegar [140.0g, FDC local:vinegar]"
ph_185,18,0.4,3.3,0.1,0.3,2,0.3,local_reference_ingredient_sum_draft,api_estimate,pending_review,"Draft only: summed local reference ingredient profiles and divided by source_servings=3. Reviewer must verify ingredient matches, edible yield, oil absorption, and serving size before marking reviewed.",draft_partial_match,3,1 pound galunggong cleaned (no FDC match for galunggong) | 1 long green pepper optional (no FDC match for pepper) | 1 cup water (ignored seasoning/water) | Salt to taste (ignored seasoning/water),"2 thumbs ginger sliced => ginger [30.0g, FDC local:ginger] | 1/2 cup white vinegar => vinegar [70.0g, FDC local:vinegar] | 4 cloves garlic crushed and chopped => garlic and [12.0g, FDC local:garlic]"
ph_186,1134,52.9,3.1,99.5,0.3,1098,0.2,local_reference_ingredient_sum_draft,api_estimate,pending_review,"Draft only: summed local reference ingredient profiles and divided by source_servings=8. Reviewer must verify ingredient matches, edible yield, oil absorption, and serving size before marking reviewed.",draft_partial_match,8,4 cups water (ignored seasoning/water) | 6 pieces dried bay leaves (ignored seasoning/water) | Salt to taste (ignored seasoning/water),"3 lbs. pork belly sliced into large cubes => pork belly into cubes [1360.8g, FDC local:pork belly] | 2 lbs. chicken cut into serving pieces => chicken [907.2g, FDC local:chicken] | 1/4 cup coconut vinegar => coconut vinegar [35.0g, FDC local:vinegar] | 8 to 10 tablespoons soy sauce => soy sauce [135.0g, FDC local:soy sauce] | 1 head garlic crushed => garlic [50.0g, FDC local:garlic] | 1 teaspoon whole peppercorn => peppercorn [2.7g, FDC local:corn] | 1 piece beef cube or beef bouillon => beef cube or beef bouillon [100.0g, FDC local:broth] | 3 tablespoons cooking oil => cooking oil [40.8g, FDC local:cooking oil]"
ph_187,1005,14.6,97.0,70.6,11.2,641,73.8,local_reference_ingredient_sum_draft,api_estimate,pending_review,"Draft only: summed local reference ingredient profiles and divided by source_servings=4. Reviewer must verify ingredient matches, edible yield, oil absorption, and serving size before marking reviewed.",draft_partial_match,8,8 pieces hot chili pepper (no FDC match for hot chili pepper) | 4 ounces tinapa flakes (no FDC match for tinapa flakes) | 1/8 teaspoon ground black pepper (no FDC match for pepper) | salt to taste (ignored seasoning/water),"3 pounds unripe jackfruit equivalent to to 3 pounds, chopped and seeds removed => unripe jackfruit equivalent to to and seeds removed [1360.8g, FDC local:jackfruit] | 4 cups coconut milk => coconut milk [960.0g, FDC local:coconut milk] | 1 1/2 cups malunggay leaves => moringa leaves leaves [45.0g, FDC local:moringa leaves] | 5 cloves garlic crushed and chopped => garlic and [15.0g, FDC local:garlic] | 1 large yellow onion minced => onion [110.0g, FDC local:onion] | 2 tablespoons shrimp paste bagoong => shrimp paste shrimp paste [34.0g, FDC local:shrimp paste] | 2 teaspoons vinegar => vinegar [10.0g, FDC local:vinegar] | 3 tablespoons canola oil => cooking oil [40.8g, FDC local:cooking oil]"
ph_188,18,0.4,3.4,0.2,0.4,2,0.4,local_reference_ingredient_sum_draft,api_estimate,pending_review,"Draft only: summed local reference ingredient profiles and divided by source_servings=4. Reviewer must verify ingredient matches, edible yield, oil absorption, and serving size before marking reviewed.",draft_partial_match,4,3 lbs. pig's large intestine (no FDC match for pig s intestine) | 3 tablespoons coarse sea salt (no FDC match for coarse sea salt) | 1 teaspoon cumin (no FDC match for cumin) | 1/4 teaspoon cayenne pepper powder (no FDC match for cayenne pepper powder) | 1/4 teaspoon ground black pepper (no FDC match for pepper) | 1 quart water (ignored seasoning/water) | 8 pieces dried bay leaves (ignored seasoning/water),"1/2 teaspoon garlic powder => garlic powder [1.3g, FDC local:garlic] | 1/2 cup vinegar => vinegar [70.0g, FDC local:vinegar] | 4 thumbs ginger => ginger [60.0g, FDC local:ginger] | 1 tablespoon whole peppercorn => peppercorn [8.0g, FDC local:corn]"
ph_189,986,36.6,20.6,88.7,5.3,876,8.7,local_reference_ingredient_sum_draft,api_estimate,pending_review,"Draft only: summed local reference ingredient profiles and divided by source_servings=3. Reviewer must verify ingredient matches, edible yield, oil absorption, and serving size before marking reviewed.",draft_partial_match,7,1 cup ampalaya leaves (no FDC match for ampalaya leaves) | 1/8 teaspoon ground black pepper (no FDC match for pepper) | 1/2 teaspoon chili flakes (no FDC match for chili flakes),"3 fillets yellow fin tuna pan fried for 1 minute per side => fillets fin tuna pan fried for minute per side [300.0g, FDC local:tuna] | 2 1/2 cups coconut cream => coconut cream [600.0g, FDC local:coconut cream] | 2 thumbs ginger julienne => ginger julienne [30.0g, FDC local:ginger] | 1 medium red onion diced => onion [110.0g, FDC local:onion] | 5 cloves garlic crushed and chopped => garlic and [15.0g, FDC local:garlic] | 4 tablespoons cooking oil => cooking oil [54.4g, FDC local:cooking oil] | 2 tablespoons fish sauce => fish sauce [30.0g, FDC local:fish sauce]"
ph_190,564,47.9,4.8,38.2,0.3,1574,1.7,local_reference_ingredient_sum_draft,api_estimate,pending_review,"Draft only: summed local reference ingredient profiles and divided by source_servings=3. Reviewer must verify ingredient matches, edible yield, oil absorption, and serving size before marking reviewed.",draft_partial_match,9,3 pieces dried bay leaves (ignored seasoning/water) | 3/4 cup water (ignored seasoning/water) | Salt to taste optional (ignored seasoning/water),"1 lb. pork shoulder cut into cubes => pork shoulder [453.6g, FDC local:pork] | 2 pieces medium boiled eggs => eggs [100.0g, FDC local:egg] | 1 teaspoon whole peppercorn => peppercorn [2.7g, FDC local:corn] | 1/2 cup light soy sauce => light soy sauce [70.0g, FDC local:soy sauce] | 2 tablespoons white vinegar => vinegar [30.0g, FDC local:vinegar] | 4 cloves garlic crushed => garlic [12.0g, FDC local:garlic] | 3 tablespoons cooking oil => cooking oil [40.8g, FDC local:cooking oil] | 3/4 cup beef broth => beef broth [180.0g, FDC local:broth] | 1 teaspoon granulated white sugar => granulated sugar [4.2g, FDC local:sugar]"
ph_191,763,69.6,13.5,46.0,2.6,166,3.9,local_reference_ingredient_sum_draft,api_estimate,pending_review,"Draft only: summed local reference ingredient profiles and divided by source_servings=4. Reviewer must verify ingredient matches, edible yield, oil absorption, and serving size before marking reviewed.",draft_partial_match,9,3 pieces dried bay leaves (ignored seasoning/water) | 1/2 cup water (ignored seasoning/water) | salt and pepper to taste (ignored seasoning/water),"2 lbs. pork shoulder sliced into cubes => pork shoulder into cubes [907.2g, FDC local:pork] | 1 medium red bell pepper cut into squares => bell pepper [120.0g, FDC local:bell pepper] | 1 can 14.5 oz. diced tomato => can . tomato [120.0g, FDC local:tomato] | 3 tablespoons tomato paste => tomato paste [51.0g, FDC local:tomato] | 1 medium yellow onion minced => onion [110.0g, FDC local:onion] | 1 teaspoon minced garlic => garlic [2.7g, FDC local:garlic] | 1 beef cube => beef cube [100.0g, FDC local:beef] | 1 large baking potato cubed => baking potato [170.0g, FDC local:potato] | 3 tablespoons cooking oil. => cooking oil. [40.8g, FDC local:cooking oil]"
ph_192,720,8.8,52.1,58.2,7.8,37,30.4,local_reference_ingredient_sum_draft,api_estimate,pending_review,"Draft only: summed local reference ingredient profiles and divided by source_servings=6. Reviewer must verify ingredient matches, edible yield, oil absorption, and serving size before marking reviewed.",draft_partial_match,5,1 teaspoon vanilla extract (no FDC match for vanilla extract) | 1/4 teaspoon salt optional (no FDC match for salt),"6 cups coconut milk => coconut milk [1440.0g, FDC local:coconut milk] | 3/4 cups sweet rice malagkit => sweet rice malagkit [180.0g, FDC local:rice] | 1 cup toasted mung beans cracked => mung beans cracked [140.0g, FDC local:mung beans] | 1 cup sweet corn => sweet corn [150.0g, FDC local:corn] | 1 cup granulated white sugar => granulated sugar [125.0g, FDC local:sugar]"
ph_193,498,20.4,7.2,43.6,2.1,705,3.6,local_reference_ingredient_sum_draft,api_estimate,pending_review,"Draft only: summed local reference ingredient profiles and divided by source_servings=3. Reviewer must verify ingredient matches, edible yield, oil absorption, and serving size before marking reviewed.",draft_partial_match,6,1/4 teaspoon salt (no FDC match for salt) | 1/8 teaspoon ground black pepper (no FDC match for pepper),"3 Chinese eggplants broiled for 12 minutes => chinese eggplants broiled for minutes [150.0g, FDC local:eggplant] | 4 eggs => eggs [200.0g, FDC local:egg] | 6 ounces crabmeat => crabmeat [170.1g, FDC local:crab] | 1 yellow onion chopped => onion [110.0g, FDC local:onion] | 1/4 teaspoon garlic powder => garlic powder [0.7g, FDC local:garlic] | 8 tablespoons cooking oil => cooking oil [108.8g, FDC local:cooking oil]"
ph_194,54,2.7,10.6,0.8,3.0,334,4.5,local_reference_ingredient_sum_draft,api_estimate,pending_review,"Draft only: summed local reference ingredient profiles and divided by source_servings=4. Reviewer must verify ingredient matches, edible yield, oil absorption, and serving size before marking reviewed.",draft_partial_match,4,"2 lbs. grouper lapu lapu, cleaned and sliced (no FDC match for grouper lapu lapu and) | a bunch of mustard leaves (no FDC match for of mustard leaves) | 3/4 cup daikon radish sliced (optional) (no FDC match for daikon radish) | 4 long green peppers (no FDC match for peppers) | 12 pieces unripe tamarind (no FDC match for unripe tamarind) | 6 cups water (ignored seasoning/water)","10 pieces okra => okra [120.0g, FDC local:okra] | 1 large onion sliced => onion [110.0g, FDC local:onion] | 3 large tomato wedged => tomato [360.0g, FDC local:tomato] | 1/4 cup miso paste => soybean paste paste [35.0g, FDC local:soybean paste]"
ph_195,531,61.9,11.3,24.8,0.4,4264,6.9,local_reference_ingredient_sum_draft,api_estimate,pending_review,"Draft only: summed local reference ingredient profiles and divided by source_servings=5. Reviewer must verify ingredient matches, edible yield, oil absorption, and serving size before marking reviewed.",draft_partial_match,9,5 pieces dried bay leaves (ignored seasoning/water) | 6 cups water (ignored seasoning/water) | Salt to taste optional (ignored seasoning/water),"3 lbs ham hock pata, sliced into individual servings => ham hock pata into individual servings [1360.8g, FDC local:ham] | 1 tablespoon whole peppercorn => peppercorn [8.0g, FDC local:corn] | 6 tablespoons soy sauce => soy sauce [90.0g, FDC local:soy sauce] | 6 tablespoons white vinegar => vinegar [90.0g, FDC local:vinegar] | 1/2 beef or pork cube => beef or pork cube [50.0g, FDC local:beef] | 1 head garlic crushed => garlic [50.0g, FDC local:garlic] | 1 teaspoon onion powder => onion powder [2.7g, FDC local:onion] | 1 tablespoon granulated white sugar => granulated sugar [12.5g, FDC local:sugar] | 3 tablespoons cooking oil => cooking oil [40.8g, FDC local:cooking oil]"
ph_196,656,16.0,36.9,54.5,6.2,310,24.7,local_reference_ingredient_sum_draft,api_estimate,pending_review,"Draft only: summed local reference ingredient profiles and divided by source_servings=3. Reviewer must verify ingredient matches, edible yield, oil absorption, and serving size before marking reviewed.",draft_partial_match,8,3 to 5 pieces chili pepper (no FDC match for chili pepper),"2 cups unripe jackfruit chopped => unripe jackfruit [280.0g, FDC local:jackfruit] | 2 cups coconut milk => coconut milk [480.0g, FDC local:coconut milk] | 1 to 1 1/2 cups malunggay leaves => moringa leaves leaves [100.0g, FDC local:moringa leaves] | 1/2 to 3/4 cups dried fish daing => dried fish daing [87.5g, FDC local:fish] | 1 medium yellow onion chopped => onion [110.0g, FDC local:onion] | 1 teaspoon minced garlic => garlic [2.7g, FDC local:garlic] | 2 teaspoons fish sauce => fish sauce [10.0g, FDC local:fish sauce] | 3 tablespoons cooking oil => cooking oil [40.8g, FDC local:cooking oil]"
ph_197,814,79.7,13.1,46.7,1.3,578,10.7,local_reference_ingredient_sum_draft,api_estimate,pending_review,"Draft only: summed local reference ingredient profiles and divided by source_servings=5. Reviewer must verify ingredient matches, edible yield, oil absorption, and serving size before marking reviewed.",draft_partial_match,9,1 8 oz. can pineapple chunks (no FDC match for . can pineapple chunks) | 8 cups water (ignored seasoning/water) | 4 to 6 pieces bay leaves (no FDC match for bay leaves) | salt to taste (ignored seasoning/water),"3 lbs. pork or ham hock pata, sliced crosswise => pork or ham hock pata crosswise [1360.8g, FDC local:pork] | 2 teaspoons minced garlic => garlic [5.3g, FDC local:garlic] | 3 tablespoons white vinegar => vinegar [45.0g, FDC local:vinegar] | 4 tablespoon brown sugar or panutsa => brown sugar or panutsa [50.0g, FDC local:sugar] | 1 pack 1 oz. dried banana blossoms, washed and soaked in water => pack . dried banana blossoms washed and soaked in water [100.0g, FDC local:banana blossom] | 1 tablespoon whole peppercorn => peppercorn [8.0g, FDC local:corn] | 1 piece beef cube optional => beef cube [100.0g, FDC local:beef] | 1/4 cup soy sauce => soy sauce [35.0g, FDC local:soy sauce] | 2 tablespoons cooking oil => cooking oil [27.2g, FDC local:cooking oil]"
ph_198,85,1.3,1.3,8.3,0.2,5,0.6,local_reference_ingredient_sum_draft,api_estimate,pending_review,"Draft only: summed local reference ingredient profiles and divided by source_servings=8. Reviewer must verify ingredient matches, edible yield, oil absorption, and serving size before marking reviewed.",draft_partial_match,3,3 stalks lemongrass leaves (no FDC match for stalks lemongrass leaves) | 3 pieces scallions (no FDC match for scallions) | 1 tablespoon salt (ignored seasoning/water) | 2 tablespoons fresh milk (no FDC match for milk) | 1/4 teaspoon ground black pepper (no FDC match for pepper),"1 slab 5 lbs. pork belly bones removed => slab . pork belly bones removed [100.0g, FDC local:pork belly] | 1 small red onion sliced => onion [110.0g, FDC local:onion] | 1 tablespoon canola oil => cooking oil [13.6g, FDC local:cooking oil]"
ph_199,601,51.8,32.5,27.9,6.8,987,4.6,local_reference_ingredient_sum_draft,api_estimate,pending_review,"Draft only: summed local reference ingredient profiles and divided by source_servings=5. Reviewer must verify ingredient matches, edible yield, oil absorption, and serving size before marking reviewed.",draft_partial_match,9,10 to 12 pieces fresh or dried bilimbi kamias (no FDC match for or dried bilimbi kamias) | 12 pieces string beans cut into 2 inch. length (no FDC match for string beans) | 9 cups water (ignored seasoning/water),"2 lbs. beef chuck sliced into cibes => beef chuck into cibes [907.2g, FDC local:beef] | 2 medium tomato wedged => tomato [240.0g, FDC local:tomato] | 1 medium yellow onion wedged => onion [110.0g, FDC local:onion] | 7 to 10 pieces okra => okra [102.0g, FDC local:okra] | 4 pieces Indian eggplant sliced in half => indian eggplant in half [200.0g, FDC local:eggplant] | 2 to 3 cups spinach or kangkong => spinach or kangkong [75.0g, FDC local:spinach] | 2 to 3 tablespoons fish sauce => fish sauce [37.5g, FDC local:fish sauce] | 4 to 5 pieces taro root (gabi), peeled and cleaned => taro root and [450.0g, FDC local:taro] | 2 cups beef broth => beef broth [480.0g, FDC local:broth]"
ph_200,655,61.8,11.8,41.2,2.9,747,4.8,local_reference_ingredient_sum_draft,api_estimate,pending_review,"Draft only: summed local reference ingredient profiles and divided by source_servings=4. Reviewer must verify ingredient matches, edible yield, oil absorption, and serving size before marking reviewed.",draft_partial_match,8,10 pieces spicy red chili (no FDC match for spicy chili) | 2 pieces spicy green pepper (no FDC match for spicy pepper) | 2 teaspoons turmeric powder (no FDC match for turmeric powder),"1 1/2 lb. chicken cut into serving pieces => chicken [680.4g, FDC local:chicken] | 14 ounces coconut cream => coconut cream [396.9g, FDC local:coconut cream] | 1 cup mooring malunggay leaves => mooring moringa leaves leaves [30.0g, FDC local:moringa leaves] | 1 thumb ginger julienne => ginger julienne [15.0g, FDC local:ginger] | 4 cloves garlic crushed => garlic [12.0g, FDC local:garlic] | 1 medium red onion sliced => onion [110.0g, FDC local:onion] | 1/2 chicken cube => chicken cube [50.0g, FDC local:chicken] | 2 tablespoons fish sauce => fish sauce [30.0g, FDC local:fish sauce]"
ph_201,824,52.0,13.8,63.6,3.6,963,5.8,local_reference_ingredient_sum_draft,api_estimate,pending_review,"Draft only: summed local reference ingredient profiles and divided by source_servings=4. Reviewer must verify ingredient matches, edible yield, oil absorption, and serving size before marking reviewed.",draft_partial_match,8,1 bunch string beans cut into 2 inch pieces (no FDC match for string beans) | 1/4 teaspoon ground black pepper (no FDC match for pepper) | Salt to taste optional (ignored seasoning/water),"1 1/2 lbs. pork cubed => pork [680.4g, FDC local:pork] | 1 1/2 cup beef broth => beef broth [360.0g, FDC local:broth] | 2 cups coconut milk => coconut milk [480.0g, FDC local:coconut milk] | 1/4 cup shrimp paste bagoong => shrimp paste shrimp paste [35.0g, FDC local:shrimp paste] | 1 piece butternut squash cubed => butternut squash [100.0g, FDC local:squash] | 1 piece yellow onion sliced => onion [110.0g, FDC local:onion] | 1 1/2 teaspoons garlic minced => garlic [4.0g, FDC local:garlic] | 3 tablespoons cooking oil => cooking oil [40.8g, FDC local:cooking oil]"
ph_202,255,19.8,6.8,17.1,1.2,118,2.8,local_reference_ingredient_sum_draft,api_estimate,pending_review,"Draft only: summed local reference ingredient profiles and divided by source_servings=3. Reviewer must verify ingredient matches, edible yield, oil absorption, and serving size before marking reviewed.",draft_partial_match,6,"1 piece ampalaya bitter gourd, cut in half lengthwise, cored, and sliced into thin pieces (no FDC match for ampalaya bitter gourd cut in half lengthwise cored and into thin) | Salt and pepper to taste (ignored seasoning/water)","8 to 10 pieces shrimp => shrimp [180.0g, FDC local:shrimp] | 2 pieces eggs beaten => eggs beaten [100.0g, FDC local:egg] | 1 piece tomato cut into cubes => tomato [120.0g, FDC local:tomato] | 1 piece onion sliced => onion [110.0g, FDC local:onion] | 4 cloves garlic crushed and chopped => garlic and [12.0g, FDC local:garlic] | 3 tablespoons cooking oil => cooking oil [40.8g, FDC local:cooking oil]"
ph_203,44,5.7,3.3,0.7,0.5,14,1.8,local_reference_ingredient_sum_draft,api_estimate,pending_review,"Draft only: summed local reference ingredient profiles and divided by source_servings=4. Reviewer must verify ingredient matches, edible yield, oil absorption, and serving size before marking reviewed.",draft_partial_match,5,1 lb. leftover crispy pata meat bone removed (no FDC match for leftover crispy pata meat bone removed) | 8 pieces spicy red chilies (no FDC match for spicy chilies) | 1/4 teaspoon ground black pepper (no FDC match for pepper) | 1/2 teaspoon salt (no FDC match for salt) | 3 tablespoons margarine or butter (no FDC match for margarine or butter),"3 tablespoons vinegar => vinegar [45.0g, FDC local:vinegar] | 1/2 teaspoon granulated white sugar => granulated sugar [2.1g, FDC local:sugar] | 1 1/2 teaspoons onion powder => onion powder [4.0g, FDC local:onion] | 1 large sweet onion chopped => sweet onion [110.0g, FDC local:onion] | 1/2 cup chopped chicken liver => chicken liver [70.0g, FDC local:chicken]"
ph_204,409,5.9,13.3,39.7,3.9,653,5.5,local_reference_ingredient_sum_draft,api_estimate,pending_review,"Draft only: summed local reference ingredient profiles and divided by source_servings=4. Reviewer must verify ingredient matches, edible yield, oil absorption, and serving size before marking reviewed.",draft_partial_match,7,"1 lb. Apple snails kohol, shell removed (no FDC match for apple snails kohol shell removed) | 6 pieces red chillies (no FDC match for chillies) | 1/4 teaspoon ground black pepper (no FDC match for pepper)","1 large bunch fresh spinach => spinach [100.0g, FDC local:spinach] | 2 cups coconut milk => coconut milk [480.0g, FDC local:coconut milk] | 1 medium onion sliced => onion [110.0g, FDC local:onion] | 4 cloves garlic crushed and chopped => garlic and [12.0g, FDC local:garlic] | 2 thumbs ginger sliced => ginger [30.0g, FDC local:ginger] | 1/4 cup shrimp paste => shrimp paste [35.0g, FDC local:shrimp paste] | 3 tablespoons cooking oil => cooking oil [40.8g, FDC local:cooking oil]"
ph_205,151,5.6,1.3,13.7,0.1,13,0.1,local_reference_ingredient_sum_draft,api_estimate,pending_review,"Draft only: summed local reference ingredient profiles and divided by source_servings=5. Reviewer must verify ingredient matches, edible yield, oil absorption, and serving size before marking reviewed.",draft_partial_match,4,1 teaspoon whole cloves (no usable quantity) | 12 pieces dried bay leaves (ignored seasoning/water) | 2 pieces cinnamon sticks (no FDC match for cinnamon sticks) | 8 cups water (ignored seasoning/water),"1 piece 3 to 4 lbs. pig leg => to . pork [100.0g, FDC local:pork] | 6 cloves garlic crushed => garlic [18.0g, FDC local:garlic] | 1 tablespoon onion powder => onion powder [8.0g, FDC local:onion] | 4 tablespoons cooking oil or cooking oil spray => cooking oil or cooking oil spray [54.4g, FDC local:cooking oil]"
ph_206,539,21.9,11.5,47.9,3.6,464,5.4,local_reference_ingredient_sum_draft,api_estimate,pending_review,"Draft only: summed local reference ingredient profiles and divided by source_servings=6. Reviewer must verify ingredient matches, edible yield, oil absorption, and serving size before marking reviewed.",draft_partial_match,6,5 to 8 pieces dried red chili pepper (no FDC match for dried chili pepper) | 3 cups dried chopped kale leaves (no FDC match for dried kale leaves),"2 cups 1 can coconut milk => can coconut milk [480.0g, FDC local:coconut milk] | 2 cups 1 can coconut cream => can coconut cream [480.0g, FDC local:coconut cream] | 12 ounces canned tuna in water => canned tuna in water [340.2g, FDC local:tuna] | 1/4 cup sliced ginger => ginger [35.0g, FDC local:ginger] | 1 teaspoon minced garlic => garlic [2.7g, FDC local:garlic] | 1/4 cup spicy shrimp paste bagoong => spicy shrimp paste shrimp paste [35.0g, FDC local:shrimp paste]"
ph_207,783,83.1,11.7,42.4,0.2,1149,10.5,local_reference_ingredient_sum_draft,api_estimate,pending_review,"Draft only: summed local reference ingredient profiles and divided by source_servings=6. Reviewer must verify ingredient matches, edible yield, oil absorption, and serving size before marking reviewed.",draft_partial_match,4,3/4 cup banana ketchup (no FDC match for banana ketchup) | Juice from 2 lemons (missing quantity) | 1/2 teaspoon ground black pepper (no FDC match for pepper) | 1/4 teaspoon salt (no FDC match for salt),"4 lbs. pork shoulder sliced into thin pieces => pork shoulder into thin [1814.4g, FDC local:pork] | 3/4 cup soy sauce => soy sauce [105.0g, FDC local:soy sauce] | 1 tablespoon garlic powder => garlic powder [8.0g, FDC local:garlic] | 1/2 cup brown sugar => brown sugar [62.5g, FDC local:sugar]"
ph_210,671,16.9,3.0,65.2,0.5,66,1.2,local_reference_ingredient_sum_draft,api_estimate,pending_review,"Draft only: summed local reference ingredient profiles and divided by source_servings=4. Reviewer must verify ingredient matches, edible yield, oil absorption, and serving size before marking reviewed.",draft_partial_match,7,3 1/2 tablespoons margarine (no FDC match for margarine) | Salt and ground black pepper to taste (ignored seasoning/water),"1 lb. Filipino style grilled pork belly sliced into serving pieces => filipino style grilled pork belly into serving [453.6g, FDC local:pork belly] | 2 ounces chicken liver => chicken liver [56.7g, FDC local:chicken] | 1 large yellow onion => onion [110.0g, FDC local:onion] | 1 teaspoon garlic powder => garlic powder [2.7g, FDC local:garlic] | 1 tablespoon mayonnaise => cooking oil [13.6g, FDC local:cooking oil] | 1 teaspoon chopped green onion => onion [2.7g, FDC local:onion] | 1 piece egg => egg [50.0g, FDC local:egg]"
ph_211,343,63.6,1.1,8.9,0.0,320,0.3,local_reference_ingredient_sum_draft,api_estimate,pending_review,"Draft only: summed local reference ingredient profiles and divided by source_servings=4. Reviewer must verify ingredient matches, edible yield, oil absorption, and serving size before marking reviewed.",draft_partial_match,4,1 serving of crisy fried jeprox (no FDC match for serving of crisy fried jeprox),"1 serving of Pork Adobo Paksiw => serving of pork adobo paksiw [100.0g, FDC local:pork] | 3 to 4 cups of shrimp fried rice => of shrimp fried rice [840.0g, FDC local:shrimp] | 1/2 cup spicy vinegar => spicy vinegar [70.0g, FDC local:vinegar] | 4 pieces hard boiled eggs => hard eggs [200.0g, FDC local:egg]"
ph_212,710,37.0,16.4,58.3,4.3,2260,6.5,local_reference_ingredient_sum_draft,api_estimate,pending_review,"Draft only: summed local reference ingredient profiles and divided by source_servings=6. Reviewer must verify ingredient matches, edible yield, oil absorption, and serving size before marking reviewed.",draft_partial_match,10,1/4 teaspoon ground black pepper (no FDC match for pepper),"2 lbs. medium crab cleaned and sliced in half => crab and in half [907.2g, FDC local:crab] | 1 1/2 cup malunggay leaves => moringa leaves leaves [45.0g, FDC local:moringa leaves] | 1/2 medium butternut squash cubed => butternut squash [50.0g, FDC local:squash] | 2 cups 1can coconut cream => 1can coconut cream [480.0g, FDC local:coconut cream] | 2 cups 1 can coconut cream => can coconut cream [480.0g, FDC local:coconut cream] | 1/4 cup ginger sliced into thick strips => ginger into thick strips [35.0g, FDC local:ginger] | 4 cloves garlic crushed => garlic [12.0g, FDC local:garlic] | 1 medium yellow onion sliced => onion [110.0g, FDC local:onion] | 1/4 cup shrimp paste bagoong => shrimp paste shrimp paste [35.0g, FDC local:shrimp paste] | 1 tablespoon fish sauce patis, optional => fish sauce patis [15.0g, FDC local:fish sauce]"
ph_213,615,67.3,2.1,35.5,0.1,787,0.8,local_reference_ingredient_sum_draft,api_estimate,pending_review,"Draft only: summed local reference ingredient profiles and divided by source_servings=8. Reviewer must verify ingredient matches, edible yield, oil absorption, and serving size before marking reviewed.",draft_partial_match,8,6 pieces dried bay leaves (ignored seasoning/water) | 1 tablespoon oyster sauce (no FDC match for oyster sauce) | Salt to taste (ignored seasoning/water),"4 lbs. pork shoulder sliced into cubes => pork shoulder into cubes [1814.4g, FDC local:pork] | 1/2 cup soy sauce => soy sauce [70.0g, FDC local:soy sauce] | 1 tablespoon minced garlic => garlic [8.0g, FDC local:garlic] | 1 1/2 cup beef broth => beef broth [360.0g, FDC local:broth] | 2 teaspoons whole peppercorn => peppercorn [5.3g, FDC local:corn] | 6 pieces hard boiled eggs peeled => hard eggs [300.0g, FDC local:egg] | 1/4 cup cane or apple cider vinegar => cane or apple cider vinegar [35.0g, FDC local:vinegar] | 1 teaspoon granulated white sugar => granulated sugar [4.2g, FDC local:sugar]"
ph_214,253,21.0,11.0,14.8,2.1,695,2.5,local_reference_ingredient_sum_draft,api_estimate,pending_review,"Draft only: summed local reference ingredient profiles and divided by source_servings=8. Reviewer must verify ingredient matches, edible yield, oil absorption, and serving size before marking reviewed.",draft_partial_match,8,1 tablespoons red chili flakes or 1 tablespoon Sriracha sauce (no FDC match for chili flakes or sriracha sauce),"1 lb. shrimp => shrimp [453.6g, FDC local:shrimp] | 1/4 lb. sliced pork optional => pork [113.4g, FDC local:pork] | 1 pack 3.5 oz dried taro leaves => pack dried taro leaves [100.0g, FDC local:taro] | 4 cans 8 cups coconut milk => cans coconut milk [400.0g, FDC local:coconut milk] | 1/2 cup shrimp paste bagoong => shrimp paste shrimp paste [70.0g, FDC local:shrimp paste] | 1 medium yellow onion sliced => onion [110.0g, FDC local:onion] | 1/2 cup sliced ginger => ginger [70.0g, FDC local:ginger] | 8 to 10 cloves crushed garlic => garlic [27.0g, FDC local:garlic]"
ph_215,65,6.6,0.5,4.0,0.0,65,0.2,local_reference_ingredient_sum_draft,api_estimate,pending_review,"Draft only: summed local reference ingredient profiles and divided by source_servings=6. Reviewer must verify ingredient matches, edible yield, oil absorption, and serving size before marking reviewed.",draft_partial_match,2,1 serving of Meatball adobo see recipe here (no FDC match for serving of meatball adobo see recipe here),"1 1/2 serving of Shrimp Fried Rice click for the recipe => serving of shrimp fried rice click for the recipe [30.0g, FDC local:shrimp] | 4 to 6 pieces fried eggs you can also cook eggs through these 10 different ways => fried eggs you can also cook eggs through these different ways [250.0g, FDC local:egg]"
ph_218,52,1.0,1.9,4.6,0.1,396,0.4,local_reference_ingredient_sum_draft,api_estimate,pending_review,"Draft only: summed local reference ingredient profiles and divided by source_servings=6. Reviewer must verify ingredient matches, edible yield, oil absorption, and serving size before marking reviewed.",draft_partial_match,7,1 1/2 lb meatballs see meatball recipe here (no FDC match for meatballs see meatball recipe here) | 4 pieces dried bay leaves (ignored seasoning/water) | Salt to taste (ignored seasoning/water),"1/4 cup soy sauce => soy sauce [35.0g, FDC local:soy sauce] | 2 tablespoons vinegar => vinegar [30.0g, FDC local:vinegar] | 6 cloves garlic crushed => garlic [18.0g, FDC local:garlic] | 3/4 cup beef broth => beef broth [180.0g, FDC local:broth] | 1 teaspoon peppercorn => peppercorn [2.7g, FDC local:corn] | 2 tablespoon cooking oil => cooking oil [27.2g, FDC local:cooking oil] | 1/2 teaspoon granulated white sugar => granulated sugar [2.1g, FDC local:sugar]"
ph_219,111,9.5,10.0,4.3,3.0,830,4.5,local_reference_ingredient_sum_draft,api_estimate,pending_review,"Draft only: summed local reference ingredient profiles and divided by source_servings=3. Reviewer must verify ingredient matches, edible yield, oil absorption, and serving size before marking reviewed.",draft_partial_match,6,4 to 6 pieces guava ripe (no FDC match for guava) | 2 pieces Jalapeno pepper (no FDC match for jalapeno pepper) | 1 teaspoon ground black pepper (no FDC match for pepper) | 4 to 5 cups water (no FDC match for water),"1 medium milkfish bangus, cleaned and scales removed and sliced into steaks => milkfish milkfish and scales removed and into steaks [100.0g, FDC local:milkfish] | 2 cups baby spinach => baby spinach [60.0g, FDC local:spinach] | 8 pieces okra => okra [96.0g, FDC local:okra] | 1 small onion wedged => onion [110.0g, FDC local:onion] | 2 medium tomato wedged => tomato [240.0g, FDC local:tomato] | 2 tablespoons fish sauce => fish sauce [30.0g, FDC local:fish sauce]"
ph_220,541,32.2,51.6,22.5,6.6,818,4.2,local_reference_ingredient_sum_draft,api_estimate,pending_review,"Draft only: summed local reference ingredient profiles and divided by source_servings=5. Reviewer must verify ingredient matches, edible yield, oil absorption, and serving size before marking reviewed.",draft_partial_match,9,"1 lb. ox tripe sliced into squares and cleaned (no FDC match for ox tripe into squares and) | 1 15 oz. can chickpeas, water removed (no FDC match for . can chickpeas water removed) | 4 pieces saba banana sliced (no FDC match for saba banana) | 3 pieces Chinese sausage sliced (no FDC match for chinese sausage) | 1/4 teaspoon ground black pepper (no FDC match for pepper)","1 lb. beef chuck cubed => beef chuck [453.6g, FDC local:beef] | 6 to 8 pieces small potato => potato [1190.0g, FDC local:potato] | 1 bunch baby bok choy => baby bok choy [150.0g, FDC local:bok choy] | 1 4 oz. can tomato sauce => . can tomato sauce [120.0g, FDC local:tomato] | 3 cups beef broth => beef broth [720.0g, FDC local:broth] | 1 medium yellow onion minced => onion [110.0g, FDC local:onion] | 1- teaspoon garlic minced => - garlic [100.0g, FDC local:garlic] | 11/2 tablespoons fish sauce => fish sauce [22.5g, FDC local:fish sauce] | 3 tablespoons cooking oil => cooking oil [40.8g, FDC local:cooking oil]"
ph_221,15,0.3,2.5,0.0,0.1,1,0.9,local_reference_ingredient_sum_draft,api_estimate,pending_review,"Draft only: summed local reference ingredient profiles and divided by source_servings=3. Reviewer must verify ingredient matches, edible yield, oil absorption, and serving size before marking reviewed.",draft_partial_match,4,1 lb. Mahi-mahi fillet (no FDC match for mahi-mahi fillet) | 1 teaspoons salt (ignored seasoning/water) | 2 pieces long green chili (no FDC match for chili) | 3/4 to 1 cup water (no FDC match for water),"1 teaspoon whole peppercorn => peppercorn [2.7g, FDC local:corn] | 4 cloves garlic crushed => garlic [12.0g, FDC local:garlic] | 1/2 to 3/4 cup coconut vinegar => coconut vinegar [87.5g, FDC local:vinegar] | 1/2 teaspoon sugar => sugar [2.1g, FDC local:sugar]"
ph_222,832,61.6,79.6,31.8,5.1,352,2.4,local_reference_ingredient_sum_draft,api_estimate,pending_review,"Draft only: summed local reference ingredient profiles and divided by source_servings=4. Reviewer must verify ingredient matches, edible yield, oil absorption, and serving size before marking reviewed.",draft_partial_match,5,a dash of ground black pepper (no FDC match for dash of pepper),"1 1/2 lb. Pork Adobo sauce removed => pork adobo sauce removed [680.4g, FDC local:pork] | 1 teaspoon minced garlic => garlic [2.7g, FDC local:garlic] | 2 tablespoons cooking oil => cooking oil [27.2g, FDC local:cooking oil] | 1 tablespoon soy sauce or Worcestershire sauce => soy sauce or worcestershire sauce [15.0g, FDC local:soy sauce] | 4 cups garlic fried rice => garlic fried rice [960.0g, FDC local:garlic]"
ph_223,554,50.2,7.5,35.0,1.6,1097,3.2,local_reference_ingredient_sum_draft,api_estimate,pending_review,"Draft only: summed local reference ingredient profiles and divided by source_servings=4. Reviewer must verify ingredient matches, edible yield, oil absorption, and serving size before marking reviewed.",draft_partial_match,8,1/4 teaspoon ground black pepper (no FDC match for pepper),"1 1/2 lbs. pork shoulders cut into cubes => pork shoulders [680.4g, FDC local:pork] | 1/4 cup shrimp paste cooked => shrimp paste [35.0g, FDC local:shrimp paste] | 2 medium plum tomatoes diced => plum tomatoes [240.0g, FDC local:tomato] | 1 large yellow onion diced => onion [110.0g, FDC local:onion] | 1 teaspoon minced garlic => garlic [2.7g, FDC local:garlic] | 2 1/2 cups beef broth => beef broth [600.0g, FDC local:broth] | 1 medium Chinese eggplant sliced => chinese eggplant [50.0g, FDC local:eggplant] | 3 tablespoons cooking oil => cooking oil [40.8g, FDC local:cooking oil]"
ph_224,301,42.1,15.8,9.0,4.8,1557,5.7,local_reference_ingredient_sum_draft,api_estimate,pending_review,"Draft only: summed local reference ingredient profiles and divided by source_servings=3. Reviewer must verify ingredient matches, edible yield, oil absorption, and serving size before marking reviewed.",draft_partial_match,7,2 cups bilimbi kamias (no FDC match for bilimbi kamias) | 1 bunch string beans cut in 2 inch length (no FDC match for string beans cut in inch length) | 2 pieces long green pepper (no FDC match for pepper) | 5 cups water (ignored seasoning/water),"1 lb. fish fillet or whole fish with bones => fish fillet or fish with bones [453.6g, FDC local:fish] | 2 medium tomatoes quartered => tomatoes quartered [240.0g, FDC local:tomato] | 1 medium onion quartered => onion quartered [110.0g, FDC local:onion] | 8 to 10 pieces okra => okra [108.0g, FDC local:okra] | 1 bunch kangkong ongchoy or water spinach, cleaned and chopped => kangkong ongchoy or water spinach and [150.0g, FDC local:spinach] | 3 tablespoons miso paste shiromiso or yellow miso => soybean paste paste shiromiso or soybean paste [51.0g, FDC local:soybean paste] | 2 tablespoons fish sauce => fish sauce [30.0g, FDC local:fish sauce]"
ph_225,609,64.4,11.6,32.1,1.7,1049,2.2,local_reference_ingredient_sum_draft,api_estimate,pending_review,"Draft only: summed local reference ingredient profiles and divided by source_servings=4. Reviewer must verify ingredient matches, edible yield, oil absorption, and serving size before marking reviewed.",draft_partial_match,7,5 cups water (ignored seasoning/water) | 4 pieces ripe saba bananas sliced (no FDC match for saba bananas),"2 lbs. pork hock pata, sliced => pork hock pata [907.2g, FDC local:pork] | 2 cups beef stock or beef broth optional => beef stock or beef broth [480.0g, FDC local:broth] | 1 large bunch of baby bok choy or pechay => of baby bok choy or bok choy [100.0g, FDC local:bok choy] | 1 tablespoon whole peppercorn => peppercorn [8.0g, FDC local:corn] | 2 tablespoons fish sauce patis => fish sauce patis [30.0g, FDC local:fish sauce] | 1 medium yellow onion sliced => onion [110.0g, FDC local:onion] | 1 large potato cubed => potato [170.0g, FDC local:potato]"
ph_226,896,17.1,25.4,80.5,5.1,473,2.9,local_reference_ingredient_sum_draft,api_estimate,pending_review,"Draft only: summed local reference ingredient profiles and divided by source_servings=6. Reviewer must verify ingredient matches, edible yield, oil absorption, and serving size before marking reviewed.",draft_partial_match,8,8 to 10 string beans cut into 2 inch length (no FDC match for string beans) | 12 to 15 pieces kamias bilimbi (no FDC match for kamias bilimbi) | 2 pieces long green pepper (no FDC match for pepper) | 6 cups water (ignored seasoning/water),"2 lbs. pork belly liempo => pork belly liempo [907.2g, FDC local:pork belly] | 4 to 5 pieces small gabi eddo, peeled => gabi eddo [450.0g, FDC local:taro] | 1 bunch kangkong chopped and cleaned => kangkong and [150.0g, FDC local:spinach] | 2 medium plum tomatoes quartered => plum tomatoes quartered [240.0g, FDC local:tomato] | 1 medium onion quartered => onion quartered [110.0g, FDC local:onion] | 1 medium Chinese eggplant sliced => chinese eggplant [50.0g, FDC local:eggplant] | 6 to 8 pieces okra => okra [84.0g, FDC local:okra] | 2 tablespoons fish sauce patis => fish sauce patis [30.0g, FDC local:fish sauce]"
ph_227,310,13.3,18.0,22.4,5.6,658,4.9,local_reference_ingredient_sum_draft,api_estimate,pending_review,"Draft only: summed local reference ingredient profiles and divided by source_servings=4. Reviewer must verify ingredient matches, edible yield, oil absorption, and serving size before marking reviewed.",draft_partial_match,10,2 lbs. ox tripe tripas (no FDC match for ox tripe tripas) | 8 pieces string beans cut into 2 inch length (no FDC match for string beans) | 1 cup water or beef broth (ignored seasoning/water) | 4 cups water for blanching the vegetables (ignored seasoning/water),"3/4 cups crushed peanuts => peanuts [105.0g, FDC local:peanuts] | 1 bunch baby boo choy or pechay => baby boo choy or bok choy [150.0g, FDC local:bok choy] | 1 small banana blossom banana flower also referred to as heart, chopped => banana blossom banana flower also referred to as heart [100.0g, FDC local:banana blossom] | 1 medium Chinese eggplant sliced => chinese eggplant [50.0g, FDC local:eggplant] | 1 medium onion sliced => onion [110.0g, FDC local:onion] | 2 tablespoons annatto powder diluted in 11/2 cup water => annatto powder diluted in water [16.0g, FDC local:annatto oil] | 1 tablespoon beef powder or 1 beef cube => beef powder or beef cube [8.0g, FDC local:beef] | 1/4 cup bagoong shrimp paste => shrimp paste shrimp paste [35.0g, FDC local:shrimp paste] | 3 tablespoons glutinous rice flour diluted in 1/4 cup water => glutinous rice flour diluted in water [24.0g, FDC local:flour] | 1/4 cup peanut butter optional => peanut butter [35.0g, FDC local:peanut butter]"
ph_228,74,6.3,5.7,2.9,0.6,15,1.1,local_reference_ingredient_sum_draft,api_estimate,pending_review,"Draft only: summed local reference ingredient profiles and divided by source_servings=5. Reviewer must verify ingredient matches, edible yield, oil absorption, and serving size before marking reviewed.",draft_partial_match,4,5 pieces dried bay leaves (ignored seasoning/water) | 1 bunch of lemongrass (no FDC match for of lemongrass) | 2 tablespoons salt (ignored seasoning/water) | water enough to cover the leg (missing quantity) | 3/4 cup fresh milk (no FDC match for milk),"1 pig leg 4 lbs., cleaned => pork . [100.0g, FDC local:pork] | 1 tablespoon whole peppercorn => peppercorn [8.0g, FDC local:corn] | 1 large onion => onion [110.0g, FDC local:onion] | 1 head garlic crushed => garlic [50.0g, FDC local:garlic]"
ph_229,727,16.4,21.9,68.6,6.3,673,8.8,local_reference_ingredient_sum_draft,api_estimate,pending_review,"Draft only: summed local reference ingredient profiles and divided by source_servings=8. Reviewer must verify ingredient matches, edible yield, oil absorption, and serving size before marking reviewed.",draft_partial_match,8,5 to 7 pieces red chilies (no FDC match for chilies),"3.5 oz taro leaves dried => taro leaves dried [99.2g, FDC local:taro] | 6 cups coconut milk => coconut milk [1440.0g, FDC local:coconut milk] | 2 cups coconut cream => coconut cream [480.0g, FDC local:coconut cream] | 1/2 cup shrimp paste bagoong or balaw => shrimp paste shrimp paste or balaw [70.0g, FDC local:shrimp paste] | 1/2 lb. pork shoulder thinly sliced => pork shoulder thinly [226.8g, FDC local:pork] | 1 piece onion sliced => onion [110.0g, FDC local:onion] | 1/2 cup sliced ginger => ginger [70.0g, FDC local:ginger] | 8 cloves garlic crushed => garlic [24.0g, FDC local:garlic]"
ph_230,473,39.7,7.5,33.4,2.0,1005,2.8,local_reference_ingredient_sum_draft,api_estimate,pending_review,"Draft only: summed local reference ingredient profiles and divided by source_servings=3. Reviewer must verify ingredient matches, edible yield, oil absorption, and serving size before marking reviewed.",draft_partial_match,7,4 to 5 pieces dried bay leaves (no FDC match for dried bay leaves) | 1/2 cup water (ignored seasoning/water) | Salt to taste (ignored seasoning/water),"1 lb. shrimp with shell and head (cleaned) => shrimp with shell and [453.6g, FDC local:shrimp] | 5 to 6 cloves garlic crushed => garlic [16.5g, FDC local:garlic] | 1 cup coconut milk => coconut milk [240.0g, FDC local:coconut milk] | 1 teaspoon whole peppercorn => peppercorn [2.7g, FDC local:corn] | 3 tablespoons soy sauce => soy sauce [45.0g, FDC local:soy sauce] | 2 tablespoon white or cane vinegar => or cane vinegar [30.0g, FDC local:vinegar] | 3 tablespoons cooking oil => cooking oil [40.8g, FDC local:cooking oil]"
ph_231,498,22.5,11.8,42.9,3.4,802,5.5,local_reference_ingredient_sum_draft,api_estimate,pending_review,"Draft only: summed local reference ingredient profiles and divided by source_servings=4. Reviewer must verify ingredient matches, edible yield, oil absorption, and serving size before marking reviewed.",draft_partial_match,8,1 small green papaya cut into wedges (no FDC match for papaya) | 1/4 teaspoon ground black pepper (no FDC match for pepper) | 3 pieces chili optional (no FDC match for chili) | 1/2 cup water (ignored seasoning/water),"3 pieces medium sized dried fish daing, fried => sized dried fish daing fried [300.0g, FDC local:fish] | 2 1/2 tablespoons fish sauce => fish sauce [37.5g, FDC local:fish sauce] | 2 cups coconut milk => coconut milk [480.0g, FDC local:coconut milk] | 1 cup malunggay leaves => moringa leaves leaves [30.0g, FDC local:moringa leaves] | 1 small yellow onion sliced => onion [110.0g, FDC local:onion] | 4 cloves garlic minced => garlic [12.0g, FDC local:garlic] | 3 tablespoons cooking oil => cooking oil [40.8g, FDC local:cooking oil] | 1 thumb ginger minced => ginger [15.0g, FDC local:ginger]"
ph_233,88,4.7,3.0,6.7,0.5,601,1.1,local_reference_ingredient_sum_draft,api_estimate,pending_review,"Draft only: summed local reference ingredient profiles and divided by source_servings=6. Reviewer must verify ingredient matches, edible yield, oil absorption, and serving size before marking reviewed.",draft_partial_match,6,1 1/2 cups hot pepper leaves (no FDC match for hot pepper leaves) | 2 pieces chayote quartered (no FDC match for chayote quartered) | 8 cups water (ignored seasoning/water) | 1/4 teaspoon ground black pepper (no FDC match for pepper),"1 large bangus milkfish, scales and innards removed and sliced => milkfish scales and innards removed and [100.0g, FDC local:milkfish] | 1 1/2 cups malunggay leaves => moringa leaves leaves [45.0g, FDC local:moringa leaves] | 1 thumb ginger sliced into strips => ginger into strips [15.0g, FDC local:ginger] | 1 medium yellow onion sliced => onion [110.0g, FDC local:onion] | 3 tablespoons fish sauce patis => fish sauce patis [45.0g, FDC local:fish sauce] | 2 tablespoons cooking oil => cooking oil [27.2g, FDC local:cooking oil]"
ph_234,253,0.0,0.6,27.2,0.0,1,0.3,local_reference_ingredient_sum_draft,api_estimate,pending_review,"Draft only: summed local reference ingredient profiles and divided by source_servings=1. Reviewer must verify ingredient matches, edible yield, oil absorption, and serving size before marking reviewed.",draft_partial_match,2,3 pieces salted dried bisugo Threadfin bream (no FDC match for salted dried bisugo threadfin bream) | 1 1/2 cup sinangag (no FDC match for sinangag),"2 tablespoons cooking oil => cooking oil [27.2g, FDC local:cooking oil] | 1/2 cup sinamak or pinakurat spiced vinegar => sinamak or pinakurat spiced vinegar [70.0g, FDC local:vinegar]"
ph_235,350,55.8,7.2,11.6,1.9,143,4.3,local_reference_ingredient_sum_draft,api_estimate,pending_review,"Draft only: summed local reference ingredient profiles and divided by source_servings=4. Reviewer must verify ingredient matches, edible yield, oil absorption, and serving size before marking reviewed.",draft_partial_match,3,12 pieces fresh or fresh frozen kamias bilimbi (no FDC match for or kamias bilimbi) | 4 pieces long green pepper (no FDC match for pepper) | 6 to 8 leaves mustard greens (no FDC match for leaves mustard greens) | 6 cups water (ignored seasoning/water) | Salt and pepper to taste. (ignored seasoning/water),"2 lbs. fish steaks or 2 whole medium fish cleaned => fish steaks or fish [907.2g, FDC local:fish] | 4 plum tomatoes wedged => plum tomatoes [480.0g, FDC local:tomato] | 1 medium yellow onion wedged => onion [110.0g, FDC local:onion]"
ph_236,460,50.0,21.1,18.4,1.8,1105,2.8,local_reference_ingredient_sum_draft,api_estimate,pending_review,"Draft only: summed local reference ingredient profiles and divided by source_servings=4. Reviewer must verify ingredient matches, edible yield, oil absorption, and serving size before marking reviewed.",draft_partial_match,10,1 lemon (no FDC match for lemon) | 1 1/2 to 2 tablespoons olive oil (no FDC match for olive oil) | 8 to 10 cups water for boiling (ignored frying oil reserve) | Salt and pepper to taste (ignored seasoning/water),"1 package 12.8 oz. Udon noodles => package . udon noodles [100.0g, FDC local:noodles] | 10 pieces squid balls cut in half => squid balls cut in half [1000.0g, FDC local:squid] | 1/2 small cabbage chopped => cabbage [50.0g, FDC local:cabbage] | 1 medium carrot julienne => carrot julienne [60.0g, FDC local:carrot] | 1 medium yellow onion sliced => onion [110.0g, FDC local:onion] | 1/4 lb. pork sliced into thin pieces and chopped => pork into thin and [113.4g, FDC local:pork] | 1/2 cup soy sauce => soy sauce [70.0g, FDC local:soy sauce] | 1/4 cup chopped green onions or scallions => onions or scallions [35.0g, FDC local:onion] | 3 tablespoons cooking oil => cooking oil [40.8g, FDC local:cooking oil] | 3 cloves garlic minced => garlic [9.0g, FDC local:garlic]"
ph_237,855,69.9,44.3,42.7,7.5,532,8.6,local_reference_ingredient_sum_draft,api_estimate,pending_review,"Draft only: summed local reference ingredient profiles and divided by source_servings=4. Reviewer must verify ingredient matches, edible yield, oil absorption, and serving size before marking reviewed.",draft_partial_match,9,6 pieces hotdogs or wieners sliced diagonally (no FDC match for hotdogs or wieners diagonally) | Salt and ground black pepper to taste (ignored seasoning/water),"2 lbs pork shoulder cut into cubes => pork shoulder [907.2g, FDC local:pork] | 1 large yellow onion minced => onion [110.0g, FDC local:onion] | 4 cloves garlic minced => garlic [12.0g, FDC local:garlic] | 1 16 oz. can tomato sauce => . can tomato sauce [120.0g, FDC local:tomato] | 1 1/2 cups frozen green peas => green peas [225.0g, FDC local:green peas] | 4 pieces potatoes cleaned and quartered => potatoes and quartered [680.0g, FDC local:potato] | 2 teaspoons granulated white sugar => granulated sugar [8.3g, FDC local:sugar] | 3 tablespoons cooking oil => cooking oil [40.8g, FDC local:cooking oil] | 2 to 3 cups beef broth => beef broth [600.0g, FDC local:broth]"
ph_238,874,33.1,56.2,61.9,7.0,481,42.9,local_reference_ingredient_sum_draft,api_estimate,pending_review,"Draft only: summed local reference ingredient profiles and divided by source_servings=3. Reviewer must verify ingredient matches, edible yield, oil absorption, and serving size before marking reviewed.",draft_partial_match,7,4 pieces chili pepper chopped (optional) (no FDC match for chili pepper) | 1/4 teaspoon ground black pepper (no FDC match for pepper),"20 oz. unripe jackfruit chopped => unripe jackfruit [567.0g, FDC local:jackfruit] | 10 oz. pork cubed => pork [283.5g, FDC local:pork] | 2 cups coconut milk => coconut milk [480.0g, FDC local:coconut milk] | 1 medium onion sliced => onion [110.0g, FDC local:onion] | 1 teaspoon minced garlic => garlic [2.7g, FDC local:garlic] | 1 tablespoon fish sauce => fish sauce [15.0g, FDC local:fish sauce] | 2 tablespoons cooking oil => cooking oil [27.2g, FDC local:cooking oil]"
ph_239,656,62.7,2.4,42.1,0.2,965,0.2,local_reference_ingredient_sum_draft,api_estimate,pending_review,"Draft only: summed local reference ingredient profiles and divided by source_servings=4. Reviewer must verify ingredient matches, edible yield, oil absorption, and serving size before marking reviewed.",draft_partial_match,6,4 to 5 pieces dried bay leaves (no FDC match for dried bay leaves) | 1 cup water (ignored seasoning/water) | salt to taste if necessary (ignored seasoning/water),"2 lbs. pork chops => pork chops [907.2g, FDC local:pork] | 4 tablespoons dark soy sauce => dark soy sauce [60.0g, FDC local:soy sauce] | 5 cloves garlic crushed => garlic [15.0g, FDC local:garlic] | 3 tablespoons white or cane vinegar => or cane vinegar [45.0g, FDC local:vinegar] | 2 teaspoons whole peppercorn => peppercorn [5.3g, FDC local:corn] | 3 tablespoons cooking oil => cooking oil [40.8g, FDC local:cooking oil]"
ph_240,320,4.2,9.0,31.7,2.7,732,4.3,local_reference_ingredient_sum_draft,api_estimate,pending_review,"Draft only: summed local reference ingredient profiles and divided by source_servings=5. Reviewer must verify ingredient matches, edible yield, oil absorption, and serving size before marking reviewed.",draft_partial_match,8,2 lbs sea snails (no FDC match for sea snails) | 1/4 teaspoon ground black pepper (no FDC match for pepper) | 1 teaspoon crushed red pepper (no FDC match for pepper),"2 cups coconut milk => coconut milk [480.0g, FDC local:coconut milk] | 1 cup chopped spinach => spinach [30.0g, FDC local:spinach] | 2 tablespoons shrimp paste bagoong alamang => shrimp paste shrimp paste [34.0g, FDC local:shrimp paste] | 1 tablespoon fish sauce paris => fish sauce paris [15.0g, FDC local:fish sauce] | 1 medium onion minced => onion [110.0g, FDC local:onion] | 1 thumb ginger minced => ginger [15.0g, FDC local:ginger] | 1 teaspoon minced garlic => garlic [2.7g, FDC local:garlic] | 3 tablespoons cooking oil => cooking oil [40.8g, FDC local:cooking oil]"
ph_242,318,54.4,0.0,11.3,0.0,136,0.0,local_reference_ingredient_sum_draft,api_estimate,pending_review,"Draft only: summed local reference ingredient profiles and divided by source_servings=4. Reviewer must verify ingredient matches, edible yield, oil absorption, and serving size before marking reviewed.",draft_partial_match,1,3/4 cups cooking oil (ignored frying oil reserve),"2 lbs. Fish Adobo click here for recipe => fish adobo click here for recipe [907.2g, FDC local:fish]"
ph_244,17,1.7,2.1,0.2,0.2,1031,0.2,local_reference_ingredient_sum_draft,api_estimate,pending_review,"Draft only: summed local reference ingredient profiles and divided by source_servings=4. Reviewer must verify ingredient matches, edible yield, oil absorption, and serving size before marking reviewed.",draft_partial_match,4,"2 lbs. round scad galunggong, gutted and cleaned (no FDC match for round scad galunggong gutted and) | 4 dried bay leaves (no FDC match for dried bay leaves) | 1 cup water (ignored seasoning/water) | 2 tablespoons sea salt (no FDC match for sea salt)","1 tablespoon minced garlic => garlic [8.0g, FDC local:garlic] | 1 tablespoon whole pepper corn => pepper corn [8.0g, FDC local:corn] | 5 tablespoons dark soy sauce => dark soy sauce [75.0g, FDC local:soy sauce] | 3 tablespoons white vinegar => vinegar [45.0g, FDC local:vinegar]"
ph_245,244,5.4,25.7,13.7,5.1,50,3.2,local_reference_ingredient_sum_draft,api_estimate,pending_review,"Draft only: summed local reference ingredient profiles and divided by source_servings=4. Reviewer must verify ingredient matches, edible yield, oil absorption, and serving size before marking reviewed.",draft_partial_match,5,1/4 kilo fresh unripe tamarind (no FDC match for kilo unripe tamarind) | 6 cups tap water (no FDC match for tap water) | 2 tablespoons patis (no FDC match for patis) | 1 long green pepper (no FDC match for pepper),"1 kilo sliced liempo pork belly => kilo liempo pork belly [100.0g, FDC local:pork belly] | 1 bundle chopped kangkong => kangkong [150.0g, FDC local:spinach] | 3 peeled taro roots gabi => taro roots gabi [300.0g, FDC local:taro] | 1 sliced onion => onion [110.0g, FDC local:onion] | 2 chopped tomato => tomato [240.0g, FDC local:tomato]"
ph_246,176,22.1,11.6,5.8,1.5,487,2.8,local_reference_ingredient_sum_draft,api_estimate,pending_review,"Draft only: summed local reference ingredient profiles and divided by source_servings=6. Reviewer must verify ingredient matches, edible yield, oil absorption, and serving size before marking reviewed.",draft_partial_match,8,2 cups water (ignored seasoning/water) | Salt and pepper to taste (ignored seasoning/water) | Cooking Procedure (missing quantity),"1 lb. shrimp head and shell removed => shrimp and shell removed [453.6g, FDC local:shrimp] | 2 15 oz. cans whole kernel corns => . cans kernel corns [200.0g, FDC local:corn] | 1 medium onion minced => onion [110.0g, FDC local:onion] | 3 cloves garlic minced => garlic [9.0g, FDC local:garlic] | 1 medium plum tomato diced => plum tomato [120.0g, FDC local:tomato] | 1 1/2 cups malunggay leaves => moringa leaves leaves [45.0g, FDC local:moringa leaves] | 4 cups chicken broth => chicken broth [960.0g, FDC local:broth] | 2 tablespoons cooking oil => cooking oil [27.2g, FDC local:cooking oil]"
ph_247,175,7.9,6.2,14.0,0.9,968,1.7,local_reference_ingredient_sum_draft,api_estimate,pending_review,"Draft only: summed local reference ingredient profiles and divided by source_servings=4. Reviewer must verify ingredient matches, edible yield, oil absorption, and serving size before marking reviewed.",draft_partial_match,6,12 to 15 pieces string beans cut into 2 1/2 inch length (no FDC match for string beans) | 1/4 cup water (ignored seasoning/water) | Salt and pepper to taste (ignored seasoning/water),"3 pieces extra firm tofu about 3 oz. per piece, fried until medium brown => extra tofu about . per fried until brown [300.0g, FDC local:tofu] | 1 medium yellow onion sliced => onion [110.0g, FDC local:onion] | 1/2 cup soy sauce => soy sauce [70.0g, FDC local:soy sauce] | 1/4 cup white vinegar => vinegar [35.0g, FDC local:vinegar] | 5 cloves garlic crushed => garlic [15.0g, FDC local:garlic] | 3 tablespoons cooking oil => cooking oil [40.8g, FDC local:cooking oil]"
ph_248,319,34.8,9.0,16.3,1.9,512,2.7,local_reference_ingredient_sum_draft,api_estimate,pending_review,"Draft only: summed local reference ingredient profiles and divided by source_servings=3. Reviewer must verify ingredient matches, edible yield, oil absorption, and serving size before marking reviewed.",draft_partial_match,7,Salt and pepper to taste (ignored seasoning/water),"1 large chayote sayote, cored and sliced => chayote sayote cored and [200.0g, FDC local:sayote] | 6 ounces boneless chicken breast thinly sliced => boneless chicken breast thinly [170.1g, FDC local:chicken] | 8 to 10 pieces medium shrimp deveined, shell and head removed => shrimp deveined shell and removed [180.0g, FDC local:shrimp] | 5 cloves garlic crushed => garlic [15.0g, FDC local:garlic] | 1 medium yellow onion sliced => onion [110.0g, FDC local:onion] | 2 cups chicken broth => chicken broth [480.0g, FDC local:broth] | 3 tablespoons cooking oil => cooking oil [40.8g, FDC local:cooking oil]"
ph_249,1025,52.0,15.9,85.1,4.3,561,7.1,local_reference_ingredient_sum_draft,api_estimate,pending_review,"Draft only: summed local reference ingredient profiles and divided by source_servings=3. Reviewer must verify ingredient matches, edible yield, oil absorption, and serving size before marking reviewed.",draft_partial_match,7,3 pieces long green chili (no FDC match for chili) | 3 pieces red Thai chili (no FDC match for thai chili) | 1/4 teaspoon ground black pepper (no FDC match for pepper) | 1/2 cup water (ignored seasoning/water),"1 1/2 lbs. salmon steak cut => salmon steak cut [680.4g, FDC local:salmon] | 2 cups coconut cream kakang gata => coconut cream kakang gata [480.0g, FDC local:coconut cream] | 3 cloves crushed garlic => garlic [9.0g, FDC local:garlic] | 1 tablespoon minced ginger => ginger [8.0g, FDC local:ginger] | 1 medium yellow onion sliced => onion [110.0g, FDC local:onion] | 1/4 cup cane vinegar => cane vinegar [35.0g, FDC local:vinegar] | 1 tablespoon fish sauce => fish sauce [15.0g, FDC local:fish sauce]"
ph_250,829,71.8,20.6,49.3,4.0,1070,6.0,local_reference_ingredient_sum_draft,api_estimate,pending_review,"Draft only: summed local reference ingredient profiles and divided by source_servings=3. Reviewer must verify ingredient matches, edible yield, oil absorption, and serving size before marking reviewed.",draft_partial_match,9,4 pieces star anise (no FDC match for star anise) | 3 cups water (ignored seasoning/water) | salt and pepper to taste (ignored seasoning/water),"1.5 lbs. beef shank => beef shank [680.4g, FDC local:beef] | 3 oz. mi trung dried egg noodles => mi trung dried egg noodles [85.0g, FDC local:noodles] | 1/2 cup carrots julienne => carrots julienne [70.0g, FDC local:carrot] | 2 cups chopped savoy cabbage => savoy cabbage [280.0g, FDC local:cabbage] | 3 pieces hard boiled eggs => hard eggs [150.0g, FDC local:egg] | 1 teaspoon minced garlic => garlic [2.7g, FDC local:garlic] | 1 medium sized onion minced => sized onion [110.0g, FDC local:onion] | 4 cups beef broth => beef broth [960.0g, FDC local:broth] | 2 tbsp cooking oil => cooking oil [27.2g, FDC local:cooking oil]"
ph_251,647,43.1,7.8,49.2,2.1,667,3.5,local_reference_ingredient_sum_draft,api_estimate,pending_review,"Draft only: summed local reference ingredient profiles and divided by source_servings=6. Reviewer must verify ingredient matches, edible yield, oil absorption, and serving size before marking reviewed.",draft_partial_match,7,4 to 6 pieces Serrano pepper sliced diagonally (no FDC match for serrano pepper diagonally) | Salt and pepper to taste (ignored seasoning/water),"2 lbs. beef chuck cubed => beef chuck [907.2g, FDC local:beef] | 2 cups coconut milk => coconut milk [480.0g, FDC local:coconut milk] | 1/3 cup shrimp paste bagoong alamang => shrimp paste shrimp paste [46.7g, FDC local:shrimp paste] | 4 cloves garlic crushed => garlic [12.0g, FDC local:garlic] | 1 tablespoon minced ginger => ginger [8.0g, FDC local:ginger] | 1 medium yellow onion sliced => onion [110.0g, FDC local:onion] | 3 tablespoons cooking oil => cooking oil [40.8g, FDC local:cooking oil]"
ph_252,1066,90.4,6.8,71.6,0.4,1071,2.4,local_reference_ingredient_sum_draft,api_estimate,pending_review,"Draft only: summed local reference ingredient profiles and divided by source_servings=2. Reviewer must verify ingredient matches, edible yield, oil absorption, and serving size before marking reviewed.",draft_partial_match,7,4 pieces dried bay leaves (ignored seasoning/water) | 2 cups water (ignored seasoning/water),"1 1/2 lbs. beef shank => beef shank [680.4g, FDC local:beef] | 1 1/2 teaspoon whole peppercorn => peppercorn [4.0g, FDC local:corn] | 7 cloves garlic crushed => garlic [21.0g, FDC local:garlic] | 6 teaspoons soy sauce => soy sauce [30.0g, FDC local:soy sauce] | 3 1/2 teaspoons white vinegar => vinegar [17.5g, FDC local:vinegar] | 1 teaspoon granulated white sugar => granulated sugar [4.2g, FDC local:sugar] | 3 tablespoons cooking oil => cooking oil [40.8g, FDC local:cooking oil]"
ph_254,111,2.1,5.1,9.2,0.3,1100,1.6,local_reference_ingredient_sum_draft,api_estimate,pending_review,"Draft only: summed local reference ingredient profiles and divided by source_servings=3. Reviewer must verify ingredient matches, edible yield, oil absorption, and serving size before marking reviewed.",draft_partial_match,5,4 cups chopped water spinach kangkong (ignored seasoning/water) | 1/2 cup water (ignored seasoning/water) | salt and pepper to taste (ignored seasoning/water),"4 tablespoons soy sauce => soy sauce [60.0g, FDC local:soy sauce] | 3 tablespoons white vinegar => vinegar [45.0g, FDC local:vinegar] | 8 cloves garlic crushed => garlic [24.0g, FDC local:garlic] | 1 teaspoon granulated white sugar => granulated sugar [4.2g, FDC local:sugar] | 2 tablespoons cooking oil => cooking oil [27.2g, FDC local:cooking oil]"
ph_255,514,31.1,15.9,38.2,3.3,684,5.4,local_reference_ingredient_sum_draft,api_estimate,pending_review,"Draft only: summed local reference ingredient profiles and divided by source_servings=4. Reviewer must verify ingredient matches, edible yield, oil absorption, and serving size before marking reviewed.",draft_partial_match,7,4 pieces long green chili pepper (no FDC match for chili pepper) | 1/4 teaspoon ground black pepper (no FDC match for pepper),"1 1/2 lbs small to medium squid cleaned => to squid [680.4g, FDC local:squid] | 2 cups coconut milk => coconut milk [480.0g, FDC local:coconut milk] | 1 1/2 cups malunggay leaves => moringa leaves leaves [45.0g, FDC local:moringa leaves] | 1 medium yellow onion diced => onion [110.0g, FDC local:onion] | 1 teaspoon minced garlic => garlic [2.7g, FDC local:garlic] | 2 tablespoons fish sauce => fish sauce [30.0g, FDC local:fish sauce] | 2 tablespoons cooking oil => cooking oil [27.2g, FDC local:cooking oil]"
ph_256,171,3.5,16.8,9.9,7.3,994,5.5,local_reference_ingredient_sum_draft,api_estimate,pending_review,"Draft only: summed local reference ingredient profiles and divided by source_servings=3. Reviewer must verify ingredient matches, edible yield, oil absorption, and serving size before marking reviewed.",draft_partial_match,7,3 pieces long green chili pepper sliced (no FDC match for chili pepper) | 1/4 teaspoon ground black pepper (no FDC match for pepper) | Brine: 6 cups of water combined with 5 tablespoons salt (missing quantity),"2 to 3 cups chopped banana blossoms => banana blossoms [350.0g, FDC local:banana blossom] | 1 tablespoon minced garlic => garlic [8.0g, FDC local:garlic] | 1 medium yellow onion sliced => onion [110.0g, FDC local:onion] | 6 tablespoons cane vinegar => cane vinegar [90.0g, FDC local:vinegar] | 2 tablespoons fish sauce => fish sauce [30.0g, FDC local:fish sauce] | 3/4 cup vegetable broth => vegetable broth [180.0g, FDC local:broth] | 2 tablespoons cooking oil => cooking oil [27.2g, FDC local:cooking oil]"
ph_257,171,13.0,19.9,5.6,5.2,1491,8.8,local_reference_ingredient_sum_draft,api_estimate,pending_review,"Draft only: summed local reference ingredient profiles and divided by source_servings=3. Reviewer must verify ingredient matches, edible yield, oil absorption, and serving size before marking reviewed.",draft_partial_match,7,1 sachet of sinigang sa sampaloc mix good for 2 liters (no FDC match for sachet of sinigang sa sampaloc mix good for liters) | 1/2 teaspoon ground black pepper (no FDC match for pepper) | 2 tablespoons sea salt (no FDC match for sea salt) | 3/4 cup cooking oil (ignored frying oil reserve) | 6 to 7 cups water (no FDC match for water),"1 large fresh bangus milkfish, scales and innards removed => milkfish scales and innards removed [100.0g, FDC local:milkfish] | 1 bunch spinach => spinach [150.0g, FDC local:spinach] | 4 pieces tomatoes quartered => tomatoes quartered [480.0g, FDC local:tomato] | 3 tablespoons white or yellow miso paste => or soybean paste paste [51.0g, FDC local:soybean paste] | 2 medium yellow onion => onion [220.0g, FDC local:onion] | 1 teaspoon minced garlic => garlic [2.7g, FDC local:garlic] | 2 tablespoons fish sauce patis => fish sauce patis [30.0g, FDC local:fish sauce]"
ph_258,212,9.6,21.9,9.5,1.3,460,1.5,local_reference_ingredient_sum_draft,api_estimate,pending_review,"Draft only: summed local reference ingredient profiles and divided by source_servings=6. Reviewer must verify ingredient matches, edible yield, oil absorption, and serving size before marking reviewed.",draft_partial_match,9,"1/2 lb. lechon roasted pig meat, chopped (no FDC match for lechon roasted pig meat) | 1/2 teaspoon ground black pepper (no FDC match for pepper) | 6 cups water (ignored seasoning/water) | Cooking Procedure (missing quantity)","1 lb. flat miki noodles => flat miki noodles [453.6g, FDC local:noodles] | 1 1/2 tablespoons fish sauce => fish sauce [22.5g, FDC local:fish sauce] | 1 tablespoon soy sauce => soy sauce [15.0g, FDC local:soy sauce] | 1 piece beef cube or 3 teaspoons beef powder => beef cube or beef powder [100.0g, FDC local:beef] | 1 piece raw egg beaten => egg beaten [50.0g, FDC local:egg] | 1 teaspoon minced garlic => garlic [2.7g, FDC local:garlic] | 1 medium yellow onion minced => onion [110.0g, FDC local:onion] | 3 tablespoons cornstarch diluted in 3 tablespoons water => cornstarch diluted in water [24.0g, FDC local:corn] | 2 tablespoons cooking oil => cooking oil [27.2g, FDC local:cooking oil]"
ph_259,164,18.6,18.5,2.8,4.8,2145,7.8,local_reference_ingredient_sum_draft,api_estimate,pending_review,"Draft only: summed local reference ingredient profiles and divided by source_servings=2. Reviewer must verify ingredient matches, edible yield, oil absorption, and serving size before marking reviewed.",draft_partial_match,6,5 to 7 pieces mustard leaves (no FDC match for mustard leaves) | 1 sachet sinigang mix (no FDC match for sachet sinigang mix) | 5 cups water (ignored seasoning/water) | Ground black pepper to taste (ignored seasoning/water) | 1 cup cooking oil (ignored frying oil reserve),"1 large tilapia about a pound or more, scales and innards removed => tilapia about a or more scales and innards removed [100.0g, FDC local:tilapia] | 2 tablespoons yellow miso paste => soybean paste paste [34.0g, FDC local:soybean paste] | 2 medium tomatoes wedged => tomatoes [240.0g, FDC local:tomato] | 1 medium yellow onion quartered => onion quartered [110.0g, FDC local:onion] | 2 1/2 tablespoons fish sauce => fish sauce [37.5g, FDC local:fish sauce] | 8 pieces okra => okra [96.0g, FDC local:okra]"
ph_262,449,5.2,17.6,43.4,5.0,326,7.7,local_reference_ingredient_sum_draft,api_estimate,pending_review,"Draft only: summed local reference ingredient profiles and divided by source_servings=4. Reviewer must verify ingredient matches, edible yield, oil absorption, and serving size before marking reviewed.",draft_partial_match,5,"4 pieces medium round scad galunggong, cleaned and salted (no FDC match for round scad galunggong and salted) | 4 pieces Serrano peppers (no FDC match for serrano peppers) | 1/2 teaspoon ground black pepper (no FDC match for pepper)","3 cups coconut milk => coconut milk [720.0g, FDC local:coconut milk] | 1 knob ginger sliced into strips => knob ginger into strips [100.0g, FDC local:ginger] | 1 tablespoon fish sauce => fish sauce [15.0g, FDC local:fish sauce] | 1 small red onion sliced => onion [110.0g, FDC local:onion] | 2 cloves crushed garlic => garlic [6.0g, FDC local:garlic]"
ph_263,137,2.0,8.4,11.1,0.6,1154,6.1,local_reference_ingredient_sum_draft,api_estimate,pending_review,"Draft only: summed local reference ingredient profiles and divided by source_servings=5. Reviewer must verify ingredient matches, edible yield, oil absorption, and serving size before marking reviewed.",draft_partial_match,5,2 lbs. skirt steak sliced (no FDC match for skirt steak) | 1 piece lemon (no FDC match for lemon) | 1 cup water (ignored seasoning/water) | 2 teaspoons sesame oil (no FDC match for sesame oil) | 1 tablespoon sesame seeds (no FDC match for sesame seeds) | Salt and pepper to taste (ignored seasoning/water),"3/4 cup low sodium soy sauce => low sodium soy sauce [105.0g, FDC local:soy sauce] | 2 tablespoons granulated white sugar => granulated sugar [25.0g, FDC local:sugar] | 1 medium white onion sliced crosswise => onion crosswise [110.0g, FDC local:onion] | 1 tablespoon cornstarch diluted in 2 tablespoons cold water => cornstarch diluted in cold water [8.0g, FDC local:corn] | 1/4 cup cooking oil => cooking oil [54.5g, FDC local:cooking oil]"
ph_264,655,23.8,22.0,55.5,4.8,1261,7.4,local_reference_ingredient_sum_draft,api_estimate,pending_review,"Draft only: summed local reference ingredient profiles and divided by source_servings=3. Reviewer must verify ingredient matches, edible yield, oil absorption, and serving size before marking reviewed.",draft_partial_match,8,1/2 teaspoon ground black pepper (no FDC match for pepper) | 2 pieces birds eye chili optional (no FDC match for birds eye chili),"1 lb. mussels cleaned => mussels [453.6g, FDC local:mussels] | 2 cups coconut milk => coconut milk [480.0g, FDC local:coconut milk] | 2 cups chopped spinach => spinach [60.0g, FDC local:spinach] | 2 tablespoons fish sauce => fish sauce [30.0g, FDC local:fish sauce] | 5 cloves garlic crushed => garlic [15.0g, FDC local:garlic] | 1 medium onion minced => onion [110.0g, FDC local:onion] | 3 tablespoons ginger cut in thin strips => ginger cut in thin strips [24.0g, FDC local:ginger] | 3 tablespoons cooking oil => cooking oil [40.8g, FDC local:cooking oil]"
ph_266,271,20.7,1.8,19.7,0.3,116,0.8,local_reference_ingredient_sum_draft,api_estimate,pending_review,"Draft only: summed local reference ingredient profiles and divided by source_servings=6. Reviewer must verify ingredient matches, edible yield, oil absorption, and serving size before marking reviewed.",draft_partial_match,4,1 teaspoon salt (ignored seasoning/water) | 2 pieces lime or calamansi (no FDC match for lime or calamansi) | 1/2 teaspoon ground black pepper (no FDC match for pepper) | 1 teaspoon hot sauce (no FDC match for hot sauce) | 1 teaspoon margarine (no FDC match for margarine),"1 lb. Lechon roasted pork, minced => lechon roasted pork [453.6g, FDC local:pork] | 1 large yellow onion => onion [110.0g, FDC local:onion] | 1/2 tablespoon soy sauce => soy sauce [7.5g, FDC local:soy sauce] | 4 tablespoons light mayonnaise => light cooking oil [54.4g, FDC local:cooking oil]"
ph_268,726,68.4,5.0,45.8,0.6,161,1.9,local_reference_ingredient_sum_draft,api_estimate,pending_review,"Draft only: summed local reference ingredient profiles and divided by source_servings=4. Reviewer must verify ingredient matches, edible yield, oil absorption, and serving size before marking reviewed.",draft_partial_match,8,1 knob turmeric sliced (no FDC match for knob turmeric) | 4 dried bay leaves (no FDC match for dried bay leaves) | 1 cup water (ignored seasoning/water),"2 lbs. pork sliced => pork [907.2g, FDC local:pork] | 1/2 cup white vinegar => vinegar [70.0g, FDC local:vinegar] | 1 small yellow onion minced => onion [110.0g, FDC local:onion] | 6 cloves garlic crushed => garlic [18.0g, FDC local:garlic] | 1 piece pork or beef cube or 2 teaspoons beef powder => pork or beef cube or beef powder [100.0g, FDC local:beef] | 1/2 teaspoon granulated white sugar => granulated sugar [2.1g, FDC local:sugar] | 2 teaspoons peppercorn => peppercorn [5.3g, FDC local:corn] | 3 tablespoons cooking oil => cooking oil [40.8g, FDC local:cooking oil]"
ph_269,473,10.7,68.4,16.1,1.0,724,0.3,local_reference_ingredient_sum_draft,api_estimate,pending_review,"Draft only: summed local reference ingredient profiles and divided by source_servings=5. Reviewer must verify ingredient matches, edible yield, oil absorption, and serving size before marking reviewed.",draft_partial_match,5,3 tablespoons chopped scallions (no FDC match for scallions) | 1/2 cup green mango chopped (no FDC match for mango),"1/4 lb. pork belly sliced thin => pork belly thin [113.4g, FDC local:pork belly] | 5 cups steamed white rice => rice [1200.0g, FDC local:rice] | 3 tablespoons bagoong guisado or bottled shrimp paste => shrimp paste guisado or bottled shrimp paste [51.0g, FDC local:shrimp paste] | 1 teaspoon garlic minced => garlic [2.7g, FDC local:garlic] | 1 tablespoon cooking oil => cooking oil [13.6g, FDC local:cooking oil]"
ph_270,532,49.3,7.1,32.9,0.3,1401,4.6,local_reference_ingredient_sum_draft,api_estimate,pending_review,"Draft only: summed local reference ingredient profiles and divided by source_servings=6. Reviewer must verify ingredient matches, edible yield, oil absorption, and serving size before marking reviewed.",draft_partial_match,8,1 1/2 cup water (no FDC match for water) | 1 tablespoon oyster sauce (no FDC match for oyster sauce) | 1 tablespoon dry sherry (no FDC match for dry sherry) | 4 pieces dried bay leaves (ignored seasoning/water),"2 lbs. pork sliced in 2x2 inch cubes => pork in 2x2 inch cubes [907.2g, FDC local:pork] | 6 pieces boiled eggs shell removed => eggs shell removed [300.0g, FDC local:egg] | 9 tablespoons soy sauce => soy sauce [135.0g, FDC local:soy sauce] | 3 tablespoons white vinegar => vinegar [45.0g, FDC local:vinegar] | 6 cloves garlic crushed => garlic [18.0g, FDC local:garlic] | 2 tablespoons granulated white sugar => granulated sugar [25.0g, FDC local:sugar] | 2 teaspoons whole pepper corn => pepper corn [5.3g, FDC local:corn] | 3 tablespoons cooking oil => cooking oil [40.8g, FDC local:cooking oil]"
ph_271,693,64.6,17.0,38.8,2.1,1108,0.9,local_reference_ingredient_sum_draft,api_estimate,pending_review,"Draft only: summed local reference ingredient profiles and divided by source_servings=4. Reviewer must verify ingredient matches, edible yield, oil absorption, and serving size before marking reviewed.",draft_partial_match,7,3 pieces dried bay leaves (ignored seasoning/water) | 1 cup water (ignored seasoning/water) | Salt to taste (ignored seasoning/water),"2 lbs pork sliced into cubes => pork into cubes [907.2g, FDC local:pork] | 2 medium potatoes cubed => potatoes [340.0g, FDC local:potato] | 1/4 cup white vinegar => vinegar [35.0g, FDC local:vinegar] | 1/2 cup soy sauce => soy sauce [70.0g, FDC local:soy sauce] | 5 cloves crushed garlic => garlic [15.0g, FDC local:garlic] | 1 tbsp whole pepper corn => pepper corn [8.0g, FDC local:corn] | 2 tablespoons cooking oil => cooking oil [27.2g, FDC local:cooking oil]"
ph_272,466,30.7,10.6,36.0,3.2,587,5.4,local_reference_ingredient_sum_draft,api_estimate,pending_review,"Draft only: summed local reference ingredient profiles and divided by source_servings=4. Reviewer must verify ingredient matches, edible yield, oil absorption, and serving size before marking reviewed.",draft_partial_match,7,2 pieces long green chili sliced (no FDC match for chili) | 2 pieces long red chili or about 6 pieces Thai chili sliced (no FDC match for chili or about thai chili) | 1/3 teaspoon ground black pepper (no FDC match for pepper),"1 lb shrimp cleaned => shrimp [453.6g, FDC local:shrimp] | 2 cups coconut milk => coconut milk [480.0g, FDC local:coconut milk] | 1 tablespoon ginger minced => ginger [8.0g, FDC local:ginger] | 1 medium onion chopped => onion [110.0g, FDC local:onion] | 3 teaspoons garlic minced => garlic [8.0g, FDC local:garlic] | 1 1/2 tablespoons fish sauce => fish sauce [22.5g, FDC local:fish sauce] | 2 tablespoons cooking oil => cooking oil [27.2g, FDC local:cooking oil]"
ph_273,723,12.0,16.8,71.8,4.8,52,6.6,local_reference_ingredient_sum_draft,api_estimate,pending_review,"Draft only: summed local reference ingredient profiles and divided by source_servings=8. Reviewer must verify ingredient matches, edible yield, oil absorption, and serving size before marking reviewed.",draft_partial_match,8,15 pieces Thai chili (no FDC match for thai chili) | 2 pieces long green chili (no FDC match for chili) | salt and pepper to taste (ignored seasoning/water),"1 pack 4 ounces dried taro leaves => pack dried taro leaves [100.0g, FDC local:taro] | 1/2 lb pork belly thinly sliced => pork belly thinly [226.8g, FDC local:pork belly] | 3/4 cup salted dried fish daing, shredded => salted dried fish daing shredded [105.0g, FDC local:fish] | 2 cups coconut milk => coconut milk [480.0g, FDC local:coconut milk] | 4 cups coconut cream => coconut cream [960.0g, FDC local:coconut cream] | 1 medium onion sliced => onion [110.0g, FDC local:onion] | 5 cloves garlic crushed => garlic [15.0g, FDC local:garlic] | 2 tablespoons ginger sliced into strips => ginger into strips [16.0g, FDC local:ginger]"
ph_274,438,40.6,6.4,27.6,0.6,1314,2.9,local_reference_ingredient_sum_draft,api_estimate,pending_review,"Draft only: summed local reference ingredient profiles and divided by source_servings=4. Reviewer must verify ingredient matches, edible yield, oil absorption, and serving size before marking reviewed.",draft_partial_match,7,2 tablespoons oyster sauce (no FDC match for oyster sauce) | 4 pieces dried bay leaves (ignored seasoning/water) | 1 cup water (ignored seasoning/water) | Salt and pepper to taste (ignored seasoning/water),"1 lb pork cubed => pork [453.6g, FDC local:pork] | 14 ounces tofu cubed and deep fried => tofu and deep fried [396.9g, FDC local:tofu] | 5 cloves garlic crushed => garlic [15.0g, FDC local:garlic] | 6 tablespoons soy sauce => soy sauce [90.0g, FDC local:soy sauce] | 4 tablespoons vinegar => vinegar [60.0g, FDC local:vinegar] | 2 teaspoons sugar => sugar [8.3g, FDC local:sugar] | 2 tablespoons cooking oil => cooking oil [27.2g, FDC local:cooking oil]"
ph_275,486,52.7,2.5,27.6,0.3,124,0.1,local_reference_ingredient_sum_draft,api_estimate,pending_review,"Draft only: summed local reference ingredient profiles and divided by source_servings=4. Reviewer must verify ingredient matches, edible yield, oil absorption, and serving size before marking reviewed.",draft_partial_match,3,1 unripe jack fruit chopped (no FDC match for unripe jack fruit) | 1 cup pigeon pea kadyos (no FDC match for pigeon pea kadyos) | 1 1/2 tablespoons sinigang mix or 5 pieces batuan (no FDC match for sinigang mix or batuan) | 3 to 5 stalks lemongrass (no FDC match for stalks lemongrass) | 6 cups water per batch (ignored seasoning/water) | salt and pepper to taste (ignored seasoning/water),"1 1/2 lbs Pork Hocks sliced => pork hocks [680.4g, FDC local:pork] | 2 cups sweet potato leaves => sweet potato leaves [60.0g, FDC local:potato] | 1 piece beef cube or pork cube => beef cube or pork cube [100.0g, FDC local:beef]"
ph_276,595,11.7,14.9,58.5,5.1,343,8.2,local_reference_ingredient_sum_draft,api_estimate,pending_review,"Draft only: summed local reference ingredient profiles and divided by source_servings=4. Reviewer must verify ingredient matches, edible yield, oil absorption, and serving size before marking reviewed.",draft_partial_match,6,"20 ounces 2 cans unripe jack fruit; squeezed,and chopped (no FDC match for cans unripe jack fruit squeezed and) | 4 pieces dried Thai chilies (no FDC match for dried thai chilies)","1 large red onion minced => onion [110.0g, FDC local:onion] | 1 tablespoon garlic minced => garlic [8.0g, FDC local:garlic] | 3 to 4 cups coconut milk => coconut milk [840.0g, FDC local:coconut milk] | 3/4 cup dried anchovies dilis => dried anchovies fish [105.0g, FDC local:fish] | 2 tablespoons cooking oil => cooking oil [27.2g, FDC local:cooking oil] | 1 tablespoon fish sauce => fish sauce [15.0g, FDC local:fish sauce]"
ph_278,170,10.0,7.7,11.4,2.3,688,4.3,local_reference_ingredient_sum_draft,api_estimate,pending_review,"Draft only: summed local reference ingredient profiles and divided by source_servings=4. Reviewer must verify ingredient matches, edible yield, oil absorption, and serving size before marking reviewed.",draft_partial_match,8,1 1/2 cups tamarind leaves (no FDC match for tamarind leaves) | 1/2 lb long green beans or string beans (no FDC match for beans or string beans) | 1 tablespoon sinigang mix optional (no FDC match for sinigang mix) | 3 to 4 cups water (no FDC match for water),"1 to 1 1/2 lb chicken sliced into serving pieces => chicken into serving [100.0g, FDC local:chicken] | 2 cups fresh spinach => spinach [60.0g, FDC local:spinach] | 3 medium tomatoes quartered => tomatoes quartered [360.0g, FDC local:tomato] | 2 tablespoons fish sauce => fish sauce [30.0g, FDC local:fish sauce] | 1 medium Chinese eggplant sliced => chinese eggplant [50.0g, FDC local:eggplant] | 1 medium onion sliced => onion [110.0g, FDC local:onion] | 1 chicken bouillon => chicken bouillon [100.0g, FDC local:broth] | 3 tablespoons cooking oil => cooking oil [40.8g, FDC local:cooking oil]"
ph_279,431,4.9,12.9,43.2,4.2,290,6.9,local_reference_ingredient_sum_draft,api_estimate,pending_review,"Draft only: summed local reference ingredient profiles and divided by source_servings=3. Reviewer must verify ingredient matches, edible yield, oil absorption, and serving size before marking reviewed.",draft_partial_match,5,1 pound mixed seafood combinacion de mariscos (no FDC match for mixed seafood combinacion de mariscos) | 1/2 teaspoon ground black pepper (no FDC match for pepper) | 3 pieces dried Thai chili (no FDC match for dried thai chili),"2 cups coconut milk => coconut milk [480.0g, FDC local:coconut milk] | 2 teaspoons shrimp paste => shrimp paste [11.3g, FDC local:shrimp paste] | 1 teaspoon garlic minced => garlic [2.7g, FDC local:garlic] | 1 medium onion chopped => onion [110.0g, FDC local:onion] | 1 tablespoon cooking oil => cooking oil [13.6g, FDC local:cooking oil]"
ph_281,525,46.4,14.2,32.1,3.7,2671,5.4,local_reference_ingredient_sum_draft,api_estimate,pending_review,"Draft only: summed local reference ingredient profiles and divided by source_servings=8. Reviewer must verify ingredient matches, edible yield, oil absorption, and serving size before marking reviewed.",draft_partial_match,7,1 bunch string beans cut into 2.5 inch length (no FDC match for string beans) | 1 teaspoon ground black pepper (no FDC match for pepper),"4 lbs crab alimasag => crab alimasag [1814.4g, FDC local:crab] | 1 lb calabaza squash sliced into cubes => calabaza squash into cubes [453.6g, FDC local:squash] | 3 1/2 cups coconut milk => coconut milk [840.0g, FDC local:coconut milk] | 1 1/2 tablespoons fish sauce => fish sauce [22.5g, FDC local:fish sauce] | 1 onion chopped => onion [110.0g, FDC local:onion] | 2 teaspoons garlic minced => garlic [5.3g, FDC local:garlic] | 2 tablespoons cooking oil => cooking oil [27.2g, FDC local:cooking oil]"
ph_282,448,37.7,11.0,28.5,2.5,1505,4.9,local_reference_ingredient_sum_draft,api_estimate,pending_review,"Draft only: summed local reference ingredient profiles and divided by source_servings=4. Reviewer must verify ingredient matches, edible yield, oil absorption, and serving size before marking reviewed.",draft_partial_match,6,1 bunch mustard leaves (no FDC match for mustard leaves) | 1 pack 1.4 ounces tamarind soup mix (no FDC match for pack tamarind soup mix) | 2 pieces long green chilies siling pansigang (no FDC match for chilies siling pansigang) | 6 cups water (ignored seasoning/water),"1 to 2 lbs milkfish cleaned and sliced => milkfish and [680.4g, FDC local:milkfish] | 3 medium tomatoes quartered => tomatoes quartered [360.0g, FDC local:tomato] | 2 1/2 tablespoons fish sauce => fish sauce [37.5g, FDC local:fish sauce] | 1/2 cup white or yellow miso soybean paste => or soybean paste soybean paste [70.0g, FDC local:soybean paste] | 1 medium yellow onion sliced => onion [110.0g, FDC local:onion] | 2 tablespoons cooking oil => cooking oil [27.2g, FDC local:cooking oil]"
ph_283,366,40.8,0.0,21.2,0.0,94,0.0,local_reference_ingredient_sum_draft,api_estimate,pending_review,"Draft only: summed local reference ingredient profiles and divided by source_servings=3. Reviewer must verify ingredient matches, edible yield, oil absorption, and serving size before marking reviewed.",draft_partial_match,1,1/2 to 1 cup cooking oil (ignored frying oil reserve),"1 lb pork adobo cooked => pork adobo [453.6g, FDC local:pork]"
ph_284,303,30.5,3.4,17.1,0.8,511,1.7,local_reference_ingredient_sum_draft,api_estimate,pending_review,"Draft only: summed local reference ingredient profiles and divided by source_servings=6. Reviewer must verify ingredient matches, edible yield, oil absorption, and serving size before marking reviewed.",draft_partial_match,5,1/2 cup water (ignored seasoning/water) | 2 tablespoons honey (no FDC match for honey) | 4 tablespoons extra virgin olive oil (no FDC match for extra virgin olive oil) | salt and pepper to taste (ignored seasoning/water),"1 1/2 lbs beef tenderloin => beef tenderloin [680.4g, FDC local:beef] | 1/3 cup soy sauce => soy sauce [46.7g, FDC local:soy sauce] | 4 tablespoons red wine vinegar => wine vinegar [60.0g, FDC local:vinegar] | 1 green bell pepper sliced lengthwise => bell pepper lengthwise [120.0g, FDC local:bell pepper] | 1 medium onion sliced => onion [110.0g, FDC local:onion]"
ph_285,962,11.0,80.6,72.3,9.5,47,51.3,local_reference_ingredient_sum_draft,api_estimate,pending_review,"Draft only: summed local reference ingredient profiles and divided by source_servings=2. Reviewer must verify ingredient matches, edible yield, oil absorption, and serving size before marking reviewed.",draft_ready_for_review,4,,"1/2 cup Mung beans => mung beans [70.0g, FDC local:mung beans] | 2 1/2 cups coconut milk => coconut milk [600.0g, FDC local:coconut milk] | 1/2 cup sticky rice washed (malagkit) => sticky rice washed [120.0g, FDC local:rice] | 6 to 7 tablespoons sugar => sugar [81.2g, FDC local:sugar]"
ph_286,190,16.9,16.0,6.1,0.6,3983,9.2,local_reference_ingredient_sum_draft,api_estimate,pending_review,"Draft only: summed local reference ingredient profiles and divided by source_servings=6. Reviewer must verify ingredient matches, edible yield, oil absorption, and serving size before marking reviewed.",draft_ready_for_review,7,,"12 ounces shrimp paste => shrimp paste [340.2g, FDC local:shrimp paste] | 1 medium tomato diced => tomato [120.0g, FDC local:tomato] | 4 ounces pork with fat, sliced => pork with fat [113.4g, FDC local:pork] | 1 small onion minced => onion [110.0g, FDC local:onion] | 3 cloves garlic minced => garlic [9.0g, FDC local:garlic] | 3 1/2 tablespoons sugar => sugar [43.8g, FDC local:sugar] | 3 teaspoons vinegar => vinegar [15.0g, FDC local:vinegar]"
ph_287,174,12.1,3.7,12.4,0.5,194,1.2,local_reference_ingredient_sum_draft,api_estimate,pending_review,"Draft only: summed local reference ingredient profiles and divided by source_servings=4. Reviewer must verify ingredient matches, edible yield, oil absorption, and serving size before marking reviewed.",draft_partial_match,7,2 to 2 1/2 cups bamboo shoot; cut in 1 to 2 inch length (no FDC match for bamboo shoot cut in to inch length) | 2 teaspoons salt (ignored seasoning/water) | Salt and ground black pepper to taste (ignored seasoning/water),"1/8 lb pork thinly sliced => pork thinly [56.7g, FDC local:pork] | 6 pieces shrimps shelled and deveined => shrimps shelled and deveined [120.0g, FDC local:shrimp] | 1 cup pork or beef broth => pork or beef broth [240.0g, FDC local:broth] | 1/4 cup vinegar => vinegar [35.0g, FDC local:vinegar] | 3 tablespoons cooking oil => cooking oil [40.8g, FDC local:cooking oil] | 1 tablespoon minced garlic => garlic [8.0g, FDC local:garlic] | 1 medium onion minced => onion [110.0g, FDC local:onion]"
ph_289,320,25.5,4.9,21.2,0.5,360,1.4,local_reference_ingredient_sum_draft,api_estimate,pending_review,"Draft only: summed local reference ingredient profiles and divided by source_servings=4. Reviewer must verify ingredient matches, edible yield, oil absorption, and serving size before marking reviewed.",draft_partial_match,7,"1 lb pigs heart diced (no FDC match for pigs heart) | 1 lb pigs small intestine cleaned, boiled until tender, and sliced (no FDC match for pigs intestine until tender and) | 2 teaspoons cooking wine (no FDC match for cooking wine) | 1 tablespoon powdered tamarind soup base mix sinigang sa sampaloc mix (no FDC match for powdered tamarind soup base mix sinigang sa sampaloc mix) | 1 cup water (ignored seasoning/water) | 4 to 5 pieces long green chili (no FDC match for chili)","10 ounces pork blood => pork blood [283.5g, FDC local:pork] | 1/4 lb pigs liver diced => pigs liver [113.4g, FDC local:liver] | 1/2 cup white vinegar => vinegar [70.0g, FDC local:vinegar] | 1 tablespoon fish sauce => fish sauce [15.0g, FDC local:fish sauce] | 4 clove garlic minced => garlic [12.0g, FDC local:garlic] | 1 medium onion diced => onion [110.0g, FDC local:onion] | 3 tablespoons cooking oil => cooking oil [40.8g, FDC local:cooking oil]"
ph_290,223,26.1,17.7,5.5,2.2,71,3.5,local_reference_ingredient_sum_draft,api_estimate,pending_review,"Draft only: summed local reference ingredient profiles and divided by source_servings=2. Reviewer must verify ingredient matches, edible yield, oil absorption, and serving size before marking reviewed.",draft_partial_match,6,1 cup water (ignored seasoning/water) | 1 small bitter gourd chopped (optional) (no FDC match for bitter gourd) | 3 pieces finger chili (no FDC match for finger chili) | 2 teaspoon salt (ignored seasoning/water),"2 pieces fish about half a pound each, cleaned and scales removed => fish about half a each and scales removed [200.0g, FDC local:fish] | 1 knob ginger sliced and pounded => knob ginger and [100.0g, FDC local:ginger] | 6 cloves garlic skin removed => garlic skin removed [18.0g, FDC local:garlic] | 1/2 cup vinegar => vinegar [70.0g, FDC local:vinegar] | 1 medium onion sliced => onion [110.0g, FDC local:onion] | 1 teaspoon whole peppercorn => peppercorn [2.7g, FDC local:corn]"
ph_291,506,17.4,42.0,30.3,2.2,378,3.2,local_reference_ingredient_sum_draft,api_estimate,pending_review,"Draft only: summed local reference ingredient profiles and divided by source_servings=4. Reviewer must verify ingredient matches, edible yield, oil absorption, and serving size before marking reviewed.",draft_partial_match,10,1 tablespoon salt (ignored seasoning/water),"2 pieces medium to large fish sliced => to fish [200.0g, FDC local:fish] | 2 bunches baby bok choy or pechay cleaned and ends removed => baby bok choy or bok choy and ends removed [300.0g, FDC local:bok choy] | 2 cups rice washing => rice washing [480.0g, FDC local:rice] | 1 medium onion quartered => onion quartered [110.0g, FDC local:onion] | 1/2 cup green onions or onion leeks sliced => onions or onion leeks [70.0g, FDC local:onion] | 1/4 cup ginger sliced and pounded => ginger and [35.0g, FDC local:ginger] | 3 cloves garlic minced => garlic [9.0g, FDC local:garlic] | 1 tablespoon fish sauce patis => fish sauce patis [15.0g, FDC local:fish sauce] | 1/2 teaspoon whole peppercorn => peppercorn [1.3g, FDC local:corn] | 8 tablespoons cooking oil => cooking oil [108.8g, FDC local:cooking oil]"
ph_292,492,34.4,36.0,23.2,7.1,678,5.4,local_reference_ingredient_sum_draft,api_estimate,pending_review,"Draft only: summed local reference ingredient profiles and divided by source_servings=4. Reviewer must verify ingredient matches, edible yield, oil absorption, and serving size before marking reviewed.",draft_partial_match,9,"1 medium radish sliced (no FDC match for radish) | 3 pieces long green chili or siling pangsigang (no FDC match for chili or siling pangsigang) | 1 pack tamarind base sinigang mix good for 2 liters (no FDC match for pack tamarind base sinigang mix good for liters) | 3 cups water spinach kangkong or ong choy, leaves separated and stems chopped (ignored seasoning/water) | 6 cups water (ignored seasoning/water)","1 lb pork neck bones => pork neck bones [453.6g, FDC local:pork] | 2 pieces eggplants sliced => eggplants [100.0g, FDC local:eggplant] | 5 to 8 pieces okra => okra [78.0g, FDC local:okra] | 3 pieces medium tomatoes quartered => tomatoes quartered [360.0g, FDC local:tomato] | 4 pieces taro root gabi, halved => taro root gabi halved [400.0g, FDC local:taro] | 1 medium onion diced => onion [110.0g, FDC local:onion] | 3 cloves garlic minced => garlic [9.0g, FDC local:garlic] | 2 tablespoons fish sauce => fish sauce [30.0g, FDC local:fish sauce] | 2 tablespoons cooking oil => cooking oil [27.2g, FDC local:cooking oil]"
ph_293,1886,88.0,69.3,140.1,4.6,2187,5.5,local_reference_ingredient_sum_draft,api_estimate,pending_review,"Draft only: summed local reference ingredient profiles and divided by source_servings=2. Reviewer must verify ingredient matches, edible yield, oil absorption, and serving size before marking reviewed.",draft_partial_match,13,1/2 teaspoon ground black pepper (no FDC match for pepper) | 1/4 lb adobong pusit sliced (no FDC match for adobong pusit) | 1 piece lemon quartered (no FDC match for lemon quartered) | 3/4 cup tinapa flakes (no FDC match for tinapa flakes) | 1 tablespoon parsley chopped (no FDC match for parsley),"1 lb thick rice noodles => thick rice noodles [453.6g, FDC local:noodles] | 1/2 lb pork belly boiled and sliced => pork belly and [226.8g, FDC local:pork belly] | 1/2 cup annatto seeds diluted in 1/2 cup water also known as annatto water => annatto seeds diluted in water also known as annatto water [120.0g, FDC local:annatto oil] | 3/4 cup shrimp juice => shrimp juice [105.0g, FDC local:shrimp] | 3 tablespoons fish sauce patis => fish sauce patis [45.0g, FDC local:fish sauce] | 1 tablespoon fresh garlic minced => garlic [8.0g, FDC local:garlic] | 1 medium-sized onion minced => -sized onion [110.0g, FDC local:onion] | 1/4 cup pork rinds chicharon, pounded => pork rinds chicharon [35.0g, FDC local:pork] | 1/2 lb shrimp shelled, cooked, and halved lengthwise => shrimp shelled and halved lengthwise [226.8g, FDC local:shrimp] | 1/2 cup pork rinds chicharon, pounded => pork rinds chicharon [70.0g, FDC local:pork] | 1 cup napa cabbage pechay baguio, chopped then blanched => napa cabbage bok choy baguio then blanched [140.0g, FDC local:bok choy] | 3 pieces hard boiled eggs sliced => hard eggs [150.0g, FDC local:egg] | 2 tablespoons toasted garlic => garlic [16.0g, FDC local:garlic]"
ph_294,164,27.3,1.1,5.7,0.1,69,0.1,local_reference_ingredient_sum_draft,api_estimate,pending_review,"Draft only: summed local reference ingredient profiles and divided by source_servings=2. Reviewer must verify ingredient matches, edible yield, oil absorption, and serving size before marking reviewed.",draft_partial_match,2,"1 to 2 pieces lemon or 6 to 8 pieces calamansi (no FDC match for lemon or to calamansi) | 2 teaspoons salt (ignored seasoning/water) | 1/2 teaspoon ground black pepper (no FDC match for pepper) | 1 to 2 teaspoons birds eye chili siling labuyo, minced (no FDC match for birds eye chili siling labuyo)","1/2 lb silverfish dulong, cleaned => silverfish dulong [226.8g, FDC local:fish] | 1 1/2 tablespoons ginger minced => ginger [12.0g, FDC local:ginger]"
ph_295,1237,17.8,180.9,51.9,9.3,44,45.8,local_reference_ingredient_sum_draft,api_estimate,pending_review,"Draft only: summed local reference ingredient profiles and divided by source_servings=4. Reviewer must verify ingredient matches, edible yield, oil absorption, and serving size before marking reviewed.",draft_partial_match,6,"1 1/2 cups purple yam (no FDC match for purple yam) | 1 1/4 cup plantains saging na saba, diced (no FDC match for plantains saging na saba) | 2 cups small tapioca pearls cooked (no FDC match for tapioca pearls) | 2 cups water (ignored seasoning/water)","1 1/2 cups sweet potatoes kamote, diced => sweet potatoes kamote [210.0g, FDC local:potato] | 1 cup taro roots gabi, diced => taro roots gabi [140.0g, FDC local:taro] | 1 cup ripe jackfruit langka, sliced => jackfruit langka [140.0g, FDC local:jackfruit] | 12 to 20 pieces glutinous rice balls bilo-bilo => glutinous rice balls bilo-bilo [1600.0g, FDC local:rice] | 1 cup granulated white sugar => granulated sugar [125.0g, FDC local:sugar] | 3 1/2 cups coconut milk => coconut milk [840.0g, FDC local:coconut milk]"
ph_296,510,70.6,10.2,18.4,0.2,170,8.1,local_reference_ingredient_sum_draft,api_estimate,pending_review,"Draft only: summed local reference ingredient profiles and divided by source_servings=4. Reviewer must verify ingredient matches, edible yield, oil absorption, and serving size before marking reviewed.",draft_partial_match,6,3/4 cup lemongrass chopped (no FDC match for lemongrass) | 1/2 cup lemon or calamansi juice (no FDC match for lemon or calamansi juice) | 1 tablespoon salt (ignored seasoning/water) | 1 cup lemon soda softdrink (no FDC match for lemon soda softdrink) | 1/2 tablespoon ground black pepper (no FDC match for pepper) | Basting Sauce: (missing quantity) | 1/2 cup margarine softened (no FDC match for margarine softened) | 1/4 teaspoon salt (no FDC match for salt) | 1 teaspoon lemon or calamansi juice (no FDC match for lemon or calamansi juice),"2 lbs chicken cut into serving pieces => chicken [907.2g, FDC local:chicken] | 2 tablespoons ginger minced => ginger [16.0g, FDC local:ginger] | 2 tablespoons garlic minced => garlic [16.0g, FDC local:garlic] | 1 cup coconut vinegar => coconut vinegar [140.0g, FDC local:vinegar] | 1/4 cup brown sugar => brown sugar [31.2g, FDC local:sugar] | 3 tablespoons annatto oil atsuete oil => annatto oil atsuete oil [40.8g, FDC local:annatto oil]"
ph_297,359,36.5,12.0,18.2,2.2,700,5.3,local_reference_ingredient_sum_draft,api_estimate,pending_review,"Draft only: summed local reference ingredient profiles and divided by source_servings=3. Reviewer must verify ingredient matches, edible yield, oil absorption, and serving size before marking reviewed.",draft_partial_match,11,1/2 cup mung bean sprouts (no FDC match for mung bean sprouts) | 2 cups cooking oil (ignored frying oil reserve) | Salt and pepper to taste (ignored seasoning/water) | 1 tablespoon oyster sauce (no FDC match for oyster sauce),"1/2 cup shrimp minced => shrimp [70.0g, FDC local:shrimp] | 1 cup ground pork => pork [140.0g, FDC local:pork] | 1 medium sized onion diced => sized onion [110.0g, FDC local:onion] | 1 red bell pepper diced => bell pepper [120.0g, FDC local:bell pepper] | 1/2 cup crimini or white mushrooms diced => crimini or mushrooms [70.0g, FDC local:mushroom] | 1/2 cup green onions or onion leeks chopped => onions or onion leeks [70.0g, FDC local:onion] | 7 pieces raw eggs => eggs [350.0g, FDC local:egg] | 1 tablespoon cooking rice wine => cooking rice wine [8.0g, FDC local:rice] | 1 cup chicken broth => chicken broth [240.0g, FDC local:broth] | 1 tablespoon soy sauce => soy sauce [15.0g, FDC local:soy sauce] | 1 tablespoon cornstarch dissolved in 4 tablespoons water => cornstarch dissolved in water [8.0g, FDC local:corn]"
ph_299,432,73.6,15.6,6.6,5.2,790,7.2,local_reference_ingredient_sum_draft,api_estimate,pending_review,"Draft only: summed local reference ingredient profiles and divided by source_servings=4. Reviewer must verify ingredient matches, edible yield, oil absorption, and serving size before marking reviewed.",draft_partial_match,7,8 cups water (ignored seasoning/water) | Sinigang mix good for 2 liters of water (missing quantity) | 4 pieces Thai chilies or 3 pieces finger chilies siling pansigang (no FDC match for thai chilies or finger chilies siling pansigang),"2 lbs tuna jaw panga ng tuna => tuna jaw panga ng tuna [907.2g, FDC local:tuna] | 2 cups string beans sitaw, cut in 2 inches length => string beans yardlong beans cut in inches length [280.0g, FDC local:yardlong beans] | 3 pieces medium-sized egg plant sliced => -sized egg plant [150.0g, FDC local:egg] | 8 pieces okra cleaned => okra [96.0g, FDC local:okra] | 1 bunch water spinach kangkong, chopped => water spinach kangkong [150.0g, FDC local:spinach] | 4 to 6 pieces medium-sized tomatoes halved => -sized tomatoes halved [600.0g, FDC local:tomato] | 2 tablespoons fish sauce patis => fish sauce patis [30.0g, FDC local:fish sauce]"
ph_300,382,8.2,27.2,29.9,4.3,32,19.6,local_reference_ingredient_sum_draft,api_estimate,pending_review,"Draft only: summed local reference ingredient profiles and divided by source_servings=6. Reviewer must verify ingredient matches, edible yield, oil absorption, and serving size before marking reviewed.",draft_partial_match,7,3 to 5 pieces red chilies (no FDC match for chilies) | 3/4 cup water (ignored seasoning/water),"1 lb unripe jackfruit; peeled and chopped => unripe jackfruit and [453.6g, FDC local:jackfruit] | 1 large onion diced => onion [110.0g, FDC local:onion] | 1 piece shrimp cube => shrimp cube [20.0g, FDC local:shrimp] | 5 cloves crushed garlic => garlic [15.0g, FDC local:garlic] | 3/4 cup tomatoes diced => tomatoes [105.0g, FDC local:tomato] | 3 cups coconut milk => coconut milk [720.0g, FDC local:coconut milk] | 1/2 cup fried dried fish daing, bones removed => fried dried fish daing bones removed [70.0g, FDC local:fish]"
ph_301,216,42.6,2.7,1.6,0.4,73,1.0,local_reference_ingredient_sum_draft,api_estimate,pending_review,"Draft only: summed local reference ingredient profiles and divided by source_servings=6. Reviewer must verify ingredient matches, edible yield, oil absorption, and serving size before marking reviewed.",draft_partial_match,4,2 teaspoon salt (ignored seasoning/water) | 1 teaspoon ground black pepper (no FDC match for pepper) | 1/2 cup lemon or calamansi juice (no FDC match for lemon or calamansi juice) | 1 to 2 tablespoons red chilies chopped (no FDC match for chilies),"2 lbs tuna; skinned deboned, and cubed => tuna skinned deboned and [907.2g, FDC local:tuna] | 1 1/2 cup vinegar => vinegar [210.0g, FDC local:vinegar] | 3 tablespoons ginger minced => ginger [24.0g, FDC local:ginger] | 1 large red onion minced => onion [110.0g, FDC local:onion]"
ph_302,156,1.9,6.9,13.8,0.9,644,1.8,local_reference_ingredient_sum_draft,api_estimate,pending_review,"Draft only: summed local reference ingredient profiles and divided by source_servings=3. Reviewer must verify ingredient matches, edible yield, oil absorption, and serving size before marking reviewed.",draft_partial_match,6,1 lb goat meat chopped (no FDC match for goat meat) | 5 pieces dried chilies optional (no FDC match for dried chilies) | 4 pieces dried bay leaves (ignored seasoning/water) | 4 cups water (ignored seasoning/water),"1/4 cup soy sauce => soy sauce [35.0g, FDC local:soy sauce] | 1/4 cup vinegar => vinegar [35.0g, FDC local:vinegar] | 1 teaspoon crushed peppercorn => peppercorn [2.7g, FDC local:corn] | 1 medium sized onion sliced => sized onion [110.0g, FDC local:onion] | 8 cloves garlic crushed => garlic [24.0g, FDC local:garlic] | 3 tablespoons cooking oil => cooking oil [40.8g, FDC local:cooking oil]"
ph_303,478,5.1,35.3,38.8,4.2,25,22.1,local_reference_ingredient_sum_draft,api_estimate,pending_review,"Draft only: summed local reference ingredient profiles and divided by source_servings=6. Reviewer must verify ingredient matches, edible yield, oil absorption, and serving size before marking reviewed.",draft_ready_for_review,4,,"4 cups coconut milk => coconut milk [960.0g, FDC local:coconut milk] | 1/2 cup glutinous rice malagkit => glutinous rice malagkit [120.0g, FDC local:rice] | 1 cup whole kernel corn => kernel corn [150.0g, FDC local:corn] | 3/4 cup granulated sugar => granulated sugar [93.8g, FDC local:sugar]"
ph_306,147,6.2,16.5,6.2,0.5,22,13.0,local_reference_ingredient_sum_draft,api_estimate,pending_review,"Draft only: summed local reference ingredient profiles and divided by source_servings=8. Reviewer must verify ingredient matches, edible yield, oil absorption, and serving size before marking reviewed.",draft_partial_match,7,1/4 cup bread crumbs (no FDC match for bread crumbs) | 1 1/2 cups water (no FDC match for water) | Salt and ground black pepper to taste (ignored seasoning/water),"1/2 lb pork liver => pork liver [226.8g, FDC local:liver] | 3/4 cup white vinegar => vinegar [105.0g, FDC local:vinegar] | 8 cloves garlic minced => garlic [24.0g, FDC local:garlic] | 2 onions minced => onions [220.0g, FDC local:onion] | 3/4 cups brown sugar => brown sugar [93.8g, FDC local:sugar] | 1 teaspoon onion powder => onion powder [2.7g, FDC local:onion] | 3 tablespoons cooking oil => cooking oil [40.8g, FDC local:cooking oil]"
ph_308,735,74.2,11.9,43.9,3.7,203,5.3,local_reference_ingredient_sum_draft,api_estimate,pending_review,"Draft only: summed local reference ingredient profiles and divided by source_servings=4. Reviewer must verify ingredient matches, edible yield, oil absorption, and serving size before marking reviewed.",draft_partial_match,7,"8 ounces green papaya wedged (no FDC match for papaya) | 1/2 tsp paprika optional (no FDC match for paprika) | 1 piece long green chili optional (no FDC match for chili) | 4 pieces Thai chili or siling labuyo if available, chopped (optional) (no FDC match for thai chili or siling labuyo if available) | Salt and pepper to taste (ignored seasoning/water)","2 lbs chicken cut into serving pieces => chicken [907.2g, FDC local:chicken] | 2 cups coconut milk => coconut milk [480.0g, FDC local:coconut milk] | 1/2 bunch spinach => spinach [75.0g, FDC local:spinach] | 2 tbsp garlic minced => garlic [16.0g, FDC local:garlic] | 1 large onion sliced => onion [110.0g, FDC local:onion] | 2 tbsp ginger julienned => ginger [16.0g, FDC local:ginger] | 2 tbsp cooking oil => cooking oil [27.2g, FDC local:cooking oil]"
ph_309,7,0.1,1.0,0.1,0.1,0,0.2,local_reference_ingredient_sum_draft,api_estimate,pending_review,"Draft only: summed local reference ingredient profiles and divided by source_servings=4. Reviewer must verify ingredient matches, edible yield, oil absorption, and serving size before marking reviewed.",draft_partial_match,2,1 lb pig's large intestine well cleaned (no FDC match for pig s intestine well) | 2 tbsp salt (ignored seasoning/water) | 4 to 6 pieces dried bay leaves (no FDC match for dried bay leaves) | 4 cups water (ignored seasoning/water),"1/2 cup vinegar => vinegar [70.0g, FDC local:vinegar] | 2 tbsp whole pepper corn => pepper corn [16.0g, FDC local:corn]"
ph_310,299,44.1,3.9,10.3,0.5,3023,1.1,local_reference_ingredient_sum_draft,api_estimate,pending_review,"Draft only: summed local reference ingredient profiles and divided by source_servings=4. Reviewer must verify ingredient matches, edible yield, oil absorption, and serving size before marking reviewed.",draft_partial_match,7,1 tbsp crushed red pepper or 3 pieces sliced red chili (no FDC match for pepper or chili) | 2 tbsp hoisin sauce (no FDC match for hoisin sauce) | 1/4 cup sweet chili sauce (no FDC match for sweet chili sauce) | 1/2 tsp sesame oil (no FDC match for sesame oil) | 1/4 cup water (ignored seasoning/water),"2 lbs crab cut in half => crab cut in half [907.2g, FDC local:crab] | 2 tbsp cooking oil => cooking oil [27.2g, FDC local:cooking oil] | 2 tbsp garlic minced => garlic [16.0g, FDC local:garlic] | 3 tbsp ginger minced => ginger [24.0g, FDC local:ginger] | 1/2 cup tomato catsup or tomato sauce => tomato catsup or tomato sauce [70.0g, FDC local:tomato] | 2 tbsp fish sauce => fish sauce [30.0g, FDC local:fish sauce] | 3 tbsp green onions or scallions thinly sliced crosswise => onions or scallions thinly crosswise [24.0g, FDC local:onion]"
ph_311,812,15.1,1.2,82.5,0.1,690,0.1,local_reference_ingredient_sum_draft,api_estimate,pending_review,"Draft only: summed local reference ingredient profiles and divided by source_servings=6. Reviewer must verify ingredient matches, edible yield, oil absorption, and serving size before marking reviewed.",draft_partial_match,4,1 piece lemon or 3 to 4 pieces calamansi (no FDC match for lemon or to calamansi) | 1/2 tsp ground black pepper (no FDC match for pepper) | 1 tsp salt (ignored seasoning/water) | 1/4 cup banana catsup (no FDC match for banana catsup),"2 lbs. pork belly => pork belly [907.2g, FDC local:pork belly] | 1/2 cup soy sauce => soy sauce [70.0g, FDC local:soy sauce] | 4 cloves garlic crushed => garlic [12.0g, FDC local:garlic] | 1 tbsp cooking oil => cooking oil [13.6g, FDC local:cooking oil]"
ph_312,216,8.8,5.5,17.7,0.8,435,1.3,local_reference_ingredient_sum_draft,api_estimate,pending_review,"Draft only: summed local reference ingredient profiles and divided by source_servings=6. Reviewer must verify ingredient matches, edible yield, oil absorption, and serving size before marking reviewed.",draft_partial_match,6,2 lbs pig ears (no FDC match for pig ears) | 1 tsp ground black pepper (no FDC match for pepper) | 3 tbsp chili (no FDC match for chili) | 1 piece lemon or 3 to 5 pieces calamansi (no FDC match for lemon or to calamansi) | 1/2 cup butter or margarine (no FDC match for butter or margarine) | 34 ounces water (no FDC match for water) | 1 tsp salt (ignored seasoning/water),"1/4 lb pork belly => pork belly [113.4g, FDC local:pork belly] | 1 cup onion minced => onion [140.0g, FDC local:onion] | 3 tbsp soy sauce => soy sauce [45.0g, FDC local:soy sauce] | 1 knob ginger minced => knob ginger [100.0g, FDC local:ginger] | 1/4 lb chicken liver => chicken liver [113.4g, FDC local:chicken] | 3 tbsp mayonnaise => cooking oil [40.8g, FDC local:cooking oil]"
ph_313,1012,73.5,19.0,73.6,6.7,4604,9.5,local_reference_ingredient_sum_draft,api_estimate,pending_review,"Draft only: summed local reference ingredient profiles and divided by source_servings=4. Reviewer must verify ingredient matches, edible yield, oil absorption, and serving size before marking reviewed.",draft_partial_match,9,1/2 tsp ground black pepper (no FDC match for pepper) | 6 pieces Thai chili (no FDC match for thai chili),"3 lbs blue crabs Alimasag => blue crabs alimasag [1360.8g, FDC local:crab] | 2 tbsp shrimp paste => shrimp paste [34.0g, FDC local:shrimp paste] | 1 tbsp fish sauce => fish sauce [15.0g, FDC local:fish sauce] | 1 tsp garlic minced => garlic [2.7g, FDC local:garlic] | 1 piece onion minced => onion [110.0g, FDC local:onion] | 1 thumb ginger cut into thin strips => ginger [15.0g, FDC local:ginger] | 3 tbsp cooking oil => cooking oil [40.8g, FDC local:cooking oil] | 4 cups coconut milk => coconut milk [960.0g, FDC local:coconut milk] | 1 bunch fresh spinach => spinach [150.0g, FDC local:spinach]"
ph_314,454,36.6,71.5,1.3,2.5,128,0.3,local_reference_ingredient_sum_draft,api_estimate,pending_review,"Draft only: summed local reference ingredient profiles and divided by source_servings=4. Reviewer must verify ingredient matches, edible yield, oil absorption, and serving size before marking reviewed.",draft_partial_match,2,2 cups white wine (no FDC match for wine) | 1 tsp salt (ignored seasoning/water) | 1 tsp ground black pepper (no FDC match for pepper) | 3 cups cooking oil (ignored frying oil reserve),"1 lb. shrimp => shrimp [453.6g, FDC local:shrimp] | 3 cups flour => flour [375.0g, FDC local:flour]"
ph_317,94,4.6,18.4,0.9,5.4,623,5.0,local_reference_ingredient_sum_draft,api_estimate,pending_review,"Draft only: summed local reference ingredient profiles and divided by source_servings=4. Reviewer must verify ingredient matches, edible yield, oil absorption, and serving size before marking reviewed.",draft_partial_match,7,1/2 bundle string beans cut into 2 inch length (no FDC match for string beans) | 11/2 cup water (ignored seasoning/water) | 1 lb bagnet (no FDC match for bagnet),"4 pieces round eggplant cut in half => round eggplant cut in half [200.0g, FDC local:eggplant] | 2 pieces small bitter melon ampalaya, quartered => bitter melon ampalaya quartered [200.0g, FDC local:bitter melon] | 1 piece sweet potato kamote, quartered => sweet potato kamote quartered [170.0g, FDC local:potato] | 8 pieces okra => okra [96.0g, FDC local:okra] | 1 piece tomato cubed => tomato [120.0g, FDC local:tomato] | 1 piece onion cubed => onion [110.0g, FDC local:onion] | 1/4 cup Anchovy sauce bagoong isda => anchovy sauce shrimp paste isda [35.0g, FDC local:shrimp paste]"
ph_318,916,17.4,5.6,91.1,0.9,453,2.6,local_reference_ingredient_sum_draft,api_estimate,pending_review,"Draft only: summed local reference ingredient profiles and divided by source_servings=6. Reviewer must verify ingredient matches, edible yield, oil absorption, and serving size before marking reviewed.",draft_partial_match,8,"400 ml coconut milk gata (unsupported unit ml) | 2-3 Thai chili peppers siling labuyo, minced (no FDC match for thai chili peppers siling labuyo) | Salt and pepper to taste asin at paminta (ignored seasoning/water)","1 kilogram pork belly liempo, cut into 1-inch cubes => pork belly liempo [1000.0g, FDC local:pork belly] | 2 tablespoons sauted shrimp paste ginisang bagoong => sauted shrimp paste ginisang shrimp paste [34.0g, FDC local:shrimp paste] | 1 large onion sibuyas, finely chopped => onion onion finely [110.0g, FDC local:onion] | 6 cloves garlic bawang, minced => garlic bawang [18.0g, FDC local:garlic] | 2 medium tomatoes kamatis, diced => tomatoes tomato [240.0g, FDC local:tomato] | 2 tablespoons vinegar suka => vinegar suka [30.0g, FDC local:vinegar] | 1 tablespoon cooking oil mantika => cooking oil mantika [13.6g, FDC local:cooking oil] | 1 teaspoon sugar asukal => sugar asukal [4.2g, FDC local:sugar]"
ph_319,245,36.8,14.7,3.1,2.1,265,3.5,local_reference_ingredient_sum_draft,api_estimate,pending_review,"Draft only: summed local reference ingredient profiles and divided by source_servings=4. Reviewer must verify ingredient matches, edible yield, oil absorption, and serving size before marking reviewed.",draft_partial_match,7,"2 siling haba green chili, thinly sliced (no FDC match for siling haba chili thinly) | 2 siling labuyo red chili, thinly sliced (no FDC match for siling labuyo chili thinly) | 3 tablespoon calamansi juice (no FDC match for calamansi juice) | 2 tablespoon cilantro finely chopped (no FDC match for cilantro finely)","2 small red onions thinly sliced => onions thinly [220.0g, FDC local:onion] | 2- inch knob of ginger thinly sliced => - inch knob of ginger thinly [200.0g, FDC local:ginger] | 1/4 cup coconut vinegar => coconut vinegar [35.0g, FDC local:vinegar] | 2 teaspoon patis or fish sauce => patis or fish sauce [10.0g, FDC local:fish sauce] | 500 g tuna fillet preferably sashimi-grade or IQF, cubed => tuna fillet [500.0g, FDC local:tuna] | 3 tablespoon white vinegar => vinegar [45.0g, FDC local:vinegar] | 3 tablespoon coconut milk => coconut milk [24.0g, FDC local:coconut milk]"
ph_320,227,32.7,16.8,3.3,4.2,1913,3.3,local_reference_ingredient_sum_draft,api_estimate,pending_review,"Draft only: summed local reference ingredient profiles and divided by source_servings=4. Reviewer must verify ingredient matches, edible yield, oil absorption, and serving size before marking reviewed.",draft_partial_match,5,"2 cups young bamboo shoots tambo/labong, thinly sliced diagonally (no FDC match for young bamboo shoots tambo/labong thinly diagonally) | 1 stalk jute leaves saluyot/tugabang (no FDC match for stalk jute leaves saluyot/tugabang) | 400 ml coconut milk gata (unsupported unit ml) | 2 cups water tubig (ignored seasoning/water) | Salt asin (missing quantity) | Freshly ground black pepper paminta to taste (ignored seasoning/water)","600 g blue swimmer crabs => blue swimmer crabs [600.0g, FDC local:crab] | 400 g okra okra, sliced => okra okra [400.0g, FDC local:okra] | 1 cup fresh corn kernels mais => corn kernels mais [150.0g, FDC local:corn] | 1 tablespoon Visayan shrimp paste guinamos/bagoong => visayan shrimp paste guinamos/shrimp paste [17.0g, FDC local:shrimp paste] | 4 cloves garlic bawang, pounded => garlic bawang [12.0g, FDC local:garlic]"
ph_321,1238,41.8,27.9,113.5,9.8,2985,15.6,local_reference_ingredient_sum_draft,api_estimate,pending_review,"Draft only: summed local reference ingredient profiles and divided by source_servings=4. Reviewer must verify ingredient matches, edible yield, oil absorption, and serving size before marking reviewed.",draft_partial_match,8,"3 pieces Kamansi/Breadnut peeled and cut into bite-size pieces (no FDC match for kamansi/breadnut and) | 4 pieces bird's eye chili Siling labuyo, cut (no FDC match for bird s eye chili siling labuyo cut) | Salt and Pepper Asin at Paminta to taste (ignored seasoning/water)","6-7 pieces crabs Alimasag, cleaned and halved => crabs alimasag and halved [650.0g, FDC local:crab] | 2 cups thick coconut milk Kakang gata => thick coconut milk kakang gata [480.0g, FDC local:coconut milk] | 5 cups thin coconut milk Gata => thin coconut milk gata [1200.0g, FDC local:coconut milk] | 1 medium onion Sibuyas, chopped => onion onion [110.0g, FDC local:onion] | 4 cloves garlic Bawang, minced => garlic bawang [12.0g, FDC local:garlic] | 1 thumb-size ginger Luya, grated => -size ginger luya grated [15.0g, FDC local:ginger] | 3 tablespoon cooking oil Mantika => cooking oil mantika [40.8g, FDC local:cooking oil] | 4 tablespoon fish sauce Patis => fish sauce patis [60.0g, FDC local:fish sauce]"
ph_322,409,5.9,13.3,39.7,3.9,653,5.5,local_reference_ingredient_sum_draft,api_estimate,pending_review,"Draft only: summed local reference ingredient profiles and divided by source_servings=4. Reviewer must verify ingredient matches, edible yield, oil absorption, and serving size before marking reviewed.",draft_partial_match,7,"1 lb. Apple snails kuhol, shell removed (no FDC match for apple snails kuhol shell removed) | 6 pieces red chilies (no FDC match for chilies) | 1/4 teaspoon ground black pepper (no FDC match for pepper)","1 large bunch fresh spinach => spinach [100.0g, FDC local:spinach] | 2 cups coconut milk => coconut milk [480.0g, FDC local:coconut milk] | 1 medium onion sliced => onion [110.0g, FDC local:onion] | 4 cloves garlic crushed and chopped => garlic and [12.0g, FDC local:garlic] | 2 thumbs ginger sliced => ginger [30.0g, FDC local:ginger] | 1/4 cup shrimp paste => shrimp paste [35.0g, FDC local:shrimp paste] | 3 tablespoons cooking oil => cooking oil [40.8g, FDC local:cooking oil]"
ph_323,426,33.8,19.5,24.6,4.1,185,5.0,local_reference_ingredient_sum_draft,api_estimate,pending_review,"Draft only: summed local reference ingredient profiles and divided by source_servings=4. Reviewer must verify ingredient matches, edible yield, oil absorption, and serving size before marking reviewed.",draft_partial_match,13,"1/4 1/2 teaspoon rock or ground salt (no FDC match for rock or salt) | 2 small stalks lemongrass tied firmly in a knot (no FDC match for stalks lemongrass tied firmly in a knot) | 1 cup string or green beans cut into 2-3"" pieces (no FDC match for string or beans) | 1 teaspoon ground black pepper (no FDC match for pepper) | Dash of chili flakes optional (missing quantity)","2 pieces thick-cut fish fillet wild-caught snapper with skin on recommended => thick-cut fish fillet wild-caught snapper with skin on recommended [200.0g, FDC local:fish] | 4 tablespoon cooking oil => cooking oil [54.4g, FDC local:cooking oil] | 1/2 medium sweet onion chopped => sweet onion [55.0g, FDC local:onion] | 5 cloves garlic roughly chopped => garlic roughly [15.0g, FDC local:garlic] | 1/2 thumb of ginger chopped => of ginger [7.5g, FDC local:ginger] | 2 Roma tomatoes chopped => roma tomatoes [240.0g, FDC local:tomato] | 1 can 14 fl oz coconut milk (Thai Kitchen brand recommended) => can fl coconut milk [100.0g, FDC local:coconut milk] | 1 cup chicken stock or water => chicken stock or water [240.0g, FDC local:chicken] | 1 medium acorn squash cut into wedges => acorn squash [100.0g, FDC local:squash] | 1/2 large eggplant cut into wedges => eggplant [25.0g, FDC local:eggplant] | 1 medium chayote sayote, cut into wedges => chayote sayote [200.0g, FDC local:sayote] | 1 handful sweet potato tops optional => handful sweet potato tops [170.0g, FDC local:potato] | 1 teaspoon fish sauce patis => fish sauce patis [5.0g, FDC local:fish sauce]"
ph_325,309,4.4,13.7,29.1,4.3,47,7.2,local_reference_ingredient_sum_draft,api_estimate,pending_review,"Draft only: summed local reference ingredient profiles and divided by source_servings=4. Reviewer must verify ingredient matches, edible yield, oil absorption, and serving size before marking reviewed.",draft_partial_match,6,"1/2 kilo about 1 lb tambakol (yellowfin tuna), sliced into serving pieces (no FDC match for kilo about tambakol into serving) | 3-4 green chilies kept whole (no FDC match for chilies kept) | Salt and pepper to taste (ignored seasoning/water) | Fish sauce to taste (ignored seasoning/water) | 2 tablespoons cooking oil for frying (ignored frying oil reserve)","2 cups coconut milk preferably fresh => coconut milk [480.0g, FDC local:coconut milk] | 1 bunch pechay or mustard leaves chopped => bok choy or mustard leaves [150.0g, FDC local:bok choy] | 1 medium onion finely chopped => onion finely [110.0g, FDC local:onion] | 3 cloves of garlic minced => of garlic [9.0g, FDC local:garlic] | 1 thumb-sized ginger peeled and minced => -sized ginger and [15.0g, FDC local:ginger] | 2 medium tomatoes diced => tomatoes [240.0g, FDC local:tomato]"
ph_326,940,13.2,17.0,94.9,5.2,257,7.5,local_reference_ingredient_sum_draft,api_estimate,pending_review,"Draft only: summed local reference ingredient profiles and divided by source_servings=6. Reviewer must verify ingredient matches, edible yield, oil absorption, and serving size before marking reviewed.",draft_partial_match,9,8 Thai chili peppers might be too intense for non-Bicolano palates (no FDC match for thai chili peppers might be too intense for non-bicolano palates) | 2 lemongrass stalks (no FDC match for lemongrass stalks) | Salt and pepper to taste (ignored seasoning/water),"2 ounces dried gabi (taro leaves) you must never use fresh taro leaves, as they contain calcium oxalate crystals that can cause severe irritation => dried gabi you must never use taro leaves as they contain calcium oxalate crystals that can cause severe irritation [56.7g, FDC local:taro] | 1 pound pork belly diced => pork belly [453.6g, FDC local:pork belly] | 4 cups coconut milk => coconut milk [960.0g, FDC local:coconut milk] | 1 cup coconut cream => coconut cream [240.0g, FDC local:coconut cream] | 1 onion peeled and chopped => onion and [110.0g, FDC local:onion] | 4 cloves garlic peeled and minced => garlic and [12.0g, FDC local:garlic] | 1 thumb-size ginger peeled and minced => -size ginger and [15.0g, FDC local:ginger] | 1 tablespoon shrimp paste => shrimp paste [17.0g, FDC local:shrimp paste] | 1 tablespoon canola oil => cooking oil [13.6g, FDC local:cooking oil]"
ph_327,465,8.9,48.2,30.5,5.7,39,36.9,local_reference_ingredient_sum_draft,api_estimate,pending_review,"Draft only: summed local reference ingredient profiles and divided by source_servings=6. Reviewer must verify ingredient matches, edible yield, oil absorption, and serving size before marking reviewed.",draft_partial_match,7,3/4 cup water tubig (ignored seasoning/water) | 3-5 red chilies siling labuyo [optional] (no FDC match for chilies siling labuyo),"1 kg unripe jackfruit langka, peeled and chopped [Langka: traditionally harvested young and green] => unripe jackfruit langka and langka traditionally harvested young and [1000.0g, FDC local:jackfruit] | 3 cups coconut milk gata [Gata: first extract of coconut milk] => coconut milk gata gata first extract of coconut milk [720.0g, FDC local:coconut milk] | 1/2 cup dried fish daing, fried and flaked [Daing: salt-dried fish] => dried fish daing fried and flaked daing salt-dried fish [70.0g, FDC local:fish] | 1 large onion sibuyas, diced => onion onion [110.0g, FDC local:onion] | 5 cloves garlic bawang, crushed => garlic bawang [15.0g, FDC local:garlic] | 3/4 cup tomatoes kamatis, diced => tomatoes tomato [105.0g, FDC local:tomato] | 1 piece shrimp bouillon cube Knorr => shrimp bouillon cube knorr [20.0g, FDC local:broth]"
ph_328,452,31.1,26.4,25.0,3.3,389,4.8,local_reference_ingredient_sum_draft,api_estimate,pending_review,"Draft only: summed local reference ingredient profiles and divided by source_servings=8. Reviewer must verify ingredient matches, edible yield, oil absorption, and serving size before marking reviewed.",draft_partial_match,14,2 teaspoons turmeric powder Luyang Dilaw (no FDC match for turmeric powder luyang dilaw) | 1/4 cup raisins Pasas (no FDC match for raisins pasas) | Salt and pepper to taste (ignored seasoning/water) | Banana leaves for wrapping (missing quantity) | Bell pepper strips (missing quantity) | Carrot florets (missing quantity),"2 cups glutinous rice Malagkit na Bigas => glutinous rice malagkit na bigas [480.0g, FDC local:rice] | 2 cups coconut milk Gata ng Niyog => coconut milk gata ng niyog [480.0g, FDC local:coconut milk] | 2 cups chicken broth Sabaw ng Manok => chicken broth sabaw ng manok [480.0g, FDC local:broth] | 1 pound boneless chicken thigh Hita ng Manok, cut into 2-inch cubes => boneless chicken thigh hita ng manok [453.6g, FDC local:chicken] | 2 pieces chorizo de Bilbao about 5 ounces, sliced 1/2-inch thick => pork de bilbao about -inch thick [200.0g, FDC local:pork] | 1 large onion Sibuyas, thinly sliced => onion onion thinly [110.0g, FDC local:onion] | 2 cloves garlic Bawang, minced => garlic bawang [6.0g, FDC local:garlic] | 1 large carrot Karot, julienned => carrot karot [60.0g, FDC local:carrot] | 1/2 red bell pepper Pulang Paminta, strips => bell pepper pulang paminta strips [60.0g, FDC local:bell pepper] | 1/2 green bell pepper Berdeng Paminta, strips => bell pepper berdeng paminta strips [60.0g, FDC local:bell pepper] | 1 cup green peas Gisantes => green peas gisantes [150.0g, FDC local:green peas] | 2 tablespoons cooking oil => cooking oil [27.2g, FDC local:cooking oil] | 1 tablespoon fish sauce Patis => fish sauce patis [15.0g, FDC local:fish sauce] | 2 hard-boiled eggs quartered => hard- eggs quartered [100.0g, FDC local:egg]"
ph_329,228,9.4,18.2,13.2,3.9,213,6.2,local_reference_ingredient_sum_draft,api_estimate,pending_review,"Draft only: summed local reference ingredient profiles and divided by source_servings=6. Reviewer must verify ingredient matches, edible yield, oil absorption, and serving size before marking reviewed.",draft_partial_match,12,2 teaspoons salt asin (no FDC match for salt asin) | 2 pieces long Green or Red chili sili (no FDC match for or chili sili) | 1/3 cup bottled olives drained (no FDC match for bottled olives drained) | Hot Chili Sauce to taste (ignored seasoning/water),"1/2 kilo Squid Pusit, medium sized, cleaned and cut into rings => kilo squid pusit sized and [50.0g, FDC local:squid] | 1/3 cup vinegar suka => vinegar suka [46.7g, FDC local:vinegar] | 1/2 teaspoon black peppercorns paminta, lightly cracked => peppercorns paminta lightly cracked [1.3g, FDC local:corn] | 1/2 tablespoon minced garlic bawang => garlic bawang [4.0g, FDC local:garlic] | 500 g Tomato Sauce => tomato sauce [500.0g, FDC local:tomato] | 1 can 400g Green Peas gisantes => can 400g green peas gisantes [100.0g, FDC local:green peas] | 1 medium onion sibuyas, chopped => onion onion [110.0g, FDC local:onion] | 2-3 tablespoons Canola oil mantika => cooking oil mantika [34.0g, FDC local:cooking oil] | 1 can 85g Liver Spread => can 85g liver spread [100.0g, FDC local:liver spread] | 2 medium Bell Peppers bell pepper, seeded and sliced => bell peppers bell pepper seeded and [240.0g, FDC local:bell pepper] | 250 g Potatoes patatas, cubed => potatoes patatas [250.0g, FDC local:potato] | 1/2 cup grated cheddar cheese keso => grated cheddar cheese keso [70.0g, FDC local:cheese]"
ph_330,196,28.0,7.4,5.9,1.0,73,1.7,local_reference_ingredient_sum_draft,api_estimate,pending_review,"Draft only: summed local reference ingredient profiles and divided by source_servings=4. Reviewer must verify ingredient matches, edible yield, oil absorption, and serving size before marking reviewed.",draft_partial_match,4,1 large cucumber peeled and thinly sliced (no FDC match for cucumber and thinly) | 4 calamansi lemons juiced (no FDC match for calamansi lemons juiced) | 2 small chili peppers minced (no FDC match for chili peppers) | Salt to taste (ignored seasoning/water) | Freshly ground black pepper (missing quantity),"1 pound of fish filet herring/tamban recommended, cut into bite-size pieces => of fish filet herring/tamban recommended [453.6g, FDC local:fish] | 1 medium-sized onion finely chopped => -sized onion finely [110.0g, FDC local:onion] | 1 large knob of ginger peeled and minced => knob of ginger and [100.0g, FDC local:ginger] | 1 cup of vinegar white or cane vinegar preferred => of vinegar or cane vinegar preferred [140.0g, FDC local:vinegar]"
ph_332,19,0.4,4.0,0.1,0.6,2,1.3,local_reference_ingredient_sum_draft,api_estimate,pending_review,"Draft only: summed local reference ingredient profiles and divided by source_servings=4. Reviewer must verify ingredient matches, edible yield, oil absorption, and serving size before marking reviewed.",draft_partial_match,3,1/2 kilo 500g fresh anchovies (dilis) (no FDC match for kilo 500g anchovies) | 3 pieces long green chilies sliced (no FDC match for chilies) | 3 pieces red chilies sliced (no FDC match for chilies) | 5 calamansi juiced (or substitute with 2-3 tablespoons lime juice) (no FDC match for calamansi juiced) | 1/2 teaspoon freshly ground black pepper (no FDC match for freshly pepper) | 1 teaspoon salt or to taste (ignored seasoning/water) | 1/2 teaspoon sugar or to taste (ignored seasoning/water),"2 thumb-sized ginger pieces minced => -sized ginger [30.0g, FDC local:ginger] | 1 medium onion minced => onion [110.0g, FDC local:onion] | 3 tablespoons white vinegar => vinegar [45.0g, FDC local:vinegar]"
ph_334,687,12.3,21.4,61.1,3.8,47,2.6,local_reference_ingredient_sum_draft,api_estimate,pending_review,"Draft only: summed local reference ingredient profiles and divided by source_servings=6. Reviewer must verify ingredient matches, edible yield, oil absorption, and serving size before marking reviewed.",draft_partial_match,5,"Bunch of green beans or string beans/sitaw ends trimmed (missing quantity) | Spinach or kangkong water spinach, washed with stems separated (missing quantity) | 1 daikon radish sliced into 1/2 inch rounds (no FDC match for daikon radish into inch rounds) | 2 liters water (ignored seasoning/water) | 1 packet spicy sinigang na sampalok mix (no FDC match for packet spicy sinigang na sampalok mix) | Steamed white rice for serving (missing quantity) | Patis fish sauce, for serving (missing quantity)","1.5 lb pork belly sliced into 1/2 inch thick pieces => pork belly into inch thick [680.4g, FDC local:pork belly] | 3 small tomatoes chopped into 1-inch pieces => tomatoes into -inch [360.0g, FDC local:tomato] | 1 yellow onion chopped into 1-inch pieces => onion into -inch [110.0g, FDC local:onion] | 4 small taro/gabi => taro/gabi [400.0g, FDC local:taro] | 1 teaspoon cooking oil => cooking oil [4.5g, FDC local:cooking oil]"
ph_337,224,34.5,14.2,3.7,3.2,79,3.7,local_reference_ingredient_sum_draft,api_estimate,pending_review,"Draft only: summed local reference ingredient profiles and divided by source_servings=4. Reviewer must verify ingredient matches, edible yield, oil absorption, and serving size before marking reviewed.",draft_partial_match,6,"4.5 cups water (ignored seasoning/water) | 1 pc green finger chili siling haba (no FDC match for finger chili siling haba) | 0.5 cup radish sliced diagonally (no FDC match for radish diagonally) | 1 cup water spinach kangkong, separated into leaves and stems (ignored seasoning/water)","1 pc onion quartered => onion quartered [110.0g, FDC local:onion] | 2 pcs tomatoes quartered => tomatoes quartered [240.0g, FDC local:tomato] | 0.5 kg tilapia cleaned and cut into portions => tilapia and [500.0g, FDC local:tilapia] | 0.5 cup okra ends trimmed => okra ends trimmed [70.0g, FDC local:okra] | 0.5 cup string beans sitaw, cut into 2-inch lengths => string beans yardlong beans [70.0g, FDC local:yardlong beans] | 1 package MAGGI Magic Sinigang Sampalok With Gabi Mix => package maggi magic sinigang sampalok with gabi mix [100.0g, FDC local:taro]"
ph_338,869,25.9,16.4,82.1,4.5,820,7.2,local_reference_ingredient_sum_draft,api_estimate,pending_review,"Draft only: summed local reference ingredient profiles and divided by source_servings=4. Reviewer must verify ingredient matches, edible yield, oil absorption, and serving size before marking reviewed.",draft_partial_match,6,"4 pieces santol cotton fruit, ripe but firm (no FDC match for santol cotton fruit but) | 2 pieces long green pepper siling pansigang (no FDC match for pepper siling pansigang) | 5 pieces Thai chili siling labuyo (no FDC match for thai chili siling labuyo)","250 g ground pork giniling na baboy => pork giniling na baboy [250.0g, FDC local:pork] | 3 cups coconut cream kakang gata => coconut cream kakang gata [720.0g, FDC local:coconut cream] | 3 tablespoons cooking oil => cooking oil [40.8g, FDC local:cooking oil] | 1 medium red onion minced (sibuyas) => onion [110.0g, FDC local:onion] | 3 cloves garlic crushed (bawang) => garlic [9.0g, FDC local:garlic] | 2-3 tablespoons shrimp paste bagoong alamang => shrimp paste shrimp paste [42.5g, FDC local:shrimp paste]"
ph_341,455,17.1,11.6,40.5,3.6,649,5.5,local_reference_ingredient_sum_draft,api_estimate,pending_review,"Draft only: summed local reference ingredient profiles and divided by source_servings=4. Reviewer must verify ingredient matches, edible yield, oil absorption, and serving size before marking reviewed.",draft_partial_match,8,"2 long green peppers sliced (no FDC match for peppers) | 2 Thai chili peppers optional, for heat (no FDC match for thai chili peppers) | 1/4 teaspoon ground black pepper (no FDC match for pepper) | Salt for seasoning fish (missing quantity)","2 whole tilapia fish cleaned and scored on both sides => tilapia fish and scored on both sides [200.0g, FDC local:tilapia] | 2 cups coconut milk => coconut milk [480.0g, FDC local:coconut milk] | 4 cloves garlic crushed => garlic [12.0g, FDC local:garlic] | 1 medium onion chopped => onion [110.0g, FDC local:onion] | 1 thumb-sized piece ginger cut into thin strips => -sized ginger [15.0g, FDC local:ginger] | 2 tablespoons fish sauce patis => fish sauce patis [30.0g, FDC local:fish sauce] | 2 cups fresh spinach => spinach [60.0g, FDC local:spinach] | 3 tablespoons cooking oil => cooking oil [40.8g, FDC local:cooking oil]"
ph_343,629,16.9,129.4,2.8,3.9,24,1.4,local_reference_ingredient_sum_draft,api_estimate,pending_review,"Draft only: summed local reference ingredient profiles and divided by source_servings=4. Reviewer must verify ingredient matches, edible yield, oil absorption, and serving size before marking reviewed.",draft_partial_match,7,1/2 cup leftover adobo sauce (no FDC match for leftover adobo sauce) | 1 cup shredded adobo flakes from leftover adobo (no FDC match for shredded adobo flakes from leftover adobo) | 1 tablespoon chopped cilantro wansoy (no FDC match for cilantro wansoy),"1 tablespoon chopped garlic => garlic [8.0g, FDC local:garlic] | 3 cups cooked rice => rice [720.0g, FDC local:rice] | 4 large flour tortillas heated on a dry pan => flour tortillas heated on a dry pan [400.0g, FDC local:flour] | 1 piece salted egg itlog na maalat, finely chopped => salted egg itlog na maalat finely [50.0g, FDC local:egg] | 1/2 cup chopped tomatoes => tomatoes [70.0g, FDC local:tomato] | 1/4 cup chopped onion => onion [35.0g, FDC local:onion] | 2 tablespoons finely chopped ginger => finely ginger [16.0g, FDC local:ginger]"
ph_344,273,48.3,4.1,5.6,0.5,755,1.0,local_reference_ingredient_sum_draft,api_estimate,pending_review,"Draft only: summed local reference ingredient profiles and divided by source_servings=6. Reviewer must verify ingredient matches, edible yield, oil absorption, and serving size before marking reviewed.",draft_partial_match,7,1 cup water (ignored seasoning/water) | 3 pieces bay leaves (ignored seasoning/water) | 3 tablespoons oil (no FDC match for oil) | 2 pieces long green chilis chopped (optional) (no FDC match for chilis),"2 pounds chicken liver => chicken liver [907.2g, FDC local:chicken] | 1/2 cup soy sauce => soy sauce [70.0g, FDC local:soy sauce] | 1/2 cup vinegar => vinegar [70.0g, FDC local:vinegar] | 1 teaspoon peppercorns => peppercorns [2.7g, FDC local:corn] | 6-8 cloves garlic cut into thin slivers => garlic [21.0g, FDC local:garlic] | 1 thumb-sized piece ginger julienned => -sized ginger [15.0g, FDC local:ginger] | 1 medium yellow onion chopped => onion [110.0g, FDC local:onion]"
ph_345,1315,32.9,89.9,94.1,5.4,511,9.0,local_reference_ingredient_sum_draft,api_estimate,pending_review,"Draft only: summed local reference ingredient profiles and divided by source_servings=4. Reviewer must verify ingredient matches, edible yield, oil absorption, and serving size before marking reviewed.",draft_partial_match,6,2 tablespoons neutral oil plus more for frying (ignored frying oil reserve) | 2 cups water (ignored seasoning/water) | 2 tablespoons salt (ignored seasoning/water) | 2-3 bay leaves (no FDC match for bay leaves),"700 g pork belly liempo, cut into 1-inch cubes => pork belly liempo [700.0g, FDC local:pork belly] | 8-12 garlic cloves peeled and lightly smashed => garlic and lightly smashed [1000.0g, FDC local:garlic] | 1 tablespoon black peppercorns => peppercorns [8.0g, FDC local:corn] | 1 cup white or coconut vinegar => or coconut vinegar [140.0g, FDC local:vinegar] | 2 tablespoons soy sauce => soy sauce [30.0g, FDC local:soy sauce] | 2 tablespoons brown sugar optional => brown sugar [25.0g, FDC local:sugar]"
ph_346,90,1.3,6.2,7.0,0.9,323,1.8,local_reference_ingredient_sum_draft,api_estimate,pending_review,"Draft only: summed local reference ingredient profiles and divided by source_servings=6. Reviewer must verify ingredient matches, edible yield, oil absorption, and serving size before marking reviewed.",draft_partial_match,7,"1 kg goat meat karne ng kambing, cut into 2-inch cubes (no FDC match for goat meat karne ng kambing) | 4 cups water tubig (ignored seasoning/water) | 1 tablespoon salt asin (no FDC match for salt asin) | 4 dried bay leaves dahon ng laurel (no FDC match for dried bay leaves dahon ng laurel) | 5 dried chilies siling pangsigang - optional (no FDC match for dried chilies siling pangsigang -) | 1 cup water tubig (ignored seasoning/water)","2 thumb-sized ginger luya, crushed => -sized ginger luya [30.0g, FDC local:ginger] | 2 medium onions sibuyas, quartered => onions onion quartered [220.0g, FDC local:onion] | 1/4 cup soy sauce toyo => soy sauce toyo [35.0g, FDC local:soy sauce] | 1/4 cup vinegar suka => vinegar suka [35.0g, FDC local:vinegar] | 8 cloves garlic bawang, crushed => garlic bawang [24.0g, FDC local:garlic] | 1 tablespoon whole peppercorns paminta => peppercorns paminta [8.0g, FDC local:corn] | 3 tablespoons cooking oil mantika => cooking oil mantika [40.8g, FDC local:cooking oil]"
ph_347,26,1.9,4.5,0.1,0.7,963,1.3,local_reference_ingredient_sum_draft,api_estimate,pending_review,"Draft only: summed local reference ingredient profiles and divided by source_servings=4. Reviewer must verify ingredient matches, edible yield, oil absorption, and serving size before marking reviewed.",draft_partial_match,4,"1 whole duck Pato, cleaned and cut into serving pieces (no FDC match for duck pato and) | 2 cups Sprite (no FDC match for sprite) | 1/4 teaspoon ground black pepper Paminta (no FDC match for pepper paminta) | 3-4 bay leaves Dahon ng laurel (no FDC match for bay leaves dahon ng laurel) | Salt Asin or fish sauce (Patis) to taste (ignored seasoning/water)","4 cloves garlic Bawang, minced => garlic bawang [12.0g, FDC local:garlic] | 1 medium onion Sibuyas, minced => onion onion [110.0g, FDC local:onion] | 1/4 cup vinegar Suka => vinegar suka [35.0g, FDC local:vinegar] | 1/2 cup soy sauce Toyo => soy sauce toyo [70.0g, FDC local:soy sauce]"
ph_348,242,4.1,6.3,22.9,2.0,38,3.0,local_reference_ingredient_sum_draft,api_estimate,pending_review,"Draft only: summed local reference ingredient profiles and divided by source_servings=4. Reviewer must verify ingredient matches, edible yield, oil absorption, and serving size before marking reviewed.",draft_partial_match,5,1 teaspoon salt asin (no FDC match for salt asin) | Ground black pepper paminta (missing quantity),"4 Chinese eggplants talong na mahaba => chinese eggplants eggplant na mahaba [200.0g, FDC local:eggplant] | 2 large eggs itlog => eggs itlog [100.0g, FDC local:egg] | 6 tablespoons cooking oil mantika => cooking oil mantika [81.6g, FDC local:cooking oil] | 1 small onion finely chopped (sibuyas) => onion finely [110.0g, FDC local:onion] | 2 cloves garlic minced (bawang) => garlic [6.0g, FDC local:garlic]"
ph_349,1231,22.4,7.4,122.6,0.7,77,1.0,local_reference_ingredient_sum_draft,api_estimate,pending_review,"Draft only: summed local reference ingredient profiles and divided by source_servings=6. Reviewer must verify ingredient matches, edible yield, oil absorption, and serving size before marking reviewed.",draft_partial_match,5,"1 thumb-size fresh turmeric luyang dilaw, peeled and julienned (no FDC match for -size turmeric luyang dilaw and) | 11/2 cups water tubig (ignored seasoning/water) | 2 bay leaves dahon ng laurel (no FDC match for bay leaves dahon ng laurel) | Salt and pepper to taste asin at paminta (ignored seasoning/water)","3 pounds pork belly liempo, cut into 2-inch cubes => pork belly liempo [1360.8g, FDC local:pork belly] | 1 tablespoon canola oil => cooking oil [13.6g, FDC local:cooking oil] | 1 medium onion sibuyas, peeled and chopped => onion onion and [110.0g, FDC local:onion] | 1 whole head garlic bawang, peeled and minced => garlic bawang and [100.0g, FDC local:garlic] | 1 cup white vinegar suka => vinegar suka [140.0g, FDC local:vinegar]"
ph_351,146,1.4,4.8,13.8,1.6,483,1.9,local_reference_ingredient_sum_draft,api_estimate,pending_review,"Draft only: summed local reference ingredient profiles and divided by source_servings=4. Reviewer must verify ingredient matches, edible yield, oil absorption, and serving size before marking reviewed.",draft_partial_match,5,1/2 cup water (ignored seasoning/water) | 2 Thai chili peppers (no FDC match for thai chili peppers) | Salt and pepper to taste (ignored seasoning/water),"4 medium Filipino eggplants stems trimmed and cut into 2-inch chunks => filipino eggplants stems trimmed and [200.0g, FDC local:eggplant] | 4 tablespoons canola oil => cooking oil [54.4g, FDC local:cooking oil] | 5 cloves garlic peeled and minced => garlic and [15.0g, FDC local:garlic] | 1/2 cup vinegar => vinegar [70.0g, FDC local:vinegar] | 1/4 cup soy sauce => soy sauce [35.0g, FDC local:soy sauce]"
ph_352,718,7.6,52.9,58.3,6.3,37,33.1,local_reference_ingredient_sum_draft,api_estimate,pending_review,"Draft only: summed local reference ingredient profiles and divided by source_servings=4. Reviewer must verify ingredient matches, edible yield, oil absorption, and serving size before marking reviewed.",draft_ready_for_review,4,,"4 cups coconut milk => coconut milk [960.0g, FDC local:coconut milk] | 1/2 cup glutinous rice malagkit => glutinous rice malagkit [120.0g, FDC local:rice] | 1 cup whole kernel corn fresh or canned => kernel corn or canned [150.0g, FDC local:corn] | 3/4 cup granulated sugar => granulated sugar [93.8g, FDC local:sugar]"
ph_353,683,71.8,12.1,36.6,1.1,166,4.0,local_reference_ingredient_sum_draft,api_estimate,pending_review,"Draft only: summed local reference ingredient profiles and divided by source_servings=6. Reviewer must verify ingredient matches, edible yield, oil absorption, and serving size before marking reviewed.",draft_partial_match,8,3-4 pieces thai chilies (no FDC match for thai chilies) | 2 pieces bay leaves dahon ng laurel (no FDC match for bay leaves dahon ng laurel) | Salt asin at paminta to taste (ignored seasoning/water),"1 kilogram pork meat and intestines cut into small cubes => pork meat and intestines [1000.0g, FDC local:pork] | 4 cups pork blood dugo ng baboy, strained => pork blood dugo ng baboy strained [560.0g, FDC local:pork] | 1/2 cup sukang puti white vinegar => sukang puti vinegar [70.0g, FDC local:vinegar] | 1 bulb garlic bawang, minced => bulb garlic bawang [100.0g, FDC local:garlic] | 2 medium onion sibuyas, finely chopped => onion onion finely [220.0g, FDC local:onion] | 1 thumb-sized ginger luya, minced => -sized ginger luya [15.0g, FDC local:ginger] | 1 tablespoon Brown sugar asukal na pula => brown sugar asukal na pula [12.5g, FDC local:sugar] | 2 tablespoon Black peppercorns => peppercorns [16.0g, FDC local:corn]"
ph_354,656,62.7,2.4,42.1,0.2,965,0.2,local_reference_ingredient_sum_draft,api_estimate,pending_review,"Draft only: summed local reference ingredient profiles and divided by source_servings=4. Reviewer must verify ingredient matches, edible yield, oil absorption, and serving size before marking reviewed.",draft_partial_match,6,4-5 pieces dried bay leaves (no FDC match for dried bay leaves) | 1 cup water (ignored seasoning/water) | Salt to taste if necessary (ignored seasoning/water),"2 lbs pork chops => pork chops [907.2g, FDC local:pork] | 4 tablespoons dark soy sauce => dark soy sauce [60.0g, FDC local:soy sauce] | 5 cloves garlic crushed => garlic [15.0g, FDC local:garlic] | 3 tablespoons white or cane vinegar => or cane vinegar [45.0g, FDC local:vinegar] | 2 teaspoons whole peppercorn => peppercorn [5.3g, FDC local:corn] | 3 tablespoons cooking oil => cooking oil [40.8g, FDC local:cooking oil]"
ph_355,201,27.8,13.7,3.1,1.4,493,2.6,local_reference_ingredient_sum_draft,api_estimate,pending_review,"Draft only: summed local reference ingredient profiles and divided by source_servings=6. Reviewer must verify ingredient matches, edible yield, oil absorption, and serving size before marking reviewed.",draft_partial_match,7,1 cup fresh pineapple chunks pinya (no FDC match for pineapple chunks pinya) | 1 small star anise sangke (no FDC match for star anise sangke) | 1 bay leaf dahon ng laurel or dried oregano (no FDC match for bay leaf dahon ng laurel or dried oregano) | 1/4 teaspoon ground pepper paminta (no FDC match for pepper paminta) | 1/2 cup water tubig (ignored seasoning/water) | Cooking oil for browning mantika (missing quantity),"1/2 kg chicken breast fillet or any chicken parts => chicken breast fillet or any chicken parts [500.0g, FDC local:chicken] | 1/3 cup soy sauce toyo => soy sauce toyo [46.7g, FDC local:soy sauce] | 1/4 cup white vinegar suka => vinegar suka [35.0g, FDC local:vinegar] | 2 small potatoes patatas, sliced => potatoes patatas [340.0g, FDC local:potato] | 6-8 cloves of garlic bawang, chopped => of garlic bawang [21.0g, FDC local:garlic] | 1 tablespoon sugar asukal => sugar asukal [12.5g, FDC local:sugar] | 1 tablespoon Chinese rice wine optional => chinese rice wine [8.0g, FDC local:rice]"
ph_356,888,94.1,13.2,47.8,0.4,1175,8.2,local_reference_ingredient_sum_draft,api_estimate,pending_review,"Draft only: summed local reference ingredient profiles and divided by source_servings=4. Reviewer must verify ingredient matches, edible yield, oil absorption, and serving size before marking reviewed.",draft_partial_match,6,2 bay leaves dahon ng laurel (no FDC match for bay leaves dahon ng laurel) | 1/2 cup panko breadcrumbs (no FDC match for panko breadcrumbs) | 1/2 cup honey pulot (no FDC match for honey pulot) | 1 tablespoon butter mantikilya (no FDC match for butter mantikilya),"3 pounds pork back ribs tadyang ng baboy, cut between bones => pork back ribs tadyang ng baboy cut between bones [1360.8g, FDC local:pork] | 1/2 cup soy sauce toyo => soy sauce toyo [70.0g, FDC local:soy sauce] | 1 cup vinegar suka => vinegar suka [140.0g, FDC local:vinegar] | 1/4 cup brown sugar asukal na pula => brown sugar asukal na pula [31.2g, FDC local:sugar] | 1 head garlic bawang, peeled and minced => garlic bawang and [50.0g, FDC local:garlic] | 1/2 teaspoon peppercorns paminta, crushed => peppercorns paminta [1.3g, FDC local:corn]"
ph_358,1409,29.5,50.4,120.8,5.4,1054,4.3,local_reference_ingredient_sum_draft,api_estimate,pending_review,"Draft only: summed local reference ingredient profiles and divided by source_servings=4. Reviewer must verify ingredient matches, edible yield, oil absorption, and serving size before marking reviewed.",draft_partial_match,8,5 dried bay leaves dahon ng laurel (no FDC match for dried bay leaves dahon ng laurel) | 2 cups water tubig (ignored seasoning/water) | Salt asin to taste (ignored seasoning/water) | 2-3 Thai chilies siling labuyo for heat (no FDC match for thai chilies siling labuyo for heat),"2 lbs pork belly liempo, cut into 2-inch chunks => pork belly liempo [907.2g, FDC local:pork belly] | 1/2 cup soy sauce toyo => soy sauce toyo [70.0g, FDC local:soy sauce] | 2 whole heads garlic bawang, crushed => garlic bawang [200.0g, FDC local:garlic] | 4 tablespoons white vinegar suka => vinegar suka [60.0g, FDC local:vinegar] | 1 tablespoon whole black peppercorns paminta => peppercorns paminta [8.0g, FDC local:corn] | 1 medium onion sibuyas, chopped => onion onion [110.0g, FDC local:onion] | 1 teaspoon brown sugar asukal na pula => brown sugar asukal na pula [4.2g, FDC local:sugar] | 4 medium potatoes patatas, quartered => potatoes patatas quartered [680.0g, FDC local:potato]"
ph_359,1271,23.2,9.0,125.8,0.8,1037,4.6,local_reference_ingredient_sum_draft,api_estimate,pending_review,"Draft only: summed local reference ingredient profiles and divided by source_servings=4. Reviewer must verify ingredient matches, edible yield, oil absorption, and serving size before marking reviewed.",draft_partial_match,9,2 bay leaves Dahon ng Laurel (no FDC match for bay leaves dahon ng laurel) | 1 cup water Tubig (ignored seasoning/water) | Salt Asin at Paminta to taste (ignored seasoning/water),"2 pounds pork belly with ribs or spare ribs Liempo, cut into 2-inch pieces => pork belly with ribs or spare ribs liempo [907.2g, FDC local:pork belly] | 1 tablespoon canola oil Mantika => cooking oil mantika [13.6g, FDC local:cooking oil] | 1 medium onion Sibuyas, peeled and chopped => onion onion and [110.0g, FDC local:onion] | 6 cloves garlic Bawang, peeled and minced => garlic bawang and [18.0g, FDC local:garlic] | 1 thumb-sized ginger Luya, peeled and minced => -sized ginger luya and [15.0g, FDC local:ginger] | 1 tablespoon atsuete powder Achuete/Annatto => atsuete powder achuete/annatto [8.0g, FDC local:annatto oil] | 1 cup palm vinegar => palm vinegar [140.0g, FDC local:vinegar] | 1/2 cup soy sauce Toyo => soy sauce toyo [70.0g, FDC local:soy sauce] | 1 tablespoon brown sugar Asukal na Pula => brown sugar asukal na pula [12.5g, FDC local:sugar]"
ph_360,708,12.2,7.3,69.7,0.6,42,4.4,local_reference_ingredient_sum_draft,api_estimate,pending_review,"Draft only: summed local reference ingredient profiles and divided by source_servings=4. Reviewer must verify ingredient matches, edible yield, oil absorption, and serving size before marking reviewed.",draft_partial_match,6,200 ml soy sauce (unsupported unit ml) | 1/4 cup white vinegar adjust to taste (ignored seasoning/water) | 3 bay leaves (no FDC match for bay leaves) | 1/2 teaspoon salt adjust to taste (ignored seasoning/water) | 1 cup water (ignored seasoning/water),"500 grams pork belly liempo, cut into 1-inch cubes => pork belly liempo [500.0g, FDC local:pork belly] | 6 cloves garlic minced => garlic [18.0g, FDC local:garlic] | 1 medium onion sliced => onion [110.0g, FDC local:onion] | 1 teaspoon black peppercorns => peppercorns [2.7g, FDC local:corn] | 1 tablespoon cooking oil => cooking oil [13.6g, FDC local:cooking oil] | 1 tablespoon brown sugar optional => brown sugar [12.5g, FDC local:sugar]"
ph_361,602,109.9,4.0,12.6,0.5,3137,0.4,local_reference_ingredient_sum_draft,api_estimate,pending_review,"Draft only: summed local reference ingredient profiles and divided by source_servings=4. Reviewer must verify ingredient matches, edible yield, oil absorption, and serving size before marking reviewed.",draft_partial_match,4,11/2 cups water (ignored seasoning/water) | 3 tablespoons honey (no FDC match for honey) | 3 bay leaves (no FDC match for bay leaves) | 1/2 teaspoon freshly ground black pepper (no FDC match for freshly pepper),"3 pounds skinless boneless chicken thighs => skinless boneless chicken thighs [1360.8g, FDC local:chicken] | 11/2 cups soy sauce regular or low-sodium => soy sauce regular or low-sodium [210.0g, FDC local:soy sauce] | 3/4 cup vinegar white, rice, or apple cider vinegar => vinegar rice or apple cider vinegar [180.0g, FDC local:vinegar] | 11/2 tablespoons minced garlic about 4-5 cloves => garlic about - [12.0g, FDC local:garlic]"
ph_362,79,8.2,5.4,3.3,0.9,409,1.1,local_reference_ingredient_sum_draft,api_estimate,pending_review,"Draft only: summed local reference ingredient profiles and divided by source_servings=6. Reviewer must verify ingredient matches, edible yield, oil absorption, and serving size before marking reviewed.",draft_partial_match,7,"5 cups water (ignored seasoning/water) | Salt and pepper to taste (ignored seasoning/water) | 1 small green papaya Papaya, cut into 2-inch wedges (no FDC match for papaya papaya) | 2-3 pieces hot green chilies Siling Haba - optional (no FDC match for hot chilies siling haba -)","1 whole chicken 3-4 lbs, cut into serving pieces (Manok na hinati-hati) => chicken - [100.0g, FDC local:chicken] | 2 thumb-sized ginger Luya, julienned => -sized ginger luya [30.0g, FDC local:ginger] | 1 small onion Sibuyas, thinly sliced => onion onion thinly [110.0g, FDC local:onion] | 3 cloves garlic Bawang, minced => garlic bawang [9.0g, FDC local:garlic] | 2 tablespoons fish sauce Patis => fish sauce patis [30.0g, FDC local:fish sauce] | 1 tablespoon cooking oil => cooking oil [13.6g, FDC local:cooking oil] | 1 bunch fresh spinach Espinaca or moringa leaves (Malunggay) => spinach espinaca or moringa leaves [150.0g, FDC local:moringa leaves]"
ph_364,421,53.1,34.6,6.0,1.7,972,1.7,local_reference_ingredient_sum_draft,api_estimate,pending_review,"Draft only: summed local reference ingredient profiles and divided by source_servings=6. Reviewer must verify ingredient matches, edible yield, oil absorption, and serving size before marking reviewed.",draft_partial_match,10,3 tablespoons fresh lemon juice (no FDC match for lemon juice) | 2 tablespoons maple syrup (no FDC match for maple syrup) | 2 fresh Thai bird or habanero chiles thinly sliced (no FDC match for thai bird or habanero chiles thinly) | 3/4 cup water (ignored seasoning/water) | 4 bay leaves (no FDC match for bay leaves) | 1/2 teaspoon red pepper flakes (no FDC match for pepper flakes) | 1 teaspoon salt (ignored seasoning/water) | 11/2 cups water (ignored seasoning/water) | Salt to taste (ignored seasoning/water) | 2 cups buttermilk (no FDC match for buttermilk) | 1 teaspoon paprika (no FDC match for paprika) | 1/2 teaspoon black pepper (no FDC match for pepper) | About 8 cups peanut oil for frying (ignored frying oil reserve),"2 tablespoons fish sauce => fish sauce [30.0g, FDC local:fish sauce] | 1 tablespoon soy sauce => soy sauce [15.0g, FDC local:soy sauce] | 21/2 cups distilled white vinegar => distilled vinegar [350.0g, FDC local:vinegar] | 3 garlic cloves finely minced => garlic finely [300.0g, FDC local:garlic] | 11/2 teaspoons black peppercorns => peppercorns [4.0g, FDC local:corn] | 1 teaspoon sugar => sugar [4.2g, FDC local:sugar] | 1/4 cup soy sauce => soy sauce [35.0g, FDC local:soy sauce] | 2 pounds chicken pieces with skin thighs and/or drumsticks, plus wings if desired - avoid breasts => chicken with skin thighs and/or drumsticks plus wings if desired - avoid breasts [907.2g, FDC local:chicken] | 1 cup all-purpose flour => all-purpose flour [125.0g, FDC local:flour] | 1 teaspoon salt for flour mixture => salt for flour mixture [2.7g, FDC local:flour]"
ph_365,504,73.9,14.3,15.3,1.8,965,3.1,local_reference_ingredient_sum_draft,api_estimate,pending_review,"Draft only: summed local reference ingredient profiles and divided by source_servings=4. Reviewer must verify ingredient matches, edible yield, oil absorption, and serving size before marking reviewed.",draft_partial_match,9,"11/4 teaspoons kosher salt (no FDC match for kosher salt) | 1/2 teaspoon black pepper (no FDC match for pepper) | 2 to 3 dried bay leaves (no FDC match for dried bay leaves) | Cooking spray (missing quantity) | 4 medium scallions about 13/4 ounces, thinly sliced (about 1/2 cup) (no FDC match for scallions about thinly) | 1/4 cup chopped fresh cilantro (no FDC match for cilantro) | 1 medium serrano chile unseeded, thinly sliced (about 1/4 cup) (no FDC match for serrano chile unseeded thinly) | Kosher salt to taste (ignored seasoning/water) | Hot cooked white rice (missing quantity)","2 pounds chicken wing drumettes and flats patted dry => chicken wing drumettes and flats patted dry [907.2g, FDC local:chicken] | 1 small white onion 6 ounces, thinly sliced (about 3/4 cup) => onion thinly [110.0g, FDC local:onion] | 1 garlic head 2 ounces, cloves separated, peeled, and smashed (about 14 garlic cloves) => garlic separated and smashed [100.0g, FDC local:garlic] | 1/3 cup soy sauce such as Silver Swan => soy sauce such as silver swan [46.7g, FDC local:soy sauce] | 1/3 cup white vinegar such as Datu Puti => vinegar such as datu puti [46.7g, FDC local:vinegar] | 2 tablespoons neutral cooking oil such as grapeseed oil => neutral cooking oil such as grapeseed oil [27.2g, FDC local:cooking oil] | 2 medium tomatoes about 10 ounces, cored and chopped (about 11/2 cups) => tomatoes about cored and [240.0g, FDC local:tomato] | 11/2 teaspoons fish sauce such as Red Boat or Rufina => fish sauce such as boat or rufina [7.5g, FDC local:fish sauce] | 2 teaspoons fried garlic such as Maesri => fried garlic such as maesri [5.3g, FDC local:garlic]"
ph_366,665,109.5,9.8,17.5,0.7,1284,0.5,local_reference_ingredient_sum_draft,api_estimate,pending_review,"Draft only: summed local reference ingredient profiles and divided by source_servings=4. Reviewer must verify ingredient matches, edible yield, oil absorption, and serving size before marking reviewed.",draft_partial_match,6,1 cup water Tubig (ignored seasoning/water) | 2 bay leaves Dahon ng laurel (no FDC match for bay leaves dahon ng laurel) | Salt Asin and pepper (Paminta) to taste (ignored seasoning/water),"3 pounds chicken Manok, cut into serving pieces => chicken manok [1360.8g, FDC local:chicken] | 1 whole head garlic Bawang, peeled and minced => garlic bawang and [100.0g, FDC local:garlic] | 1 cup white vinegar Suka => vinegar suka [140.0g, FDC local:vinegar] | 1/2 cup soy sauce Toyo => soy sauce toyo [70.0g, FDC local:soy sauce] | 1 tablespoon cooking oil => cooking oil [13.6g, FDC local:cooking oil] | 1/4 cup liver spread Atay spread => liver spread atay spread [35.0g, FDC local:liver spread]"
ph_367,409,71.2,3.0,10.5,0.4,489,0.8,local_reference_ingredient_sum_draft,api_estimate,pending_review,"Draft only: summed local reference ingredient profiles and divided by source_servings=6. Reviewer must verify ingredient matches, edible yield, oil absorption, and serving size before marking reviewed.",draft_partial_match,5,"1.4 ounces tamarind powder or 1 cup fresh tamarind pulp (no FDC match for tamarind powder or tamarind pulp) | 1 cup water tubig (ignored seasoning/water) | Salt asin at paminta to taste (ignored seasoning/water) | Green onions dahon ng sibuyas, chopped (missing quantity) | Crispy fried garlic pritong bawang (missing quantity)","3 pounds chicken wings cut into drummettes and wingettes (pwedeng palitan ng ibang parte ng manok) => chicken wings [1360.8g, FDC local:chicken] | 1 large onion thinly sliced (sibuyas) => onion thinly [110.0g, FDC local:onion] | 6 cloves garlic minced (bawang) => garlic [18.0g, FDC local:garlic] | 1/4 cup soy sauce toyo => soy sauce toyo [35.0g, FDC local:soy sauce] | 1 tablespoon cooking oil mantika => cooking oil mantika [13.6g, FDC local:cooking oil]"
ph_368,153,8.6,25.7,2.2,1.7,262,1.0,local_reference_ingredient_sum_draft,api_estimate,pending_review,"Draft only: summed local reference ingredient profiles and divided by source_servings=8. Reviewer must verify ingredient matches, edible yield, oil absorption, and serving size before marking reviewed.",draft_partial_match,7,1 can 12 oz 7-Up/Sprite (no FDC match for can -up/sprite) | 4 bay leaves dahon ng laurel (no FDC match for bay leaves dahon ng laurel) | 3 tablespoons rock salt asin (ignored seasoning/water) | 5-6 cups cooking oil mantika (ignored frying oil reserve) | 4 shallots minced (sibuyas tagalog) (no FDC match for shallots) | 3 Thai chilies chopped (siling labuyo) (no FDC match for thai chilies) | 1/2 teaspoon ground pepper dinurog na paminta (no FDC match for pepper dinurog na paminta),"1 whole pork leg 3-4 kg (pata ng baboy) => pork leg - [100.0g, FDC local:pork] | 1 cup white vinegar suka => vinegar suka [140.0g, FDC local:vinegar] | 1 whole garlic head crushed (isang ulong bawang) => garlic [100.0g, FDC local:garlic] | 2 tablespoons whole peppercorns paminta => peppercorns paminta [16.0g, FDC local:corn] | 1 cup white vinegar suka => vinegar suka [140.0g, FDC local:vinegar] | 1/4 cup soy sauce toyo => soy sauce toyo [35.0g, FDC local:soy sauce] | 5 garlic cloves minced (bawang) => garlic [500.0g, FDC local:garlic]"
ph_369,282,8.8,33.5,13.8,2.1,25,1.1,local_reference_ingredient_sum_draft,api_estimate,pending_review,"Draft only: summed local reference ingredient profiles and divided by source_servings=4. Reviewer must verify ingredient matches, edible yield, oil absorption, and serving size before marking reviewed.",draft_partial_match,4,2-3 tablespoons rock salt timmappi/asin (ignored seasoning/water) | 1 cup water tubig (ignored seasoning/water) | 2-3 bay leaves dahon ng laurel (no FDC match for bay leaves dahon ng laurel),"1 kilo pork belly liempo, cut into 1-inch cubes => kilo pork belly liempo [100.0g, FDC local:pork belly] | 4 whole garlic heads ulo ng bawang, minced => garlic ulo ng bawang [400.0g, FDC local:garlic] | 1/4 cup white vinegar suka => vinegar suka [35.0g, FDC local:vinegar] | 1 tablespoon whole black peppercorns paminta => peppercorns paminta [8.0g, FDC local:corn]"
ph_370,156,15.4,6.0,7.3,2.1,689,1.2,local_reference_ingredient_sum_draft,api_estimate,pending_review,"Draft only: summed local reference ingredient profiles and divided by source_servings=3. Reviewer must verify ingredient matches, edible yield, oil absorption, and serving size before marking reviewed.",draft_partial_match,5,1/4 cup water tubig (ignored seasoning/water) | 2 shallots minced (sibuyas tagalog) (no FDC match for shallots) | Salt asin (missing quantity) | Freshly ground black pepper paminta (missing quantity) | Cooking oil mantika (missing quantity),"1 large banana blossom puso ng saging => banana blossom puso ng saging [100.0g, FDC local:banana blossom] | 150 g fatty pork sliced (liempo) => fatty pork [150.0g, FDC local:pork] | 1/4 cup soy sauce toyo => soy sauce toyo [35.0g, FDC local:soy sauce] | 1/3 cup cane vinegar suka => cane vinegar suka [46.7g, FDC local:vinegar] | 6 cloves garlic minced (bawang) => garlic [18.0g, FDC local:garlic]"
ph_371,274,30.6,0.0,15.9,0.0,70,0.0,local_reference_ingredient_sum_draft,api_estimate,pending_review,"Draft only: summed local reference ingredient profiles and divided by source_servings=4. Reviewer must verify ingredient matches, edible yield, oil absorption, and serving size before marking reviewed.",draft_partial_match,1,1/2 to 1 cup cooking oil (ignored frying oil reserve),"1 lb cooked pork adobo with sauce => pork adobo with sauce [453.6g, FDC local:pork]"
ph_372,958,54.8,22.2,70.7,2.3,829,3.3,local_reference_ingredient_sum_draft,api_estimate,pending_review,"Draft only: summed local reference ingredient profiles and divided by source_servings=6. Reviewer must verify ingredient matches, edible yield, oil absorption, and serving size before marking reviewed.",draft_partial_match,11,2 bay leaves dahon ng laurel (no FDC match for bay leaves dahon ng laurel) | 1 cup water tubig (ignored seasoning/water) | Salt asin to taste (ignored seasoning/water),"11/2 pounds pork shoulder or belly liempo, cut into 2-inch cubes => pork shoulder or belly liempo [680.4g, FDC local:pork belly] | 11/2 pounds chicken parts manok, preferably bone-in => chicken parts manok [680.4g, FDC local:chicken] | 1 cup white vinegar suka => vinegar suka [140.0g, FDC local:vinegar] | 1/2 cup soy sauce toyo => soy sauce toyo [70.0g, FDC local:soy sauce] | 1 whole head garlic bawang, minced => garlic bawang [100.0g, FDC local:garlic] | 1 large onion sibuyas, sliced thinly => onion onion thinly [110.0g, FDC local:onion] | 1 tablespoon whole black peppercorns paminta => peppercorns paminta [8.0g, FDC local:corn] | 1 tablespoon cooking oil => cooking oil [13.6g, FDC local:cooking oil] | 2-3 medium potatoes patatas, quartered => potatoes patatas quartered [425.0g, FDC local:potato] | 4-6 hard-boiled eggs itlog => hard- eggs itlog [250.0g, FDC local:egg] | 2 teaspoons brown sugar asukal na pula => brown sugar asukal na pula [8.3g, FDC local:sugar]"
ph_373,698,63.9,9.8,43.8,1.6,471,2.3,local_reference_ingredient_sum_draft,api_estimate,pending_review,"Draft only: summed local reference ingredient profiles and divided by source_servings=6. Reviewer must verify ingredient matches, edible yield, oil absorption, and serving size before marking reviewed.",draft_partial_match,8,"2 bay leaves Dahon ng Laurel (no FDC match for bay leaves dahon ng laurel) | 1 cup water Tubig (ignored seasoning/water) | 2-3 Thai chili peppers Siling Labuyo, chopped (no FDC match for thai chili peppers siling labuyo) | Salt Asin to taste (ignored seasoning/water)","3 pounds pork shoulder Kasim or belly (Liempo), cut into 2-inch cubes => pork shoulder kasim or belly [1360.8g, FDC local:pork] | 1 whole head garlic Bawang, minced => garlic bawang [100.0g, FDC local:garlic] | 1 large onion Sibuyas, thinly sliced => onion onion thinly [110.0g, FDC local:onion] | 1/2 teaspoon whole peppercorns Paminta => peppercorns paminta [1.3g, FDC local:corn] | 1/2 cup white vinegar Suka => vinegar suka [70.0g, FDC local:vinegar] | 1/4 cup soy sauce Toyo => soy sauce toyo [35.0g, FDC local:soy sauce] | 1 cup thick coconut milk Kakang Gata => thick coconut milk kakang gata [240.0g, FDC local:coconut milk] | 1 tablespoon cooking oil => cooking oil [13.6g, FDC local:cooking oil]"
ph_374,291,28.1,1.2,18.6,0.1,703,0.1,local_reference_ingredient_sum_draft,api_estimate,pending_review,"Draft only: summed local reference ingredient profiles and divided by source_servings=6. Reviewer must verify ingredient matches, edible yield, oil absorption, and serving size before marking reviewed.",draft_partial_match,4,1/4 cup calamansi juice katas ng kalamansi (no FDC match for calamansi juice katas ng kalamansi) | 1/4 teaspoon ground black pepper paminta (no FDC match for pepper paminta),"6 bone-in center cut pork loin rib chops 1/2-inch thick (Anim na pirasong baboy na may buto) => bone-in center cut pork loin rib chops -inch thick [600.0g, FDC local:pork] | 1/2 cup soy sauce toyo => soy sauce toyo [70.0g, FDC local:soy sauce] | 4 cloves garlic minced (bawang, dinurog) => garlic [12.0g, FDC local:garlic] | 2 tablespoons canola oil langis => cooking oil langis [27.2g, FDC local:cooking oil]"
ph_376,309,36.1,4.5,14.9,0.1,700,3.2,local_reference_ingredient_sum_draft,api_estimate,pending_review,"Draft only: summed local reference ingredient profiles and divided by source_servings=4. Reviewer must verify ingredient matches, edible yield, oil absorption, and serving size before marking reviewed.",draft_partial_match,6,"Salt Asin, to taste (ignored seasoning/water) | Ground black pepper Dinurog na paminta, to taste (ignored seasoning/water)","500 g sashimi-grade tuna Sariwang tuna/tambakol, cut into 1/2-inch cubes => sashimi-grade tuna sariwang tuna/tambakol [500.0g, FDC local:tuna] | 4 tablespoons canola oil Mantika => cooking oil mantika [54.4g, FDC local:cooking oil] | 3 cloves garlic Bawang, peeled and thinly sliced => garlic bawang and thinly [9.0g, FDC local:garlic] | 1/3 cup soy sauce Toyo => soy sauce toyo [46.7g, FDC local:soy sauce] | 1/3 cup vinegar Suka => vinegar suka [46.7g, FDC local:vinegar] | 1 tablespoon brown sugar Asukal na Pula => brown sugar asukal na pula [12.5g, FDC local:sugar]"
ph_377,894,90.3,8.8,51.2,0.7,889,4.0,local_reference_ingredient_sum_draft,api_estimate,pending_review,"Draft only: summed local reference ingredient profiles and divided by source_servings=4. Reviewer must verify ingredient matches, edible yield, oil absorption, and serving size before marking reviewed.",draft_partial_match,7,Kosher salt for seasoning (missing quantity) | Freshly cracked black pepper for seasoning (missing quantity) | 2 tablespoons avocado oil (no FDC match for avocado oil) | 3 large bay leaves (no FDC match for bay leaves) | 1 cup water (ignored seasoning/water),"3 pounds bone-in beef short ribs => bone-in beef short ribs [1360.8g, FDC local:beef] | 1 medium yellow onion halved and sliced into 1/8-inch thick slices => onion halved and into -inch thick slices [110.0g, FDC local:onion] | 1/4 cup garlic minced (about 8-10 cloves) => garlic [35.0g, FDC local:garlic] | 1/3 cup soy sauce preferably Lauriat brand => soy sauce [46.7g, FDC local:soy sauce] | 21/2 teaspoons packed brown sugar => packed brown sugar [10.4g, FDC local:sugar] | 1/4 teaspoon black peppercorns => peppercorns [0.7g, FDC local:corn] | 1/2 cup vinegar preferably Datu Puti cane vinegar => vinegar [70.0g, FDC local:vinegar]"
ph_378,93,7.4,10.3,4.1,2.8,13,5.8,local_reference_ingredient_sum_draft,api_estimate,pending_review,"Draft only: summed local reference ingredient profiles and divided by source_servings=4. Reviewer must verify ingredient matches, edible yield, oil absorption, and serving size before marking reviewed.",draft_partial_match,6,"2-3 tablespoons Olive Oil (no FDC match for olive oil) | Salt asin and at paminta, to taste (ignored seasoning/water) | 2 Tablespoons Coconut Aminos Adds umami and light color (no FDC match for coconut aminos adds umami and light color) | 2 Tablespoons Calamansi Juice katas ng kalamansi - Provides essential citrus tang (no FDC match for calamansi juice katas ng kalamansi - provides essential citrus tang) | Red Pepper Flakes Hot Sauce (sawsang maanghang), or Fresh Chopped Chili (siling tuyo) to taste (optional) (ignored seasoning/water)","1 pound Blue Oyster Mushrooms Provides meaty texture and won't shrink excessively => blue oyster mushrooms provides meaty texture and won t shrink excessively [453.6g, FDC local:mushroom] | 1 pound Cremini Mushrooms Adds earthy flavor and firm bite => cremini mushrooms adds earthy flavor and bite [453.6g, FDC local:mushroom] | 1 Large Red Onion pulang sibuyas, finely diced => onion pulang onion finely [110.0g, FDC local:onion] | 1/4 Cup Vinegar suka - Authentic Filipino vinegar is essential for proper flavor => vinegar suka - authentic filipino vinegar is essential for proper flavor [35.0g, FDC local:vinegar] | 1 Tablespoon Vegan Mayonnaise Creates creaminess => vegan cooking oil creates creaminess [13.6g, FDC local:cooking oil] | 1 Tablespoon Chopped Chives or Green Onion dahon ng sibuyas, plus extra for garnish => chives or onion dahon ng onion plus extra for garnish [8.0g, FDC local:onion]"
ph_379,54,6.4,8.3,0.6,1.9,627,4.6,local_reference_ingredient_sum_draft,api_estimate,pending_review,"Draft only: summed local reference ingredient profiles and divided by source_servings=4. Reviewer must verify ingredient matches, edible yield, oil absorption, and serving size before marking reviewed.",draft_partial_match,5,2 tablespoon olive oil (no FDC match for olive oil) | Sea salt and freshly ground pepper (missing quantity) | 1 bay leaf (no FDC match for bay leaf),"4 cloves garlic smashed and peeled => garlic smashed and [12.0g, FDC local:garlic] | 1 1/2 lbs whole button mushrooms => button mushrooms [680.4g, FDC local:mushroom] | 3 tablespoon soy sauce => soy sauce [45.0g, FDC local:soy sauce] | 3 tablespoon white vinegar => vinegar [45.0g, FDC local:vinegar] | 1 teaspoon sugar => sugar [4.2g, FDC local:sugar]"
ph_380,126,10.1,11.4,4.5,1.0,711,1.8,local_reference_ingredient_sum_draft,api_estimate,pending_review,"Draft only: summed local reference ingredient profiles and divided by source_servings=4. Reviewer must verify ingredient matches, edible yield, oil absorption, and serving size before marking reviewed.",draft_partial_match,7,1 cup water tubig (ignored seasoning/water) | 2 bay leaves dahon ng laurel (no FDC match for bay leaves dahon ng laurel) | Salt to taste asin (ignored seasoning/water),"1 whole chicken 3-4 pounds, cut into serving pieces (1 buong manok) => chicken - [100.0g, FDC local:chicken] | 1 whole head garlic minced (isang buong buo ng bawang, dinurog) => garlic [100.0g, FDC local:garlic] | 1 large onion chopped (isang malaking sibuyas, hiniwa) => onion [110.0g, FDC local:onion] | 1/4 cup fish sauce patis => fish sauce patis [35.0g, FDC local:fish sauce] | 1/2 cup white vinegar suka => vinegar suka [70.0g, FDC local:vinegar] | 1/2 teaspoon whole black peppercorns crushed (pamintang buo, dinurog) => peppercorns [1.3g, FDC local:corn] | 1 tablespoon cooking oil => cooking oil [13.6g, FDC local:cooking oil]"
ph_381,177,7.5,14.5,9.8,1.8,339,1.4,local_reference_ingredient_sum_draft,api_estimate,pending_review,"Draft only: summed local reference ingredient profiles and divided by source_servings=6. Reviewer must verify ingredient matches, edible yield, oil absorption, and serving size before marking reviewed.",draft_partial_match,8,2 bay leaves laurel leaves (no FDC match for bay leaves laurel leaves) | 1 cup water (ignored seasoning/water) | Salt to taste (ignored seasoning/water) | Optional: 1 teaspoon brown sugar for balance (blank),"1 3-4 pounds whole chicken, cut into serving pieces => - chicken [100.0g, FDC local:chicken] | 1 head garlic about 12 cloves, peeled and minced => garlic about and [50.0g, FDC local:garlic] | 1 large onion thinly sliced => onion thinly [110.0g, FDC local:onion] | 1/4 cup Filipino soy sauce Marca Pia or Silver Swan recommended => filipino soy sauce marca pia or silver swan recommended [35.0g, FDC local:soy sauce] | 1/2 cup palm vinegar or white vinegar => palm vinegar or vinegar [70.0g, FDC local:vinegar] | 1/2 teaspoon whole black peppercorns => peppercorns [1.3g, FDC local:corn] | 2 large potatoes peeled and cut into 1-inch rounds => potatoes and [340.0g, FDC local:potato] | 1/4 cup cooking oil => cooking oil [54.5g, FDC local:cooking oil]"
ph_382,735,96.9,51.0,14.5,6.2,884,16.0,local_reference_ingredient_sum_draft,api_estimate,pending_review,"Draft only: summed local reference ingredient profiles and divided by source_servings=4. Reviewer must verify ingredient matches, edible yield, oil absorption, and serving size before marking reviewed.",draft_partial_match,13,Salt asin (missing quantity) | Freshly ground black pepper dinurog na paminta (missing quantity) | 6 pieces long red chilies siling haba (no FDC match for chilies siling haba) | 3 pieces bird's eye chilies siling labuyo (no FDC match for bird s eye chilies siling labuyo) | 1 stalk lemongrass white part only (tanglad) (no FDC match for stalk lemongrass part only) | 1 tablespoon tamarind pulp sampalok (no FDC match for tamarind pulp sampalok) | Oil for deep frying mantika (ignored frying oil reserve),"1 kg chicken thighs cut into bite-sized pieces (manok na hita, hiniwa) => chicken thighs [1000.0g, FDC local:chicken] | 3 egg whites puti ng itlog => egg whites puti ng itlog [150.0g, FDC local:egg] | 11/2 cups tapioca flour cassava flour/galapong ng kamoteng kahoy => tapioca flour cassava flour/galapong ng kamoteng kahoy [187.5g, FDC local:cassava] | 2 tablespoons bagoong fermented shrimp paste => shrimp paste fermented shrimp paste [34.0g, FDC local:shrimp paste] | 1/3 cup dried shrimp ground to powder (giniling na hibi) => dried shrimp to powder [46.7g, FDC local:shrimp] | 6 pieces shallots sibuyas tagalog => shallots onion tagalog [660.0g, FDC local:onion] | 6 cloves garlic bawang => garlic bawang [18.0g, FDC local:garlic] | 1- inch fresh ginger sliced (luya) => - inch ginger [100.0g, FDC local:ginger] | 4 pieces tomatoes chunked (kamatis) => tomatoes chunked [480.0g, FDC local:tomato] | 1 large onion chunked (sibuyas) => onion chunked [110.0g, FDC local:onion] | 3 tablespoons tomato sauce sarsa ng kamatis => tomato sauce sarsa ng tomato [24.0g, FDC local:tomato] | 1/2 cup chicken stock sabaw ng manok => chicken stock sabaw ng manok [70.0g, FDC local:chicken] | 1 tablespoon sugar asukal => sugar asukal [12.5g, FDC local:sugar]"
ph_383,701,109.7,30.5,13.2,3.7,751,5.4,local_reference_ingredient_sum_draft,api_estimate,pending_review,"Draft only: summed local reference ingredient profiles and divided by source_servings=4. Reviewer must verify ingredient matches, edible yield, oil absorption, and serving size before marking reviewed.",draft_partial_match,8,"Rock salt asin for scrubbing (ignored seasoning/water) | 2 bay leaves dahon ng laurel (no FDC match for bay leaves dahon ng laurel) | 2 Thai chili peppers siling pangsigang, minced (no FDC match for thai chili peppers siling pangsigang) | 2 tablespoons oyster sauce (no FDC match for oyster sauce) | Salt asin to taste (ignored seasoning/water) | Cooking oil for frying mantika (ignored frying oil reserve)","3 pounds chicken feet paa ng manok => chicken feet paa ng manok [1360.8g, FDC local:chicken] | 4 slices ginger luya => slices ginger luya [400.0g, FDC local:ginger] | 2 stalks green onions dahon ng sibuyas, knotted => stalks onions dahon ng onion knotted [220.0g, FDC local:onion] | 1/2 cup vinegar suka => vinegar suka [70.0g, FDC local:vinegar] | 1/4 cup soy sauce toyo => soy sauce toyo [35.0g, FDC local:soy sauce] | 1 medium onion sibuyas, peeled and chopped => onion onion and [110.0g, FDC local:onion] | 1 head garlic bawang, peeled and minced => garlic bawang and [50.0g, FDC local:garlic] | 1/2 teaspoon whole peppercorns paminta, cracked => peppercorns paminta cracked [1.3g, FDC local:corn]"
ph_385,45,1.9,10.1,0.1,0.7,5,0.6,local_reference_ingredient_sum_draft,api_estimate,pending_review,"Draft only: summed local reference ingredient profiles and divided by source_servings=25. Reviewer must verify ingredient matches, edible yield, oil absorption, and serving size before marking reviewed.",draft_partial_match,2,"1 whole native pig 18-20 kilos [Isang buong native na baboy] (no FDC match for native pig - kilos isang buong native na baboy) | Salt and black pepper to taste Asin at paminta (ignored seasoning/water) | Soy sauce Toyo (missing quantity) | 10 bundles lemongrass tanglad (no FDC match for lemongrass tanglad) | 1/4 cup star anise (no FDC match for star anise) | 6 pieces bay leaves dahon ng laurel, cut into small pieces (no FDC match for bay leaves dahon ng laurel) | 8 pieces half-cooked saba bananas saging na saba, optional (no FDC match for half- saba bananas saging na saba) | Pasotes leaves if available (missing quantity)","5 cups crushed garlic dinurog na bawang => garlic dinurog na bawang [700.0g, FDC local:garlic] | 2 kilos green onion leaves dahon ng sibuyas => kilos onion leaves dahon ng onion [220.0g, FDC local:onion]"
ph_386,238,27.4,14.6,7.5,0.7,66,4.3,local_reference_ingredient_sum_draft,api_estimate,pending_review,"Draft only: summed local reference ingredient profiles and divided by source_servings=8. Reviewer must verify ingredient matches, edible yield, oil absorption, and serving size before marking reviewed.",draft_partial_match,8,2 stalks lemongrass tanglad (no FDC match for stalks lemongrass tanglad) | 1/4 cup calamansi juice (no FDC match for calamansi juice) | 1 1/2 teaspoons salt asin (no FDC match for salt asin) | 1/2 teaspoon black pepper paminta (no FDC match for pepper paminta) | 1 bay leaf dahon ng laurel (no FDC match for bay leaf dahon ng laurel),"2 whole chickens 3-4 pounds each, quartered => chickens - each quartered [200.0g, FDC local:chicken] | 1 head garlic bawang, minced => garlic bawang [50.0g, FDC local:garlic] | 1 thumb-size ginger luya, grated => -size ginger luya grated [15.0g, FDC local:ginger] | 1/2 cup palm vinegar suka => palm vinegar suka [70.0g, FDC local:vinegar] | 1/4 cup brown sugar asukal na pula => brown sugar asukal na pula [31.2g, FDC local:sugar] | 1 pound chicken skins and fat => chicken skins and fat [453.6g, FDC local:chicken] | 1/4 cup annatto seeds atsuete => annatto seeds atsuete [35.0g, FDC local:annatto oil] | 2 garlic cloves crushed => garlic [200.0g, FDC local:garlic]"
ph_387,446,41.7,15.1,23.0,3.5,334,2.9,local_reference_ingredient_sum_draft,api_estimate,pending_review,"Draft only: summed local reference ingredient profiles and divided by source_servings=6. Reviewer must verify ingredient matches, edible yield, oil absorption, and serving size before marking reviewed.",draft_partial_match,7,"8 cups water Tubig (ignored seasoning/water) | 1 pound 10-12 pieces ripe and semi-ripe guavas, peeled and quartered Bayabas (no FDC match for - and semi- guavas and quartered bayabas) | Salt Asin at Paminta to taste (ignored seasoning/water) | 2 pieces medium green chili Siling haba - optional (no FDC match for chili siling haba -) | 1 medium radish Labanos, sliced - optional (no FDC match for radish labanos -)","2 pounds boneless beef shanks Litid ng baka, cut into serving pieces => boneless beef shanks litid ng baka [907.2g, FDC local:beef] | 1 large onion Sibuyas, peeled and quartered => onion onion and quartered [110.0g, FDC local:onion] | 3 ripe tomatoes Kamatis, chopped => tomatoes tomato [360.0g, FDC local:tomato] | 1 tablespoon fish sauce Patis => fish sauce patis [15.0g, FDC local:fish sauce] | 1 bunch water spinach Kangkong, cut into 3-inch lengths => water spinach kangkong [150.0g, FDC local:spinach] | 2 pieces taro root - optional Gabi => taro root - [200.0g, FDC local:taro] | 8-10 pieces okra - optional => okra - [108.0g, FDC local:okra]"
ph_388,596,48.4,18.4,35.0,3.3,762,4.5,local_reference_ingredient_sum_draft,api_estimate,pending_review,"Draft only: summed local reference ingredient profiles and divided by source_servings=6. Reviewer must verify ingredient matches, edible yield, oil absorption, and serving size before marking reviewed.",draft_partial_match,12,1/4 cup calamansi juice katas ng kalamansi or lemon juice (no FDC match for calamansi juice katas ng kalamansi or lemon juice) | 1 teaspoon ground black pepper paminta (no FDC match for pepper paminta) | 2 bay leaves dahon ng laurel (no FDC match for bay leaves dahon ng laurel) | Salt to taste asin (ignored seasoning/water),"2 pounds 1 kg beef chuck roast or top round, cut into 2-inch cubes (karneng baka) => beef chuck roast or top round [907.2g, FDC local:beef] | 1/4 pound 113g pork back fat, cut into thin strips (taba ng baboy) [optional] => 113g pork back fat [113.4g, FDC local:pork] | 1/4 cup soy sauce toyo => soy sauce toyo [35.0g, FDC local:soy sauce] | 1/4 cup cooking oil mantika => cooking oil mantika [54.5g, FDC local:cooking oil] | 2 medium potatoes peeled and quartered (patatas) => potatoes and quartered [340.0g, FDC local:potato] | 2 medium carrots peeled and cut into chunks (karot) => carrots and [120.0g, FDC local:carrot] | 1 large onion diced (sibuyas) => onion [110.0g, FDC local:onion] | 6 cloves garlic minced (bawang) => garlic [18.0g, FDC local:garlic] | 1 cup tomato sauce sarsa ng kamatis => tomato sauce sarsa ng tomato [140.0g, FDC local:tomato] | 3 cups beef broth or water sabaw ng baka => beef broth or water sabaw ng baka [720.0g, FDC local:broth] | 1 red bell pepper chunks (pulang bell pepper) => bell pepper chunks [120.0g, FDC local:bell pepper] | 1 green bell pepper chunks (berdeng bell pepper) => bell pepper chunks [120.0g, FDC local:bell pepper]"
ph_389,112,8.5,4.5,6.5,0.6,564,1.4,local_reference_ingredient_sum_draft,api_estimate,pending_review,"Draft only: summed local reference ingredient profiles and divided by source_servings=6. Reviewer must verify ingredient matches, edible yield, oil absorption, and serving size before marking reviewed.",draft_partial_match,6,"1 tablespoon Worcestershire sauce optional (no FDC match for worcestershire sauce) | 1 tablespoon cooking wine optional (no FDC match for cooking wine) | 1 lemon or 3 pieces calamansi (no FDC match for lemon or calamansi) | 4 pieces green chilies siling haba, deseeded and sliced (no FDC match for chilies siling haba deseeded and) | 1-2 pieces bird's eye chilies siling labuyo (no FDC match for bird s eye chilies siling labuyo) | 1 tablespoon Maggi Savor (no FDC match for maggi savor) | Salt asin and pepper (paminta) to taste (ignored seasoning/water) | Mayonnaise optional, for creaminess (missing quantity)","1 kilo Beef Sirloin Litid ng Baka, finely chopped => kilo beef sirloin litid ng baka finely [100.0g, FDC local:beef] | 3 tablespoons soy sauce toyo => soy sauce toyo [45.0g, FDC local:soy sauce] | 1-2 white onions sibuyas, minced and divided => onions onion and divided [165.0g, FDC local:onion] | 5 cloves garlic bawang, minced => garlic bawang [15.0g, FDC local:garlic] | 1 can Reno liver spread => can reno liver spread [100.0g, FDC local:liver spread] | 1 egg itlog => egg itlog [50.0g, FDC local:egg]"
ph_391,224,36.6,3.0,7.6,0.4,92,1.2,local_reference_ingredient_sum_draft,api_estimate,pending_review,"Draft only: summed local reference ingredient profiles and divided by source_servings=6. Reviewer must verify ingredient matches, edible yield, oil absorption, and serving size before marking reviewed.",draft_partial_match,4,"8 pieces hot chili Thai chili or siling labuyo, chopped (no FDC match for hot chili thai chili or siling labuyo) | 15 to 20 pieces calamansi or substitute with 8-10 limes (no FDC match for calamansi or substitute with - limes) | 1/4 teaspoon ground black pepper (no FDC match for pepper) | Salt to taste (ignored seasoning/water)","2 lbs. Tanigue Wahoo fish, fillet and cut into 1/2-inch cubes => tanigue wahoo fish fillet and [907.2g, FDC local:fish] | 2 thumbs fresh ginger minced => ginger [30.0g, FDC local:ginger] | 1 medium red onion chopped into small pieces => onion into [110.0g, FDC local:onion] | 1/2 teaspoon sugar => sugar [2.1g, FDC local:sugar]"
ph_393,196,2.9,5.9,18.3,0.7,501,2.5,local_reference_ingredient_sum_draft,api_estimate,pending_review,"Draft only: summed local reference ingredient profiles and divided by source_servings=4. Reviewer must verify ingredient matches, edible yield, oil absorption, and serving size before marking reviewed.",draft_partial_match,10,1 lb crocodile meat minced (no FDC match for crocodile meat) | 2 Thai chili peppers finely chopped (no FDC match for thai chili peppers finely) | 3 tablespoon calamansi juice or lime juice (no FDC match for calamansi juice or lime juice) | 1/2 teaspoon black pepper (no FDC match for pepper) | 1 teaspoon salt (ignored seasoning/water) | 1 tablespoon chopped cilantro (no FDC match for cilantro),"3 tablespoon vegetable oil => cooking oil [40.8g, FDC local:cooking oil] | 1 medium onion finely chopped => onion finely [110.0g, FDC local:onion] | 4 cloves garlic minced => garlic [12.0g, FDC local:garlic] | 1 tablespoon ginger minced => ginger [8.0g, FDC local:ginger] | 1/4 cup soy sauce => soy sauce [35.0g, FDC local:soy sauce] | 1 tablespoon vinegar => vinegar [15.0g, FDC local:vinegar] | 1 teaspoon sugar => sugar [4.2g, FDC local:sugar] | 1 raw egg yolk for serving => egg yolk for serving [50.0g, FDC local:egg] | 2 tablespoon mayonnaise => cooking oil [27.2g, FDC local:cooking oil] | 2 tablespoon chopped green onions => onions [16.0g, FDC local:onion]"
ph_394,946,17.1,37.4,80.5,6.3,280,1.5,local_reference_ingredient_sum_draft,api_estimate,pending_review,"Draft only: summed local reference ingredient profiles and divided by source_servings=6. Reviewer must verify ingredient matches, edible yield, oil absorption, and serving size before marking reviewed.",draft_partial_match,5,7 cups water Tubig (ignored seasoning/water) | 1 pound fresh guava Bayabas - about 10-12 pieces (no FDC match for guava bayabas - about -),"2 pounds pork belly Liempo - cut into 2-inch cubes => pork belly liempo - [907.2g, FDC local:pork belly] | 1 onion Sibuyas, peeled and quartered => onion onion and quartered [110.0g, FDC local:onion] | 1 tablespoon fish sauce Patis => fish sauce patis [15.0g, FDC local:fish sauce] | 1 bunch water spinach Kangkong - separated into stalks and leaves => water spinach kangkong - separated into stalks and leaves [150.0g, FDC local:spinach] | 8 pieces taro Gabi - peeled and cut into 2-inch chunks => taro gabi - and [800.0g, FDC local:taro]"
ph_395,287,25.6,10.4,15.2,3.2,392,5.1,local_reference_ingredient_sum_draft,api_estimate,pending_review,"Draft only: summed local reference ingredient profiles and divided by source_servings=4. Reviewer must verify ingredient matches, edible yield, oil absorption, and serving size before marking reviewed.",draft_partial_match,8,"6 cups water tubig (ignored seasoning/water) | 2 cups kamias (no FDC match for kamias) | 1 banana chili siling pang-sigang (no FDC match for banana chili siling pang-sigang) | 1 cup white radish labanos, peeled and chunked (no FDC match for radish labanos and chunked) | Salt asin to taste (ignored seasoning/water)","1 tablespoon fish sauce patis => fish sauce patis [15.0g, FDC local:fish sauce] | 1 small onion sibuyas, peeled and quartered => onion onion and quartered [110.0g, FDC local:onion] | 2 medium tomatoes kamatis, quartered => tomatoes tomato quartered [240.0g, FDC local:tomato] | 1 pound salmon belly tiyan ng salmon, scaled and cut into pieces => salmon belly tiyan ng salmon scaled and [453.6g, FDC local:salmon] | 1 cup long beans sitaw, cut into 3-inch lengths => beans yardlong beans [140.0g, FDC local:yardlong beans] | 1 eggplant talong, chunked => eggplant eggplant chunked [50.0g, FDC local:eggplant] | 4 pieces okra okra, trimmed => okra okra trimmed [48.0g, FDC local:okra] | 1 bunch bok choy pechay => bok choy bok choy [150.0g, FDC local:bok choy]"
ph_396,825,15.1,8.8,80.2,0.4,509,5.0,local_reference_ingredient_sum_draft,api_estimate,pending_review,"Draft only: summed local reference ingredient profiles and divided by source_servings=6. Reviewer must verify ingredient matches, edible yield, oil absorption, and serving size before marking reviewed.",draft_partial_match,7,1/2 cup calamansi juice kalamansi (no FDC match for calamansi juice kalamansi) | 2 Thai chili peppers minced (siling labuyo) (no FDC match for thai chili peppers) | 1 teaspoon salt asin (no FDC match for salt asin) | 1/2 teaspoon black pepper paminta (no FDC match for pepper paminta) | 2 tablespoons oyster sauce sarsa ng talaba (no FDC match for oyster sauce sarsa ng talaba) | 1 tablespoon canola or sesame oil (no FDC match for canola or sesame oil) | 2 Thai chili peppers chopped (siling labuyo) (no FDC match for thai chili peppers) | 1/2 teaspoon salt asin (no FDC match for salt asin) | 1/4 teaspoon freshly ground pepper paminta (no FDC match for freshly pepper paminta),"2 pounds pork belly liempo, cut into 1/2-inch thick slices => pork belly liempo [907.2g, FDC local:pork belly] | 1/4 cup fish sauce patis => fish sauce patis [35.0g, FDC local:fish sauce] | 1 head garlic minced (bawang) => garlic [50.0g, FDC local:garlic] | 2 tablespoons brown sugar asukal na pula => brown sugar asukal na pula [25.0g, FDC local:sugar] | 1 cup white vinegar suka => vinegar suka [140.0g, FDC local:vinegar] | 4 cloves garlic minced (bawang) => garlic [12.0g, FDC local:garlic] | 1/2 onion finely chopped (sibuyas) => onion finely [55.0g, FDC local:onion]"
ph_397,609,47.1,44.1,25.5,7.9,159,1.9,local_reference_ingredient_sum_draft,api_estimate,pending_review,"Draft only: summed local reference ingredient profiles and divided by source_servings=6. Reviewer must verify ingredient matches, edible yield, oil absorption, and serving size before marking reviewed.",draft_partial_match,6,"1 large seedless watermelon pakwan, peeled and cubed (no FDC match for seedless watermelon pakwan and) | 2 stalks lemongrass tanglad, white part only, bruised (no FDC match for stalks lemongrass tanglad part only bruised) | 4 pieces green finger chilies siling haba (no FDC match for finger chilies siling haba) | 40 g packet sinigang mix OR 400g fresh tamarind sampalok (no FDC match for packet sinigang mix or 400g tamarind sampalok) | Fish sauce patis to taste (ignored seasoning/water) | Freshly ground black pepper paminta (missing quantity) | Water for cooking (missing quantity)","1 kg beef brisket baka, cut into 2-inch cubes => beef brisket baka [1000.0g, FDC local:beef] | 8-10 pieces small taro gabi, peeled => taro gabi [900.0g, FDC local:taro] | 12-15 pieces okra => okra [162.0g, FDC local:okra] | 1 bunch water spinach kangkong, trimmed => water spinach kangkong trimmed [150.0g, FDC local:spinach] | 1 large white onion sibuyas, cut into wedges => onion onion [110.0g, FDC local:onion] | 1 thumb-sized ginger luya, thinly sliced => -sized ginger luya thinly [15.0g, FDC local:ginger]"
ph_398,203,20.3,1.7,12.0,0.1,66,0.2,local_reference_ingredient_sum_draft,api_estimate,pending_review,"Draft only: summed local reference ingredient profiles and divided by source_servings=4. Reviewer must verify ingredient matches, edible yield, oil absorption, and serving size before marking reviewed.",draft_partial_match,4,1 teaspoon salt asin (no FDC match for salt asin) | Cooking oil for frying (ignored frying oil reserve) | Optional: 2-3 pieces Thai chilies siling labuyo (blank),"4 whole bangus milkfish/bangus, medium-sized, butterflied and deboned => milkfish/milkfish -sized butterflied and deboned [400.0g, FDC local:milkfish] | 1 cup vinegar suka - preferably Filipino cane or coconut vinegar => vinegar suka - [140.0g, FDC local:vinegar] | 5 cloves garlic bawang, crushed => garlic bawang [15.0g, FDC local:garlic] | 1 teaspoon whole black peppercorns pamintang buo, cracked => peppercorns pamintang buo cracked [2.7g, FDC local:corn]"
ph_399,31,0.8,5.5,0.1,0.8,396,2.3,local_reference_ingredient_sum_draft,api_estimate,pending_review,"Draft only: summed local reference ingredient profiles and divided by source_servings=6. Reviewer must verify ingredient matches, edible yield, oil absorption, and serving size before marking reviewed.",draft_partial_match,5,"3 pounds goat meat kambing (no FDC match for goat meat kambing) | Traditional: head and feet up and down (missing quantity) | Modern: shoulder or leg meat cut into 2-inch pieces (missing quantity) | 1 tablespoon salt asin (no FDC match for salt asin) | 2 pandan leaves optional, for reducing gamey smell (no FDC match for pandan leaves) | 1 pound unripe tamarind sampalok (no FDC match for unripe tamarind sampalok) | 5 finger chilies siling haba (no FDC match for finger chilies siling haba) | Salt to taste (ignored seasoning/water) | 8-10 cups water (no FDC match for water)","2 cups white vinegar suka => vinegar suka [280.0g, FDC local:vinegar] | 1 large onion sibuyas, quartered => onion onion quartered [110.0g, FDC local:onion] | 2 thumbs ginger luya, crushed => ginger luya [30.0g, FDC local:ginger] | 2 tablespoons fish sauce patis => fish sauce patis [30.0g, FDC local:fish sauce] | 1 bunch green onions sibuyas dahon => onions onion dahon [150.0g, FDC local:onion]"
ph_401,146,29.6,7.0,0.6,1.9,768,3.9,local_reference_ingredient_sum_draft,api_estimate,pending_review,"Draft only: summed local reference ingredient profiles and divided by source_servings=4. Reviewer must verify ingredient matches, edible yield, oil absorption, and serving size before marking reviewed.",draft_partial_match,5,"5 cups water tubig or rice washing (ignored seasoning/water) | 1 cup daikon radish labanos, peeled and sliced 1/2-inch thick (no FDC match for daikon radish labanos and -inch thick) | 1/2 cup freshly-squeezed calamansi juice (no FDC match for freshly-squeezed calamansi juice) | Salt asin to taste (ignored seasoning/water) | Eggplant talong (missing quantity) | Okra (missing quantity) | String beans sitaw (missing quantity) | Water spinach kangkong (missing quantity) | Taro gabi (missing quantity)","1 medium onion sibuyas, peeled and quartered => onion onion and quartered [110.0g, FDC local:onion] | 2 medium Roma tomatoes kamatis, quartered => roma tomatoes tomato quartered [240.0g, FDC local:tomato] | 2 tablespoons fish sauce patis => fish sauce patis [30.0g, FDC local:fish sauce] | 1 pound head-on shrimp hipon, cleaned and deveined => -on shrimp hipon and deveined [453.6g, FDC local:shrimp] | 2 bunches pak choi pechay, stems trimmed => pak choi bok choy stems trimmed [300.0g, FDC local:bok choy]"
ph_402,210,26.0,7.6,8.6,1.5,192,3.8,local_reference_ingredient_sum_draft,api_estimate,pending_review,"Draft only: summed local reference ingredient profiles and divided by source_servings=4. Reviewer must verify ingredient matches, edible yield, oil absorption, and serving size before marking reviewed.",draft_partial_match,5,1/4 cup butter mantikilya (no FDC match for butter mantikilya) | Pinch salt asin (missing quantity),"6-8 large eggs itlog, beaten => eggs itlog beaten [350.0g, FDC local:egg] | 2 medium tomatoes kamatis, halved and thinly sliced => tomatoes tomato halved and thinly [240.0g, FDC local:tomato] | 11/2 medium onions sibuyas, thinly sliced => onions onion thinly [165.0g, FDC local:onion] | 1/2 pound shrimp hipon, cleaned, deveined, shell-on => shrimp hipon deveined shell-on [226.8g, FDC local:shrimp] | 2 tablespoons green onions dahon ng sibuyas, chopped for garnish => onions dahon ng onion for garnish [16.0g, FDC local:onion]"
ph_403,943,27.3,5.2,89.1,0.4,276,3.1,local_reference_ingredient_sum_draft,api_estimate,pending_review,"Draft only: summed local reference ingredient profiles and divided by source_servings=6. Reviewer must verify ingredient matches, edible yield, oil absorption, and serving size before marking reviewed.",draft_partial_match,9,1 cup water tubig (ignored seasoning/water) | 2-3 finger chilies/long green chilies siling haba (no FDC match for finger chilies/ chilies siling haba) | Salt and pepper to taste (ignored seasoning/water) | Pork ears tenga (missing quantity) | Intestines bituka (missing quantity) | Heart puso (missing quantity) | Kidney bato (missing quantity),"2 pounds pork belly liempo, cut into 1/2-inch cubes => pork belly liempo [907.2g, FDC local:pork belly] | 10 ounces fresh pork blood dugo ng baboy => pork blood dugo ng baboy [283.5g, FDC local:pork] | 1 cup vinegar suka => vinegar suka [140.0g, FDC local:vinegar] | 1 large onion sibuyas, finely chopped => onion onion finely [110.0g, FDC local:onion] | 4 cloves garlic bawang, minced => garlic bawang [12.0g, FDC local:garlic] | 1 thumb-sized ginger luya, minced => -sized ginger luya [15.0g, FDC local:ginger] | 1 tablespoon fish sauce patis => fish sauce patis [15.0g, FDC local:fish sauce] | 1 tablespoon brown sugar asukal na pula => brown sugar asukal na pula [12.5g, FDC local:sugar] | 1 tablespoon cooking oil => cooking oil [13.6g, FDC local:cooking oil]"
ph_405,435,42.4,9.9,23.6,1.1,742,6.5,local_reference_ingredient_sum_draft,api_estimate,pending_review,"Draft only: summed local reference ingredient profiles and divided by source_servings=6. Reviewer must verify ingredient matches, edible yield, oil absorption, and serving size before marking reviewed.",draft_partial_match,9,2 cups water tubig (ignored seasoning/water) | 2 bay leaves dahon ng laurel (no FDC match for bay leaves dahon ng laurel) | Salt to taste asin (ignored seasoning/water),"2 pounds pork hocks pata, cut 2-inch thick => pork hocks pata cut -inch thick [907.2g, FDC local:pork] | 1 cup white vinegar suka => vinegar suka [140.0g, FDC local:vinegar] | 1/2 cup soy sauce toyo => soy sauce toyo [70.0g, FDC local:soy sauce] | 1/4 cup brown sugar asukal na pula => brown sugar asukal na pula [31.2g, FDC local:sugar] | 1/2 cup dried banana blossoms puso ng saging => dried banana blossoms puso ng saging [70.0g, FDC local:banana blossom] | 1 tablespoon cooking oil mantika => cooking oil mantika [13.6g, FDC local:cooking oil] | 1 large onion sliced (sibuyas) => onion [110.0g, FDC local:onion] | 6 cloves garlic minced (bawang) => garlic [18.0g, FDC local:garlic] | 1 teaspoon whole peppercorns paminta => peppercorns paminta [2.7g, FDC local:corn]"
ph_407,977,30.3,15.7,87.4,2.9,322,3.4,local_reference_ingredient_sum_draft,api_estimate,pending_review,"Draft only: summed local reference ingredient profiles and divided by source_servings=6. Reviewer must verify ingredient matches, edible yield, oil absorption, and serving size before marking reviewed.",draft_partial_match,10,"4 cups water (ignored seasoning/water) | 2 ripe but firm saba bananas Saging na Saba, cut into chunks (no FDC match for but saba bananas saging na saba) | 8 pieces Baguio beans string beans (no FDC match for baguio beans string beans) | Canola oil for frying (ignored frying oil reserve)","2 pounds pork belly Liempo, cut into 2-inch cubes => pork belly liempo [907.2g, FDC local:pork belly] | 2 pieces Chorizo de Bilbao sliced => pork de bilbao [200.0g, FDC local:pork] | 1 large onion Sibuyas, diced => onion onion [110.0g, FDC local:onion] | 4 cloves garlic Bawang, minced => garlic bawang [12.0g, FDC local:garlic] | 2 medium tomatoes Kamatis, chopped => tomatoes tomato [240.0g, FDC local:tomato] | 1 tablespoon fish sauce Patis => fish sauce patis [15.0g, FDC local:fish sauce] | 1 can 15 ounces pork and beans => can pork and beans [100.0g, FDC local:pork] | 2 medium potatoes Patatas, quartered => potatoes patatas quartered [340.0g, FDC local:potato] | 1 large carrot Karot, chunks => carrot karot chunks [60.0g, FDC local:carrot] | 2 bunches pechay Chinese cabbage => bok choy chinese cabbage [300.0g, FDC local:bok choy]"
ph_409,112,3.5,25.8,0.4,4.9,14,11.4,local_reference_ingredient_sum_draft,api_estimate,pending_review,"Draft only: summed local reference ingredient profiles and divided by source_servings=3. Reviewer must verify ingredient matches, edible yield, oil absorption, and serving size before marking reviewed.",draft_partial_match,5,"1 large pompano Pampano, cleaned, gutted, and scored (no FDC match for pompano pampano gutted and scored) | Salt Asin (missing quantity) | Freshly ground black pepper Paminta (missing quantity) | Cooking oil for frying (ignored frying oil reserve) | 11/2 cups water Tubig (ignored seasoning/water) | Choice of souring agent: 4 tablespoons tamarind powder Sampalok, 8 pieces bilimbi (Kamias) or 1/2 cup calamansi or lemon juice (missing quantity) | 4 green chilies Siling Haba (no FDC match for chilies siling haba) | Fish sauce Patis to taste (ignored seasoning/water)","2 large ripe tomatoes Kamatis, chopped => tomatoes tomato [240.0g, FDC local:tomato] | 3 shallots Sibuyas Tagalog, thinly sliced => shallots onion tagalog thinly [330.0g, FDC local:onion] | 4 cloves garlic Bawang, minced => garlic bawang [12.0g, FDC local:garlic] | 1 thumb-sized ginger Luya, minced => -sized ginger luya [15.0g, FDC local:ginger] | 3 stalks spring onions Dahon ng Sibuyas, chopped => stalks spring onions dahon ng onion [330.0g, FDC local:onion]"
ph_410,308,45.0,6.9,10.7,2.3,807,3.5,local_reference_ingredient_sum_draft,api_estimate,pending_review,"Draft only: summed local reference ingredient profiles and divided by source_servings=5. Reviewer must verify ingredient matches, edible yield, oil absorption, and serving size before marking reviewed.",draft_partial_match,9,"8 cups water (ignored seasoning/water) | 1 packet 40g tamarind soup base (sinigang mix) (no FDC match for packet 40g tamarind soup base) | 4- inch daikon radish labanos, sliced diagonally (no FDC match for - inch daikon radish labanos diagonally) | 2 cups water spinach kangkong, stems and leaves separated (ignored seasoning/water) | 2 pieces long green chilies siling haba - optional (no FDC match for chilies siling haba -)","11/2 lbs chicken pieces manok, preferably with bone => chicken manok [680.4g, FDC local:chicken] | 2 tablespoons cooking oil => cooking oil [27.2g, FDC local:cooking oil] | 2-3 tablespoons fish sauce patis => fish sauce patis [37.5g, FDC local:fish sauce] | 1 chicken bouillon cube optional => chicken bouillon cube [100.0g, FDC local:broth] | 1 large tomato kamatis, quartered => tomato tomato quartered [120.0g, FDC local:tomato] | 1 medium red onion sibuyas, quartered => onion onion quartered [110.0g, FDC local:onion] | 1 small eggplant talong, sliced diagonally => eggplant eggplant diagonally [50.0g, FDC local:eggplant] | 4 pieces okra okra, ends trimmed => okra okra ends trimmed [48.0g, FDC local:okra] | 5 leaves bok choy pechay => leaves bok choy bok choy [500.0g, FDC local:bok choy]"
ph_411,206,24.1,12.4,7.1,2.1,93,2.8,local_reference_ingredient_sum_draft,api_estimate,pending_review,"Draft only: summed local reference ingredient profiles and divided by source_servings=4. Reviewer must verify ingredient matches, edible yield, oil absorption, and serving size before marking reviewed.",draft_partial_match,9,2 tablespoon + 1/2 tablespoon extra virgin olive oil (no FDC match for extra virgin olive oil) | Salt and pepper to taste Asin at Paminta (ignored seasoning/water) | 3/4 cup spaghetti sauce (no FDC match for spaghetti sauce) | 2 tablespoon banana ketchup Banana Catsup (no FDC match for banana ketchup banana catsup) | 3-4 tablespoon water (no FDC match for water) | Sugar Asukal to taste for tamis-anghang (ignored seasoning/water) | Chili flakes Siling labuyo to taste (ignored seasoning/water) | Green peas Gisantes - 1/4 cup (missing quantity),"3/4 lb firm white fish mahi-mahi or tuna/Tambakol, cut into 1-inch cubes => fish mahi-mahi or tuna/tambakol [340.2g, FDC local:fish] | 1 clove garlic Bawang, minced => garlic bawang [3.0g, FDC local:garlic] | 1 medium onion Sibuyas, sliced => onion onion [110.0g, FDC local:onion] | 1 tablespoon peanut butter Optional => peanut butter [8.0g, FDC local:peanut butter] | 2-3 tablespoon grated cheese Keso => grated cheese keso [20.0g, FDC local:cheese] | 1 small potato Patatas, cubed => potato patatas [170.0g, FDC local:potato] | 1/4 cup carrots Karot, cubed => carrots karot [35.0g, FDC local:carrot] | 1/2 cup button mushrooms Kabute, quartered => button mushrooms kabute quartered [70.0g, FDC local:mushroom] | 1/4 cup bell peppers Paminta, diced => bell peppers paminta [35.0g, FDC local:bell pepper]"
ph_413,913,85.8,13.9,54.8,1.9,640,2.0,local_reference_ingredient_sum_draft,api_estimate,pending_review,"Draft only: summed local reference ingredient profiles and divided by source_servings=6. Reviewer must verify ingredient matches, edible yield, oil absorption, and serving size before marking reviewed.",draft_partial_match,9,1/2 cup calamansi juice katas ng kalamansi (no FDC match for calamansi juice katas ng kalamansi) | 11/2 cups water tubig (ignored seasoning/water) | 1 bay leaf dahon ng laurel (no FDC match for bay leaf dahon ng laurel) | Salt and pepper to taste asin at paminta (ignored seasoning/water) | Optional: Kitchen twine for tying tali (blank),"4 pounds whole pork shoulder kasim => pork shoulder kasim [1814.4g, FDC local:pork] | 1/4 cup soy sauce toyo => soy sauce toyo [35.0g, FDC local:soy sauce] | 1 large white onion thinly sliced (sibuyas) => onion thinly [110.0g, FDC local:onion] | 4 cloves garlic minced (bawang) => garlic [12.0g, FDC local:garlic] | 1/4 teaspoon cracked black peppercorns dinurog na paminta => cracked peppercorns dinurog na paminta [0.7g, FDC local:corn] | 1/4 cup cooking oil mantika => cooking oil mantika [54.5g, FDC local:cooking oil] | 2 large potatoes peeled and sliced 1/4-inch thick (patatas) => potatoes and -inch thick [340.0g, FDC local:potato] | 1 cup tomato sauce => tomato sauce [140.0g, FDC local:tomato] | 1 can 3 ounces liver spread (atay spread) => can liver spread [100.0g, FDC local:liver spread]"
ph_414,397,7.8,11.5,37.0,4.2,239,3.9,local_reference_ingredient_sum_draft,api_estimate,pending_review,"Draft only: summed local reference ingredient profiles and divided by source_servings=6. Reviewer must verify ingredient matches, edible yield, oil absorption, and serving size before marking reviewed.",draft_partial_match,9,6 cups water tubig (ignored seasoning/water) | Salt and pepper to taste asin at paminta (ignored seasoning/water),"1 cup dry mung beans munggo => dry mung beans mung beans [140.0g, FDC local:mung beans] | 1 tablespoon canola oil mantika => cooking oil mantika [13.6g, FDC local:cooking oil] | 1 onion peeled and thinly sliced (sibuyas) => onion and thinly [110.0g, FDC local:onion] | 2 cloves garlic peeled and minced (bawang) => garlic and [6.0g, FDC local:garlic] | 1/2 pound pork belly or butt diced (baboy) => pork belly or butt [226.8g, FDC local:pork belly] | 1 large tomato chopped (kamatis) => tomato [120.0g, FDC local:tomato] | 1 tablespoon fish sauce patis => fish sauce patis [15.0g, FDC local:fish sauce] | 11/2 cups coconut milk gata => coconut milk gata [360.0g, FDC local:coconut milk] | 1 bunch fresh spinach stems trimmed (kangkong or alugbati) => spinach stems trimmed [150.0g, FDC local:spinach]"
ph_415,397,62.3,13.3,11.4,2.9,287,6.0,local_reference_ingredient_sum_draft,api_estimate,pending_review,"Draft only: summed local reference ingredient profiles and divided by source_servings=4. Reviewer must verify ingredient matches, edible yield, oil absorption, and serving size before marking reviewed.",draft_partial_match,8,3-4 pieces calamansi Philippine lime or 2 tablespoons calamansi juice (no FDC match for calamansi philippine lime or calamansi juice) | 1 tablespoon salt Asin (no FDC match for salt asin) | 1 stick 1/2 cup butter (no FDC match for stick butter) | 1 tablespoon Worcestershire sauce (no FDC match for worcestershire sauce) | 1 tablespoon chili flakes Paminta (no FDC match for chili flakes paminta) | 1 teaspoon chili powder (no FDC match for chili powder) | 1 teaspoon cayenne pepper powder (no FDC match for cayenne pepper powder) | Salt Asin and pepper (Paminta) to taste (ignored seasoning/water) | Fried egg Pritong itlog (missing quantity) | Fresh cilantro Wansuy (missing quantity) | Green onions Dahon ng sibuyas (missing quantity),"1 kilogram large shrimp Hipon, cleaned and deveined => shrimp hipon and deveined [1000.0g, FDC local:shrimp] | 3 tablespoons cooking oil => cooking oil [40.8g, FDC local:cooking oil] | 3 tablespoons minced garlic Bawang => garlic bawang [24.0g, FDC local:garlic] | 1 white onion Sibuyas, sliced => onion onion [110.0g, FDC local:onion] | 4 medium red tomatoes Kamatis, diced => tomatoes tomato [480.0g, FDC local:tomato] | 1 cup green bell pepper Berdeng siling pangsigang, chopped => bell pepper berdeng siling pangsigang [140.0g, FDC local:bell pepper] | 2 tablespoons cooking rice wine Shaoxing wine (optional) => cooking rice wine shaoxing wine [16.0g, FDC local:rice] | 1/4 cup hot sauce or 1 cup tomato sauce => hot sauce or tomato sauce [35.0g, FDC local:tomato]"
ph_416,112,14.7,5.6,3.7,1.2,362,2.9,local_reference_ingredient_sum_draft,api_estimate,pending_review,"Draft only: summed local reference ingredient profiles and divided by source_servings=4. Reviewer must verify ingredient matches, edible yield, oil absorption, and serving size before marking reviewed.",draft_partial_match,6,2 medium upo bottle gourd [approximately 2 pounds] (no FDC match for upo bottle gourd approximately) | 3/4 cup water tubig (ignored seasoning/water) | Salt asin to taste (ignored seasoning/water) | Ground black pepper paminta to taste (ignored seasoning/water),"1/2 pound medium shrimp hipon, head-on [about 15-20 pieces] => shrimp hipon -on about - [226.8g, FDC local:shrimp] | 1 medium onion sibuyas, peeled and thinly sliced => onion onion and thinly [110.0g, FDC local:onion] | 2 cloves garlic bawang, peeled and minced => garlic bawang and [6.0g, FDC local:garlic] | 2 medium tomatoes kamatis, chopped => tomatoes tomato [240.0g, FDC local:tomato] | 1 tablespoon cooking oil mantika => cooking oil mantika [13.6g, FDC local:cooking oil] | 1 tablespoon fish sauce patis => fish sauce patis [15.0g, FDC local:fish sauce]"
ph_417,125,20.2,4.2,3.3,1.3,404,1.4,local_reference_ingredient_sum_draft,api_estimate,pending_review,"Draft only: summed local reference ingredient profiles and divided by source_servings=4. Reviewer must verify ingredient matches, edible yield, oil absorption, and serving size before marking reviewed.",draft_partial_match,5,"10 guavas bayabas, preferably a mix of ripe and slightly green (no FDC match for guavas bayabas) | 7 cups water tubig (ignored seasoning/water) | Salt asin to taste (ignored seasoning/water) | Whole black peppercorns paminta - optional (missing quantity)","1 whole milkfish bangus, scaled, gutted, and cut into serving pieces => milkfish milkfish scaled gutted and [100.0g, FDC local:milkfish] | 1/2 pound large shrimp hipon, tendrils trimmed => shrimp hipon tendrils trimmed [226.8g, FDC local:shrimp] | 1 bunch water spinach kangkong => water spinach kangkong [150.0g, FDC local:spinach] | 1 medium onion sibuyas, peeled and quartered => onion onion and quartered [110.0g, FDC local:onion] | 1 tablespoon fish sauce patis => fish sauce patis [15.0g, FDC local:fish sauce]"
ph_418,247,22.6,29.9,4.8,8.7,381,12.2,local_reference_ingredient_sum_draft,api_estimate,pending_review,"Draft only: summed local reference ingredient profiles and divided by source_servings=4. Reviewer must verify ingredient matches, edible yield, oil absorption, and serving size before marking reviewed.",draft_partial_match,7,"450 g 4 cups bean sprouts (togue), thoroughly cleaned (no FDC match for bean sprouts thoroughly) | Salt asin to taste (ignored seasoning/water) | Freshly ground black pepper paminta to taste (ignored seasoning/water)","225 g shrimp hipon, peeled and deveined => shrimp hipon and deveined [225.0g, FDC local:shrimp] | 1 large carrot karot, julienned => carrot karot [60.0g, FDC local:carrot] | 12 pieces green beans sitaw, sliced diagonally => beans yardlong beans diagonally [1200.0g, FDC local:yardlong beans] | 1 medium onion sibuyas, thinly sliced => onion onion thinly [110.0g, FDC local:onion] | 2 cloves garlic bawang, minced => garlic bawang [6.0g, FDC local:garlic] | 1 tablespoon canola oil mantika => cooking oil mantika [13.6g, FDC local:cooking oil] | 1 tablespoon fish sauce patis => fish sauce patis [15.0g, FDC local:fish sauce]"
ph_419,868,42.7,11.9,75.2,3.2,194,5.1,local_reference_ingredient_sum_draft,api_estimate,pending_review,"Draft only: summed local reference ingredient profiles and divided by source_servings=4. Reviewer must verify ingredient matches, edible yield, oil absorption, and serving size before marking reviewed.",draft_partial_match,6,"2 cups young coconut meat Buko, freshly shredded (no FDC match for young coconut meat buko freshly shredded) | Salt Asin at Paminta to taste (ignored seasoning/water) | 6-8 banana leaves Dahon ng saging, cleaned and cut into 6-inch squares (no FDC match for banana leaves dahon ng saging and) | Kitchen twine or pandan leaves for tying (missing quantity)","500 g shrimp Hipon - preferably small suahe variety => shrimp hipon - [500.0g, FDC local:shrimp] | 250 g pork belly Liempo, finely chopped => pork belly liempo finely [250.0g, FDC local:pork belly] | 1 medium onion Sibuyas, finely chopped => onion onion finely [110.0g, FDC local:onion] | 4 cloves garlic Bawang, minced => garlic bawang [12.0g, FDC local:garlic] | 1/4 cup shrimp juice Katas ng hipon => shrimp juice katas ng hipon [35.0g, FDC local:shrimp] | 2 cups coconut cream Kakang gata => coconut cream kakang gata [480.0g, FDC local:coconut cream]"
ph_420,99,10.8,9.7,2.6,3.1,48,4.1,local_reference_ingredient_sum_draft,api_estimate,pending_review,"Draft only: summed local reference ingredient profiles and divided by source_servings=6. Reviewer must verify ingredient matches, edible yield, oil absorption, and serving size before marking reviewed.",draft_partial_match,6,2 tablespoons oyster sauce (no FDC match for oyster sauce) | 1 cup hot water (no FDC match for hot water) | Salt asin at paminta) to taste (ignored seasoning/water),"4 sayote/chayote sayote - peeled, cored, and sliced => sayote/chayote sayote - cored and [800.0g, FDC local:sayote] | 1/2 pound large shrimp hipon - peeled, deveined, cut into bite-sized pieces => shrimp hipon - deveined [226.8g, FDC local:shrimp] | 1 medium onion sibuyas - chopped => onion onion - [110.0g, FDC local:onion] | 2 cloves garlic bawang - minced => garlic bawang - [6.0g, FDC local:garlic] | 2 ripe Roma tomatoes kamatis - chopped => roma tomatoes tomato - [240.0g, FDC local:tomato] | 1 tablespoon cooking oil => cooking oil [13.6g, FDC local:cooking oil]"
ph_421,914,87.5,25.7,49.9,2.0,1491,12.8,local_reference_ingredient_sum_draft,api_estimate,pending_review,"Draft only: summed local reference ingredient profiles and divided by source_servings=6. Reviewer must verify ingredient matches, edible yield, oil absorption, and serving size before marking reviewed.",draft_partial_match,9,For the Main Dish (missing quantity) | 1/2 cup Shaoxing wine [Chinese cooking wine] (no FDC match for shaoxing wine chinese cooking wine) | 3 whole star anise [Sangke] (no FDC match for star anise sangke) | 4 cups water [Tubig] (ignored seasoning/water) | For the Vegetables (missing quantity) | 2 pieces dried bay leaves [Dahon ng laurel] (no FDC match for dried bay leaves dahon ng laurel),"4 pounds whole pork leg pata [Paa ng baboy] => pork leg pata paa ng baboy [1814.4g, FDC local:pork] | 1 cup premium soy sauce [Toyo] => premium soy sauce toyo [140.0g, FDC local:soy sauce] | 1/4 cup white vinegar [Suka] => vinegar suka [35.0g, FDC local:vinegar] | 1/2 cup brown sugar [Asukal] => brown sugar asukal [62.5g, FDC local:sugar] | 3 tablespoons cooking oil [Mantika] => cooking oil mantika [40.8g, FDC local:cooking oil] | 4 pieces fresh shiitake mushrooms [Kabute] => shiitake mushrooms kabute [400.0g, FDC local:mushroom] | 1 large bundle bok choy [Pechay Baguio] => bok choy bok choy baguio [100.0g, FDC local:bok choy] | 1 whole garlic head halved crosswise [Bawang] => garlic halved crosswise bawang [100.0g, FDC local:garlic] | 2- inch ginger sliced [Luya] => - inch ginger luya [200.0g, FDC local:ginger]"
ph_423,276,35.3,2.3,13.2,0.4,221,0.8,local_reference_ingredient_sum_draft,api_estimate,pending_review,"Draft only: summed local reference ingredient profiles and divided by source_servings=6. Reviewer must verify ingredient matches, edible yield, oil absorption, and serving size before marking reviewed.",draft_partial_match,6,2 Thai chili peppers chopped (siling pangsigang) (no FDC match for thai chili peppers) | 1/4 cup calamansi juice or lime juice katas ng kalamansi (no FDC match for calamansi juice or lime juice katas ng kalamansi) | Salt and pepper to taste asin at paminta (ignored seasoning/water) | Extra calamansi (missing quantity) | Sliced green chilies (missing quantity) | Crispy garlic bits (missing quantity) | Chopped green onions (missing quantity),"4 cups cooked chicken finely chopped (inihaw na manok) => chicken finely [560.0g, FDC local:chicken] | 1/4 pound chicken liver atay ng manok => chicken liver atay ng manok [113.4g, FDC local:chicken] | 1 large white onion finely diced (sibuyas) => onion finely [110.0g, FDC local:onion] | 3 cloves garlic minced (bawang) => garlic [9.0g, FDC local:garlic] | 1/4 cup mayonnaise => cooking oil [54.5g, FDC local:cooking oil] | 1 tablespoon soy sauce toyo => soy sauce toyo [15.0g, FDC local:soy sauce]"
ph_424,892,86.9,7.2,53.7,0.7,247,1.1,local_reference_ingredient_sum_draft,api_estimate,pending_review,"Draft only: summed local reference ingredient profiles and divided by source_servings=6. Reviewer must verify ingredient matches, edible yield, oil absorption, and serving size before marking reviewed.",draft_partial_match,10,"4 bay leaves dahon ng laurel (no FDC match for bay leaves dahon ng laurel) | 3 pieces long green pepper siling haba, sliced (no FDC match for pepper siling haba) | 8 cups water (ignored seasoning/water) | Beef bile apdo ng baka to taste (ignored seasoning/water) | 1 pack 22g Knorr Sinigang sa Sampaloc Mix (no FDC match for pack 22g knorr sinigang sa sampaloc mix) | Salt and pepper to taste (ignored seasoning/water)","1 lb beef heart puso ng baka, cubed => beef heart puso ng baka [453.6g, FDC local:beef] | 1 lb beef small intestine bituka ng baka, cleaned => beef intestine bituka ng baka [453.6g, FDC local:beef] | 1 lb beef tripe tuwalya ng baka, cleaned => beef tripe tuwalya ng baka [453.6g, FDC local:beef] | 1/2 lb beef liver atay ng baka, cubed => beef liver atay ng baka [226.8g, FDC local:liver] | 1 lb beef kidney bato ng baka, cubed => beef kidney bato ng baka [453.6g, FDC local:beef] | 4 thumb-sized ginger luya, crushed => -sized ginger luya [60.0g, FDC local:ginger] | 3 tablespoon cooking oil => cooking oil [40.8g, FDC local:cooking oil] | 1 large onion sibuyas, finely chopped => onion onion finely [110.0g, FDC local:onion] | 5 cloves garlic bawang, minced => garlic bawang [15.0g, FDC local:garlic] | 3 thumbs ginger luya, minced => ginger luya [45.0g, FDC local:ginger]"
ph_426,268,28.1,2.4,15.5,0.4,112,1.1,local_reference_ingredient_sum_draft,api_estimate,pending_review,"Draft only: summed local reference ingredient profiles and divided by source_servings=8. Reviewer must verify ingredient matches, edible yield, oil absorption, and serving size before marking reviewed.",draft_partial_match,5,1 cup crushed pineapple well-drained (Durog na pinya) (no FDC match for pineapple well-drained) | 1/4 cup raisins Pasas (no FDC match for raisins pasas) | 1/4 cup banana ketchup Saging ketsup (no FDC match for banana ketchup saging ketsup) | 2 teaspoons salt Asin (no FDC match for salt asin) | 1 teaspoon ground black pepper Dinurog na paminta (no FDC match for pepper dinurog na paminta) | 3 pieces Vienna sausages cut lengthwise (Sausage) (no FDC match for vienna sausages cut lengthwise),"11/2 pounds ground pork Giniling na baboy => pork giniling na baboy [680.4g, FDC local:pork] | 1 large carrot finely shredded (Kinudkod na karot) => carrot finely shredded [60.0g, FDC local:carrot] | 1 medium onion finely chopped (Sibuyas) => onion finely [110.0g, FDC local:onion] | 3 eggs well-beaten (Itlog) => eggs well-beaten [150.0g, FDC local:egg] | 3 hard-boiled eggs quartered (Matigas na lutong itlog) => hard- eggs quartered [150.0g, FDC local:egg]"
ph_427,208,4.3,20.8,11.7,4.0,114,6.3,local_reference_ingredient_sum_draft,api_estimate,pending_review,"Draft only: summed local reference ingredient profiles and divided by source_servings=6. Reviewer must verify ingredient matches, edible yield, oil absorption, and serving size before marking reviewed.",draft_partial_match,11,"2 pounds goat meat kambing, cut into 2-inch cubes (no FDC match for goat meat kambing) | 1 cup pineapple juice (no FDC match for pineapple juice) | 1 tablespoon salt asin (no FDC match for salt asin) | 4 pandan leaves optional, for reducing gamey taste (no FDC match for pandan leaves) | 4-6 Thai chili peppers chopped (siling labuyo) (no FDC match for thai chili peppers) | 6 pieces sweet gherkins pickles (no FDC match for sweet gherkins pickles) | 1/4 cup Spanish olives oliba (no FDC match for spanish olives oliba) | Salt and pepper to taste (ignored seasoning/water) | 4 bay leaves dahon ng laurel (no FDC match for bay leaves dahon ng laurel)","2 cups white vinegar suka => vinegar suka [280.0g, FDC local:vinegar] | 1/4 cup canola oil => cooking oil [54.5g, FDC local:cooking oil] | 1 large onion finely chopped (sibuyas) => onion finely [110.0g, FDC local:onion] | 6 cloves garlic minced (bawang) => garlic [18.0g, FDC local:garlic] | 3 medium tomatoes diced (kamatis) => tomatoes [360.0g, FDC local:tomato] | 1 cup tomato sauce => tomato sauce [140.0g, FDC local:tomato] | 1/2 cup liver spread dapat meron ang Reno brand => liver spread dapat meron ang reno brand [70.0g, FDC local:liver spread] | 2 medium potatoes quartered (patatas) => potatoes quartered [340.0g, FDC local:potato] | 2 large carrots chunked (karot) => carrots chunked [120.0g, FDC local:carrot] | 1 red bell pepper cubed (pulang bell pepper) => bell pepper [120.0g, FDC local:bell pepper] | 1 green bell pepper cubed (berdeng bell pepper) => bell pepper [120.0g, FDC local:bell pepper]"
ph_429,95,7.4,13.9,0.8,1.2,18,10.4,local_reference_ingredient_sum_draft,api_estimate,pending_review,"Draft only: summed local reference ingredient profiles and divided by source_servings=4. Reviewer must verify ingredient matches, edible yield, oil absorption, and serving size before marking reviewed.",draft_partial_match,7,1 tablespoon salt asin (no FDC match for salt asin) | 1/2 cup cooking oil mantika (ignored frying oil reserve) | 1/2 teaspoon salt asin (no FDC match for salt asin),"1 large whole fish 1-2 lbs - tilapia, lapu-lapu, or red snapper => fish - - tilapia lapu-lapu or snapper [100.0g, FDC local:tilapia] | 1 cup white vinegar suka => vinegar suka [140.0g, FDC local:vinegar] | 1/4 cup sugar asukal => sugar asukal [31.2g, FDC local:sugar] | 1 medium red bell pepper pamintang pula, julienned => bell pepper pamintang pula [120.0g, FDC local:bell pepper] | 1 medium red onion sibuyas, sliced into rings => onion onion into rings [110.0g, FDC local:onion] | 5 cloves garlic bawang, crushed => garlic bawang [15.0g, FDC local:garlic] | 1 teaspoon whole black peppercorns pamintang buo => peppercorns pamintang buo [2.7g, FDC local:corn]"
ph_430,684,13.1,8.2,66.4,0.9,45,1.5,local_reference_ingredient_sum_draft,api_estimate,pending_review,"Draft only: summed local reference ingredient profiles and divided by source_servings=6. Reviewer must verify ingredient matches, edible yield, oil absorption, and serving size before marking reviewed.",draft_partial_match,5,11/4 cups pigs' blood dugo ng baboy (no FDC match for pigs blood dugo ng baboy) | 3 cups water tubig (ignored seasoning/water) | 6 green finger chilies siling haba (no FDC match for finger chilies siling haba) | 20 g sinigang mix or 4-5 pieces fresh tamarind/sampaloc (no FDC match for sinigang mix or - tamarind/sampaloc) | Salt asin to taste (ignored seasoning/water) | Freshly ground black pepper paminta to taste (ignored seasoning/water),"750 g pork belly liempo, cut into 1-inch cubes => pork belly liempo [750.0g, FDC local:pork belly] | 1 ripe tomato kamatis, chopped => tomato tomato [120.0g, FDC local:tomato] | 1 whole head garlic bawang, minced => garlic bawang [100.0g, FDC local:garlic] | 1/2 thumb-sized ginger luya, minced => -sized ginger luya [7.5g, FDC local:ginger] | 1 large onion sibuyas, finely chopped => onion onion finely [110.0g, FDC local:onion]"
ph_431,260,21.9,17.9,10.9,2.9,381,5.2,local_reference_ingredient_sum_draft,api_estimate,pending_review,"Draft only: summed local reference ingredient profiles and divided by source_servings=6. Reviewer must verify ingredient matches, edible yield, oil absorption, and serving size before marking reviewed.",draft_partial_match,10,"1 kg chuck steak Litid ng Baka, well-marbled, whole or large cuts (no FDC match for chuck steak litid ng baka well-marbled or cuts) | Juice from 1/2 lemon (missing quantity) | 4 pcs bay leaves Dahon ng Laurel (no FDC match for bay leaves dahon ng laurel) | 3 pcs star anise (no FDC match for star anise) | 1/4 cup butter Mantikilya (no FDC match for butter mantikilya) | Freshly ground black pepper Paminta (missing quantity) | Salt Asin (missing quantity) | Oil Mantika (missing quantity)","2 large potatoes Patatas, cubed => potatoes patatas [340.0g, FDC local:potato] | 200 g fresh white button mushrooms Kabute => button mushrooms kabute [200.0g, FDC local:mushroom] | 400 g canned chopped tomatoes => canned tomatoes [400.0g, FDC local:tomato] | 2 tablespoon tomato paste => tomato paste [34.0g, FDC local:tomato] | 3 cups beef stock => beef stock [420.0g, FDC local:beef] | 1/4 cup soy sauce Toyo => soy sauce toyo [35.0g, FDC local:soy sauce] | 1 tablespoon cane vinegar Suka => cane vinegar suka [15.0g, FDC local:vinegar] | 2 teaspoon brown sugar Maskobado => brown sugar maskobado [8.3g, FDC local:sugar] | 1 white onion chopped (Sibuyas) => onion [110.0g, FDC local:onion] | 6 cloves garlic minced (Bawang) => garlic [18.0g, FDC local:garlic]"
ph_432,781,82.9,11.8,42.2,1.3,191,2.3,local_reference_ingredient_sum_draft,api_estimate,pending_review,"Draft only: summed local reference ingredient profiles and divided by source_servings=5. Reviewer must verify ingredient matches, edible yield, oil absorption, and serving size before marking reviewed.",draft_partial_match,5,3 pieces bay leaves dahon ng laurel (no FDC match for bay leaves dahon ng laurel) | 3 pieces green chilies siling haba (no FDC match for chilies siling haba) | Fish sauce patis to taste (ignored seasoning/water) | Water tubig for braising (missing quantity),"1.5 kg pork leg pata, sectioned into 2-inch pieces => pork leg pata sectioned into -inch [1500.0g, FDC local:pork] | 1/2 cup cane vinegar suka ng tubo => cane vinegar suka ng tubo [70.0g, FDC local:vinegar] | 1 whole head garlic isang ulo ng bawang, halved crosswise => garlic isang ulo ng bawang halved crosswise [100.0g, FDC local:garlic] | 2 medium red onions sibuyas, quartered => onions onion quartered [220.0g, FDC local:onion] | 3 tablespoons whole black peppercorns paminta => peppercorns paminta [24.0g, FDC local:corn]"
ph_433,55,2.6,5.5,2.3,0.5,412,1.1,local_reference_ingredient_sum_draft,api_estimate,pending_review,"Draft only: summed local reference ingredient profiles and divided by source_servings=6. Reviewer must verify ingredient matches, edible yield, oil absorption, and serving size before marking reviewed.",draft_partial_match,6,"2 pounds pig face snouts, ears, and jowls [Mukha ng baboy (ilong, tainga, at pisngi)] (no FDC match for pig face snouts ears and jowls mukha ng baboy) | 6 Thai chili peppers [Siling pangsigang] (no FDC match for thai chili peppers siling pangsigang) | 2 bay leaves [Dahon ng laurel] (no FDC match for bay leaves dahon ng laurel) | 1 tablespoon salt [Asin] (no FDC match for salt asin) | Water [Tubig] (missing quantity) | 1/2 cup calamansi juice [Katas ng kalamansi] (no FDC match for calamansi juice katas ng kalamansi) | 1 tablespoon Liquid seasoning Maggi [Pampalasa] (no FDC match for liquid seasoning maggi pampalasa) | Salt and pepper to taste [Asin at paminta] (ignored seasoning/water) | Butter for serving [Mantikilya] (missing quantity)","1 large onion finely diced [Malaking sibuyas, tinadtad] => onion finely malaking onion tinadtad [110.0g, FDC local:onion] | 1/2 cup liver spread [Liver spread] => liver spread liver spread [70.0g, FDC local:liver spread] | 1 cup vinegar [Suka] => vinegar suka [140.0g, FDC local:vinegar] | 1/4 cup soy sauce [Toyo] => soy sauce toyo [35.0g, FDC local:soy sauce] | 1 head garlic crushed [Isang ulo ng bawang, dinurog] => garlic isang ulo ng bawang dinurog [50.0g, FDC local:garlic] | 1 teaspoon whole peppercorns [Pamintang buo] => peppercorns pamintang buo [2.7g, FDC local:corn]"
ph_434,25,1.1,5.1,0.1,0.2,619,3.3,local_reference_ingredient_sum_draft,api_estimate,pending_review,"Draft only: summed local reference ingredient profiles and divided by source_servings=8. Reviewer must verify ingredient matches, edible yield, oil absorption, and serving size before marking reviewed.",draft_partial_match,5,"11/2 kg prime rib roast divided into two 750g sections (""Prime rib"" o ""Tadyang ng baka"") (no FDC match for prime rib roast divided into two 750g sections) | 3 stalks lemongrass Tanglad (no FDC match for stalks lemongrass tanglad) | 2 tablespoon Knorr liquid seasoning (no FDC match for knorr liquid seasoning) | 2 tablespoon calamansi or lemon juice Kalamansi o katas ng limon (no FDC match for calamansi or lemon juice kalamansi o katas ng limon) | 1/4 cup oil Langis (no FDC match for oil langis) | 3/4 cup water Tubig (ignored seasoning/water) | 1 tablespoon freshly ground black pepper Dinurog na paminta (no FDC match for freshly pepper dinurog na paminta) | Salt to taste Asin (ignored seasoning/water) | 1/2 cup sweet chili sauce Matamis na siling sawsawan (no FDC match for sweet chili sauce matamis na siling sawsawan)","8 cloves garlic peeled (Bawang) => garlic [24.0g, FDC local:garlic] | 2 tablespoon minced ginger Luya => ginger luya [16.0g, FDC local:ginger] | 2 tablespoon brown sugar Asukal na pula => brown sugar asukal na pula [25.0g, FDC local:sugar] | 6 tablespoon soy sauce Toyo => soy sauce toyo [90.0g, FDC local:soy sauce] | 1/4 cup cane vinegar Suka => cane vinegar suka [35.0g, FDC local:vinegar]"
ph_435,777,69.0,25.0,42.9,4.3,224,8.3,local_reference_ingredient_sum_draft,api_estimate,pending_review,"Draft only: summed local reference ingredient profiles and divided by source_servings=6. Reviewer must verify ingredient matches, edible yield, oil absorption, and serving size before marking reviewed.",draft_partial_match,9,"4 stalks lemongrass tanglad, white parts pounded (no FDC match for stalks lemongrass tanglad parts) | Salt asin to taste (ignored seasoning/water) | Fish sauce patis to taste (ignored seasoning/water) | Freshly ground black pepper paminta (missing quantity) | 4 pieces saba bananas saging na saba, sliced diagonally (no FDC match for saba bananas saging na saba diagonally) | 1 cup bamboo shoots labong, pre-cooked and sliced (no FDC match for bamboo shoots labong pre- and)","1.5 kg beef shanks tulan ng baka, cut into sections => beef shanks tulan ng baka [1500.0g, FDC local:beef] | 1 large piece ginger luya, peeled and thinly sliced => ginger luya and thinly [100.0g, FDC local:ginger] | 6 cloves garlic bawang, minced => garlic bawang [18.0g, FDC local:garlic] | 1 onion sibuyas, quartered => onion onion quartered [110.0g, FDC local:onion] | 2 tablespoons cooking oil mantika => cooking oil mantika [27.2g, FDC local:cooking oil] | 2 ears fresh sweet corn mais, cut into 3 sections => ears sweet corn mais [200.0g, FDC local:corn] | 2 bunches bok choy pechay => bok choy bok choy [300.0g, FDC local:bok choy] | 1 medium cabbage repolyo, quartered => cabbage cabbage quartered [100.0g, FDC local:cabbage] | 6 stalks spring onions sibuyas dahon, sliced => stalks spring onions onion dahon [660.0g, FDC local:onion]"
ph_436,132,28.6,4.1,0.5,1.3,157,1.3,local_reference_ingredient_sum_draft,api_estimate,pending_review,"Draft only: summed local reference ingredient profiles and divided by source_servings=4. Reviewer must verify ingredient matches, edible yield, oil absorption, and serving size before marking reviewed.",draft_partial_match,3,7 large ripe guavas bayabas - mixed ripeness preferred (no FDC match for guavas bayabas - mixed ripeness preferred) | 5 cups water (ignored seasoning/water) | Salt asin to taste (ignored seasoning/water) | Optional: 2-3 finger chilies siling pangsigang (blank),"1 pound head-on large shrimp hipon => -on shrimp hipon [453.6g, FDC local:shrimp] | 1 large white onion sibuyas, peeled and quartered => onion onion and quartered [110.0g, FDC local:onion] | 1 bunch water spinach kangkong => water spinach kangkong [150.0g, FDC local:spinach]"
ph_437,441,72.3,10.2,10.6,0.4,812,4.4,local_reference_ingredient_sum_draft,api_estimate,pending_review,"Draft only: summed local reference ingredient profiles and divided by source_servings=6. Reviewer must verify ingredient matches, edible yield, oil absorption, and serving size before marking reviewed.",draft_partial_match,5,1/4 cup calamansi or lemon juice Kalamansi (no FDC match for calamansi or lemon juice kalamansi) | 1/2 teaspoon salt Asin (no FDC match for salt asin) | 1/4 teaspoon black pepper Paminta (no FDC match for pepper paminta) | 1/2 cup water Tubig (ignored seasoning/water),"3 pounds boneless skinless chicken thigh (Hita ng manok) => boneless skinless chicken thigh [1360.8g, FDC local:chicken] | 1/2 cup soy sauce Toyo => soy sauce toyo [70.0g, FDC local:soy sauce] | 1 whole head garlic minced (Bawang, tinadtad) => garlic [100.0g, FDC local:garlic] | 2 tablespoons brown sugar Asukal na pula => brown sugar asukal na pula [25.0g, FDC local:sugar] | 1 tablespoon cooking oil Mantika => cooking oil mantika [13.6g, FDC local:cooking oil]"
ph_438,557,59.2,9.5,29.8,2.2,422,4.6,local_reference_ingredient_sum_draft,api_estimate,pending_review,"Draft only: summed local reference ingredient profiles and divided by source_servings=6. Reviewer must verify ingredient matches, edible yield, oil absorption, and serving size before marking reviewed.",draft_partial_match,11,"1/4 cup pickle juice Suka ng Pipino (no FDC match for pickle juice suka ng pipino) | 1 cup water Tubig (ignored seasoning/water) | 6 pieces sweet Gherkin pickles Matamis na Pipino, cut into 1-inch thickness (no FDC match for sweet gherkin pickles matamis na pipino) | 1 bay leaf Dahon ng Laurel (no FDC match for bay leaf dahon ng laurel) | 1/2 cup garbanzo beans Garbanzos, drained (no FDC match for garbanzo beans garbanzos drained) | Salt Asin and pepper (Paminta) to taste (ignored seasoning/water)","2 pounds pork shoulder Kasim, cut into 1-inch cubes => pork shoulder kasim [907.2g, FDC local:pork] | 2 tablespoons soy sauce Toyo => soy sauce toyo [30.0g, FDC local:soy sauce] | 1 tablespoon canola oil => cooking oil [13.6g, FDC local:cooking oil] | 2 pieces Chorizo de Bilbao sliced => pork de bilbao [200.0g, FDC local:pork] | 1 onion Sibuyas, peeled and chopped => onion onion and [110.0g, FDC local:onion] | 3 cloves garlic Bawang, peeled and minced => garlic bawang and [9.0g, FDC local:garlic] | 4 Roma tomatoes Kamatis, chopped => roma tomatoes tomato [480.0g, FDC local:tomato] | 1 tablespoon tomato paste Pino na Kamatis => tomato paste pino na tomato [17.0g, FDC local:tomato] | 1/2 pound pork liver Atay ng Baboy => pork liver atay ng baboy [226.8g, FDC local:liver] | 1 medium red bell pepper Pulang Paminta, cubed => bell pepper pulang paminta [120.0g, FDC local:bell pepper] | 1 medium green bell pepper Berdeng Paminta, cubed => bell pepper berdeng paminta [120.0g, FDC local:bell pepper]"
ph_439,144,2.7,23.5,4.6,0.7,93,16.7,local_reference_ingredient_sum_draft,api_estimate,pending_review,"Draft only: summed local reference ingredient profiles and divided by source_servings=6. Reviewer must verify ingredient matches, edible yield, oil absorption, and serving size before marking reviewed.",draft_partial_match,6,"3 pounds about 4 cups leftover lechon or lechon kawali, chopped into 1-inch pieces (no FDC match for about leftover lechon or lechon kawali into -inch) | Tagalog: lechon na hiniwa ng 1 pulgada ang laki (missing quantity) | 2 cups water tubig (ignored seasoning/water) | 2 cups lechon sauce sarsa ng lechon (no FDC match for lechon sauce sarsa ng lechon) | 3 bay leaves dahon ng laurel (no FDC match for bay leaves dahon ng laurel) | Salt and pepper to taste asin at paminta (ignored seasoning/water)","1 tablespoon cooking oil => cooking oil [13.6g, FDC local:cooking oil] | 1 large onion peeled and thinly sliced (sibuyas na hiniwa ng manipis) => onion and thinly [110.0g, FDC local:onion] | 1 whole head garlic peeled and minced (isang ulo ng bawang, dinurog) => garlic and [100.0g, FDC local:garlic] | 3/4 cup vinegar suka => vinegar suka [105.0g, FDC local:vinegar] | 3/4 cup brown sugar asukal na pula => brown sugar asukal na pula [93.8g, FDC local:sugar] | 1/2 cup liver spread liver spread => liver spread liver spread [70.0g, FDC local:liver spread]"
ph_440,209,14.2,24.2,6.4,1.5,519,2.5,local_reference_ingredient_sum_draft,api_estimate,pending_review,"Draft only: summed local reference ingredient profiles and divided by source_servings=4. Reviewer must verify ingredient matches, edible yield, oil absorption, and serving size before marking reviewed.",draft_partial_match,6,Salt and pepper to taste (ignored seasoning/water) | Canola oil for frying (ignored frying oil reserve) | 1/4 cup calamansi juice Katas ng kalamansi or lemon juice (no FDC match for calamansi juice katas ng kalamansi or lemon juice) | 1/4 cup water (ignored seasoning/water) | 1 tablespoon oyster sauce Sarsa ng talaba (no FDC match for oyster sauce sarsa ng talaba) | 1 tablespoon butter (no FDC match for butter) | Black pepper to taste (ignored seasoning/water),"2 boneless bangus milkfish bellies, halved (800g total) => boneless milkfish bellies halved [200.0g, FDC local:milkfish] | 1/2 cup all-purpose flour Para sa pagbalot sa isda => all-purpose flour para sa pagbalot sa isda [62.5g, FDC local:flour] | 1 whole head garlic peeled and minced (12-15 cloves) => garlic and [100.0g, FDC local:garlic] | 1/4 cup soy sauce Toyo => soy sauce toyo [35.0g, FDC local:soy sauce] | 1 teaspoon brown sugar Asukal na kayumanggi => brown sugar asukal na kayumanggi [4.2g, FDC local:sugar] | 1 medium red onion cut into 1/4-inch rings => onion [110.0g, FDC local:onion]"
ph_441,207,12.7,7.3,14.2,1.8,54,3.8,local_reference_ingredient_sum_draft,api_estimate,pending_review,"Draft only: summed local reference ingredient profiles and divided by source_servings=4. Reviewer must verify ingredient matches, edible yield, oil absorption, and serving size before marking reviewed.",draft_partial_match,7,"Salt asin and pepper (paminta) to taste (ignored seasoning/water) | 2 cups cooking oil for frying (ignored frying oil reserve) | 4 Thai chili peppers siling labuyo, finely chopped (no FDC match for thai chili peppers siling labuyo finely) | 2 finger chilies siling haba, thinly sliced (no FDC match for finger chilies siling haba thinly) | 1/4 cup calamansi juice katas ng kalamansi (no FDC match for calamansi juice katas ng kalamansi) | 2 tablespoons Knorr seasoning sauce (no FDC match for knorr seasoning sauce)","2 whole bangus milkfish/bangus, about 500g each => milkfish/milkfish about 500g each [200.0g, FDC local:milkfish] | 1 large red onion sibuyas, finely chopped => onion onion finely [110.0g, FDC local:onion] | 4 cloves garlic bawang, minced => garlic bawang [12.0g, FDC local:garlic] | 1 green bell pepper bell pepper, finely diced => bell pepper bell pepper finely [120.0g, FDC local:bell pepper] | 1 red bell pepper finely diced => bell pepper finely [120.0g, FDC local:bell pepper] | 2 tablespoons mayonnaise optional => cooking oil [27.2g, FDC local:cooking oil] | 1 raw egg optional, for topping => egg [50.0g, FDC local:egg]"
ph_443,1219,34.8,140.9,62.7,25.2,184,16.7,local_reference_ingredient_sum_draft,api_estimate,pending_review,"Draft only: summed local reference ingredient profiles and divided by source_servings=6. Reviewer must verify ingredient matches, edible yield, oil absorption, and serving size before marking reviewed.",draft_partial_match,10,"600 g young coconut meat buko, about 5 young coconuts, grated (no FDC match for young coconut meat buko about young coconuts grated) | Chilies siling labuyo to taste (ignored seasoning/water) | Kitchen string (missing quantity) | 6-8 stalks lemongrass tanglad, white portions only, smashed (no FDC match for stalks lemongrass tanglad portions only smashed) | 2 stalks lemongrass tanglad, white portions sliced (no FDC match for stalks lemongrass tanglad portions) | Salt asin to taste (ignored seasoning/water)","1/2 kg freshwater shrimp hipon, peeled and seasoned with 11/2 tablespoon salt => freshwater shrimp hipon and seasoned with salt [500.0g, FDC local:shrimp] | 2 onions sibuyas, chopped => onions onion [220.0g, FDC local:onion] | 2 tablespoon grated ginger luya => grated ginger luya [16.0g, FDC local:ginger] | 6 cloves garlic bawang => garlic bawang [18.0g, FDC local:garlic] | 20-30 fresh taro leaves dahon ng gabi - must be intact without holes => taro leaves dahon ng gabi - must be intact without holes [2500.0g, FDC local:taro] | 3-4 cups pure coconut milk gata => pure coconut milk gata [840.0g, FDC local:coconut milk] | 2 cups thick coconut cream kakang gata => thick coconut cream kakang gata [480.0g, FDC local:coconut cream] | 5 cloves garlic bawang, finely chopped => garlic bawang finely [15.0g, FDC local:garlic] | 4 shallots sibuyas tagalog, finely chopped => shallots onion tagalog finely [440.0g, FDC local:onion] | 3-5 spring onions dahon ng sibuyas, finely chopped => spring onions dahon ng onion finely [440.0g, FDC local:onion]"
ph_444,77,7.5,9.1,1.4,1.0,499,5.2,local_reference_ingredient_sum_draft,api_estimate,pending_review,"Draft only: summed local reference ingredient profiles and divided by source_servings=4. Reviewer must verify ingredient matches, edible yield, oil absorption, and serving size before marking reviewed.",draft_partial_match,9,1/4 cup rock salt asin (ignored seasoning/water) | 5 calamansi halved (no FDC match for calamansi halved) | Canola oil for frying (ignored frying oil reserve) | 1/2 cup water tubig (ignored seasoning/water) | 2 bay leaves dahon ng laurel (no FDC match for bay leaves dahon ng laurel) | 1 whole star anise sangke (no FDC match for star anise sangke) | Fried garlic bits sinangag na bawang (missing quantity) | Green onions chopped (sibuyas na mura) (missing quantity),"1 whole catfish about 2 pounds, cleaned and gutted (isang buong hito) => catfish about and gutted [100.0g, FDC local:fish] | 1/4 cup soy sauce toyo => soy sauce toyo [35.0g, FDC local:soy sauce] | 1/4 cup white vinegar suka => vinegar suka [35.0g, FDC local:vinegar] | 4 cloves garlic minced (bawang) => garlic [12.0g, FDC local:garlic] | 1 medium onion thinly sliced (sibuyas) => onion thinly [110.0g, FDC local:onion] | 1 thumb-sized ginger julienned (luya) => -sized ginger [15.0g, FDC local:ginger] | 1 large Roma tomato chopped (kamatis) => roma tomato [120.0g, FDC local:tomato] | 1 tablespoon brown sugar asukal => brown sugar asukal [12.5g, FDC local:sugar] | 1/4 teaspoon whole peppercorns paminta => peppercorns paminta [0.7g, FDC local:corn]"
ph_445,466,30.7,10.6,36.0,3.2,587,5.4,local_reference_ingredient_sum_draft,api_estimate,pending_review,"Draft only: summed local reference ingredient profiles and divided by source_servings=4. Reviewer must verify ingredient matches, edible yield, oil absorption, and serving size before marking reviewed.",draft_partial_match,7,"2 pieces long green chili siling haba, sliced (no FDC match for chili siling haba) | 2 pieces long red chili or 6 pieces Thai chili siling labuyo, sliced (no FDC match for chili or thai chili siling labuyo) | 1/3 teaspoon ground black pepper paminta (no FDC match for pepper paminta)","1 lb shrimp hipon, cleaned and deveined => shrimp hipon and deveined [453.6g, FDC local:shrimp] | 2 cups coconut milk gata => coconut milk gata [480.0g, FDC local:coconut milk] | 1 tablespoon ginger luya, minced => ginger luya [8.0g, FDC local:ginger] | 1 medium onion sibuyas, chopped => onion onion [110.0g, FDC local:onion] | 3 teaspoons garlic bawang, minced => garlic bawang [8.0g, FDC local:garlic] | 11/2 tablespoons fish sauce patis => fish sauce patis [22.5g, FDC local:fish sauce] | 2 tablespoons cooking oil mantika => cooking oil mantika [27.2g, FDC local:cooking oil]"
ph_446,839,16.1,6.2,82.9,1.3,449,3.2,local_reference_ingredient_sum_draft,api_estimate,pending_review,"Draft only: summed local reference ingredient profiles and divided by source_servings=6. Reviewer must verify ingredient matches, edible yield, oil absorption, and serving size before marking reviewed.",draft_partial_match,9,5 Thai chili peppers chopped (siling pangsigang) (no FDC match for thai chili peppers) | 1 cup water tubig (ignored seasoning/water) | Salt and pepper to taste asin at paminta (ignored seasoning/water) | Steamed rice kanin (missing quantity) | Green mango slices hilaw na mangga (missing quantity),"2 pounds pork belly liempo, cut into 1-inch cubes => pork belly liempo [907.2g, FDC local:pork belly] | 2 tablespoons sauteed shrimp paste ginisang bagoong alamang => sauteed shrimp paste ginisang shrimp paste [34.0g, FDC local:shrimp paste] | 2 large tomatoes chopped (kamatis) => tomatoes [240.0g, FDC local:tomato] | 1 medium onion chopped (sibuyas) => onion [110.0g, FDC local:onion] | 4 cloves garlic minced (bawang) => garlic [12.0g, FDC local:garlic] | 1/4 cup vinegar suka => vinegar suka [35.0g, FDC local:vinegar] | 1 teaspoon sugar asukal => sugar asukal [4.2g, FDC local:sugar] | 1 tablespoon cooking oil => cooking oil [13.6g, FDC local:cooking oil] | 2 medium eggplants talong => eggplants eggplant [100.0g, FDC local:eggplant]"
ph_447,791,62.1,22.7,48.0,3.9,478,4.9,local_reference_ingredient_sum_draft,api_estimate,pending_review,"Draft only: summed local reference ingredient profiles and divided by source_servings=4. Reviewer must verify ingredient matches, edible yield, oil absorption, and serving size before marking reviewed.",draft_partial_match,11,Salt Asin and pepper (Paminta) to taste (ignored seasoning/water) | 2 cups water Tubig (ignored seasoning/water),"2 pounds beef chuck Laman ng baka, cut into 2-inch cubes => beef chuck laman ng baka [907.2g, FDC local:beef] | 1/4 cup cooking oil Mantika => cooking oil mantika [54.5g, FDC local:cooking oil] | 1 tablespoon fish sauce Patis => fish sauce patis [15.0g, FDC local:fish sauce] | 1 onion Sibuyas, peeled and chopped => onion onion and [110.0g, FDC local:onion] | 4 cloves garlic Bawang, peeled and minced => garlic bawang and [12.0g, FDC local:garlic] | 1 can 15 ounces crushed tomatoes (Durog na kamatis) => can tomatoes [120.0g, FDC local:tomato] | 1 tablespoon tomato paste Pino na sarsa ng kamatis => tomato paste pino na sarsa ng tomato [17.0g, FDC local:tomato] | 2 medium potatoes Patatas, peeled and quartered => potatoes patatas and quartered [340.0g, FDC local:potato] | 1 large carrot Karot, peeled and cut into cubes => carrot karot and [60.0g, FDC local:carrot] | 1/2 green bell pepper Berdeng siling pangsigang, seeded and cut into 1-inch cubes => bell pepper berdeng siling pangsigang seeded and [60.0g, FDC local:bell pepper] | 1/2 red bell pepper Pulang siling pangsigang, seeded and cut into 1-inch cubes => bell pepper pulang siling pangsigang seeded and [60.0g, FDC local:bell pepper]"
ph_448,150,18.0,6.7,6.1,1.2,397,3.5,local_reference_ingredient_sum_draft,api_estimate,pending_review,"Draft only: summed local reference ingredient profiles and divided by source_servings=4. Reviewer must verify ingredient matches, edible yield, oil absorption, and serving size before marking reviewed.",draft_partial_match,8,4 medium ampalaya bitter gourd (no FDC match for ampalaya bitter gourd) | Salt asin at paminta to taste (ignored seasoning/water) | 1 cup water tubig (ignored seasoning/water),"1/2 pound medium shrimp hipon, peeled and deveined => shrimp hipon and deveined [226.8g, FDC local:shrimp] | 2 large eggs itlog => eggs itlog [100.0g, FDC local:egg] | 2 large Roma tomatoes kamatis => roma tomatoes tomato [240.0g, FDC local:tomato] | 1 medium onion sibuyas => onion onion [110.0g, FDC local:onion] | 3 cloves garlic bawang => garlic bawang [9.0g, FDC local:garlic] | 1 tablespoon fish sauce patis => fish sauce patis [15.0g, FDC local:fish sauce] | 1/2 teaspoon sugar asukal => sugar asukal [2.1g, FDC local:sugar] | 1 tablespoon cooking oil mantika => cooking oil mantika [13.6g, FDC local:cooking oil]"
ph_449,721,61.9,13.8,44.5,1.5,650,2.6,local_reference_ingredient_sum_draft,api_estimate,pending_review,"Draft only: summed local reference ingredient profiles and divided by source_servings=4. Reviewer must verify ingredient matches, edible yield, oil absorption, and serving size before marking reviewed.",draft_partial_match,6,1/4 cup calamansi juice or lemon juice - Katas ng calamansi (no FDC match for calamansi juice or lemon juice - katas ng calamansi) | 1/4 teaspoon black pepper - Paminta (no FDC match for pepper - paminta) | 1 cup water - Tubig (ignored seasoning/water) | Salt to taste - Asin (ignored seasoning/water),"2 pounds beef sirloin or top round thinly sliced - Karne ng baka => beef sirloin or top round thinly - karne ng baka [907.2g, FDC local:beef] | 1/4 cup soy sauce - Toyo => soy sauce - toyo [35.0g, FDC local:soy sauce] | 1 large onion thinly sliced - Sibuyas => onion thinly - onion [110.0g, FDC local:onion] | 1 whole head garlic minced - Bawang => garlic - bawang [100.0g, FDC local:garlic] | 3 tablespoons canola or vegetable oil - Mantika => canola or cooking oil - mantika [40.8g, FDC local:cooking oil] | 1 large onion sliced into rings for garnish - Sibuyas na pang-garnish => onion into rings for garnish - onion na pang-garnish [110.0g, FDC local:onion]"
ph_450,216,30.2,21.7,0.7,1.0,128,0.6,local_reference_ingredient_sum_draft,api_estimate,pending_review,"Draft only: summed local reference ingredient profiles and divided by source_servings=4. Reviewer must verify ingredient matches, edible yield, oil absorption, and serving size before marking reviewed.",draft_partial_match,6,1/2 cup gin or rum you can use local lambanog (no FDC match for gin or rum you can use local lambanog) | 2 teaspoons salt asin (no FDC match for salt asin) | 1 teaspoon black pepper paminta (no FDC match for pepper paminta) | Canola oil for deep frying mantika (ignored frying oil reserve) | 1 chopped bird's eye chili siling labuyo (no FDC match for bird s eye chili siling labuyo) | Salt and pepper to taste asin at paminta (ignored seasoning/water),"1 pound small shrimp head-on (51/60 count) (hipon) => shrimp -on [453.6g, FDC local:shrimp] | 4 cloves garlic peeled and minced (bawang) => garlic and [12.0g, FDC local:garlic] | 3/4 cup all-purpose flour arina => all-purpose flour arina [93.8g, FDC local:flour] | 1/4 cup cornstarch corn starch => cornstarch corn starch [37.5g, FDC local:corn] | 1/2 cup white vinegar suka => vinegar suka [70.0g, FDC local:vinegar] | 2 cloves minced garlic bawang => garlic bawang [6.0g, FDC local:garlic]"
ph_451,210,9.0,21.7,10.2,4.8,228,7.3,local_reference_ingredient_sum_draft,api_estimate,pending_review,"Draft only: summed local reference ingredient profiles and divided by source_servings=6. Reviewer must verify ingredient matches, edible yield, oil absorption, and serving size before marking reviewed.",draft_partial_match,11,2 cup water or chicken broth tubig o sabaw ng manok (ignored seasoning/water) | Salt and pepper to taste asin at paminta (ignored seasoning/water),"1 whole chicken about 3 pounds, cut into serving pieces (3 librang manok, hiniwa-hiwa) => chicken about [100.0g, FDC local:chicken] | 6 large Roma tomatoes kamatis => roma tomatoes tomato [720.0g, FDC local:tomato] | 1 small onion peeled and sliced thinly (maliit na sibuyas) => onion and thinly [110.0g, FDC local:onion] | 3 cloves garlic minced (butil ng bawang, dinurog) => garlic [9.0g, FDC local:garlic] | 1 tablespoon fish sauce patis => fish sauce patis [15.0g, FDC local:fish sauce] | 1/4 cup cooking oil mantika => cooking oil mantika [54.5g, FDC local:cooking oil] | 2 medium potatoes peeled and quartered (patatas) => potatoes and quartered [340.0g, FDC local:potato] | 1 large carrot cut into chunks (karot) => carrot [60.0g, FDC local:carrot] | 1 red bell pepper sliced (pulang bell pepper) => bell pepper [120.0g, FDC local:bell pepper] | 1 green bell pepper sliced (berdeng bell pepper) => bell pepper [120.0g, FDC local:bell pepper] | 1/2 cup frozen green peas thawed (gisantes) => green peas thawed [75.0g, FDC local:green peas]"
ph_452,1177,21.1,0.2,120.2,0.0,73,0.0,local_reference_ingredient_sum_draft,api_estimate,pending_review,"Draft only: summed local reference ingredient profiles and divided by source_servings=8. Reviewer must verify ingredient matches, edible yield, oil absorption, and serving size before marking reviewed.",draft_partial_match,3,1 tablespoon salt asin (no FDC match for salt asin) | 1 teaspoon ground black pepper dinurog na paminta (no FDC match for pepper dinurog na paminta),"4 pounds pork belly with ribs liempo => pork belly with ribs liempo [1814.4g, FDC local:pork belly] | 1/2 cup vinegar suka => vinegar suka [70.0g, FDC local:vinegar] | 1 teaspoon garlic powder => garlic powder [2.7g, FDC local:garlic]"
ph_453,328,31.0,15.3,15.7,1.9,84,3.8,local_reference_ingredient_sum_draft,api_estimate,pending_review,"Draft only: summed local reference ingredient profiles and divided by source_servings=4. Reviewer must verify ingredient matches, edible yield, oil absorption, and serving size before marking reviewed.",draft_partial_match,5,"11/2 teaspoons salt 11/2 kutsaritang asin (no FDC match for salt kutsaritang asin) | Canola oil for deep-frying Canola oil para sa pagpiprito (ignored frying oil reserve) | 1/4 teaspoon ground black pepper 1/4 kutsaritang dinurog na paminta (no FDC match for pepper kutsaritang dinurog na paminta) | 2 jalapeos thinly sliced (2 jalapeo, pinahiwa ng manipis) (no FDC match for jalapeos thinly)","4 bone-in pork chops 1/2-inch thick (4 pirasong pork chop na may buto, 1/2 pulgadang kapal) => bone-in pork chops -inch thick [400.0g, FDC local:pork] | 1 egg white 1 puting ng itlog => egg puting ng itlog [50.0g, FDC local:egg] | 3/4 cup cornstarch 3/4 tasang cornstarch => cornstarch tasang cornstarch [112.5g, FDC local:corn] | 1 head garlic peeled and minced (1 buong bawang, tinadtad) => garlic and [50.0g, FDC local:garlic] | 2 green onions chopped (2 sibuyas na mura, trinopo) => onions [220.0g, FDC local:onion]"
ph_454,280,8.8,22.5,18.2,3.8,617,4.9,local_reference_ingredient_sum_draft,api_estimate,pending_review,"Draft only: summed local reference ingredient profiles and divided by source_servings=6. Reviewer must verify ingredient matches, edible yield, oil absorption, and serving size before marking reviewed.",draft_partial_match,10,"1/2 cup water tubig (ignored seasoning/water) | 4 Thai chili peppers siling labuyo, chopped (no FDC match for thai chili peppers siling labuyo) | Salt asin at paminta, to taste (ignored seasoning/water)","1 whole chicken 3-4 lbs, cut into serving pieces (manok) => chicken - [100.0g, FDC local:chicken] | 2 medium potatoes patatas, peeled and quartered => potatoes patatas and quartered [340.0g, FDC local:potato] | 1 large onion sibuyas, thinly sliced => onion onion thinly [110.0g, FDC local:onion] | 4 cloves garlic bawang, minced => garlic bawang [12.0g, FDC local:garlic] | 2- inch ginger luya, julienned => - inch ginger luya [200.0g, FDC local:ginger] | 2 cans 13.5 oz each coconut milk (gata) => cans each coconut milk [200.0g, FDC local:coconut milk] | 1 red bell pepper pulang bell pepper, sliced => bell pepper pulang bell pepper [120.0g, FDC local:bell pepper] | 1 green bell pepper berdeng bell pepper, sliced => bell pepper berdeng bell pepper [120.0g, FDC local:bell pepper] | 3 tablespoons fish sauce patis => fish sauce patis [45.0g, FDC local:fish sauce] | 1/4 cup cooking oil mantika => cooking oil mantika [54.5g, FDC local:cooking oil]"
ph_455,457,73.8,17.0,8.6,1.1,812,0.9,local_reference_ingredient_sum_draft,api_estimate,pending_review,"Draft only: summed local reference ingredient profiles and divided by source_servings=6. Reviewer must verify ingredient matches, edible yield, oil absorption, and serving size before marking reviewed.",draft_partial_match,8,"1/4 cup calamansi juice katas ng kalamansi, see alternatives below (no FDC match for calamansi juice katas ng kalamansi see alternatives below) | 1 teaspoon black pepper paminta (no FDC match for pepper paminta) | 1 teaspoon salt asin (no FDC match for salt asin) | 1 teaspoon baking powder (no FDC match for baking powder) | 1 teaspoon salt asin (no FDC match for salt asin) | 1/2 teaspoon black pepper paminta (no FDC match for pepper paminta) | 4 cups cooking oil with high smoke point mantika (ignored frying oil reserve)","1/2 cup soy sauce toyo => soy sauce toyo [70.0g, FDC local:soy sauce] | 1 whole garlic head minced (isang buong bawang, dinurog) => garlic [100.0g, FDC local:garlic] | 1 tablespoon ginger grated (luya, kinayod) => ginger grated [8.0g, FDC local:ginger] | 1/2 cup all-purpose flour harina => all-purpose flour harina [62.5g, FDC local:flour] | 1/2 cup cornstarch cornstarch => cornstarch cornstarch [75.0g, FDC local:corn] | 1 teaspoon garlic powder pulbos na bawang => garlic powder pulbos na bawang [2.7g, FDC local:garlic] | 1 teaspoon onion powder pulbos na sibuyas => onion powder pulbos na onion [2.7g, FDC local:onion] | 3 lbs chicken pieces preferably legs and thighs (3 pounds ng manok, mas mainam ang hita at paa) => chicken [1360.8g, FDC local:chicken]"
ph_456,56,1.3,5.3,3.6,0.8,483,1.3,local_reference_ingredient_sum_draft,api_estimate,pending_review,"Draft only: summed local reference ingredient profiles and divided by source_servings=4. Reviewer must verify ingredient matches, edible yield, oil absorption, and serving size before marking reviewed.",draft_partial_match,5,"2 pounds fresh oysters meat only, thoroughly drained (no FDC match for oysters meat only thoroughly drained) | 2 tablespoons butter (no FDC match for butter) | 1/4 cup calamansi juice (no FDC match for calamansi juice) | Freshly ground black pepper (missing quantity) | Salt to taste (ignored seasoning/water) | Optional: 2-3 Thai chili peppers sliced (blank)","1 tablespoon canola oil => cooking oil [13.6g, FDC local:cooking oil] | 1 medium onion finely chopped => onion finely [110.0g, FDC local:onion] | 4 cloves garlic minced => garlic [12.0g, FDC local:garlic] | 2 thumb-sized ginger julienned => -sized ginger [30.0g, FDC local:ginger] | 1/4 cup soy sauce => soy sauce [35.0g, FDC local:soy sauce]"
ph_457,635,73.7,21.4,27.2,4.2,392,5.6,local_reference_ingredient_sum_draft,api_estimate,pending_review,"Draft only: summed local reference ingredient profiles and divided by source_servings=6. Reviewer must verify ingredient matches, edible yield, oil absorption, and serving size before marking reviewed.",draft_partial_match,11,1 cup water tubig (ignored seasoning/water) | 2 tablespoons curry powder (no FDC match for curry powder) | Salt and pepper to taste asin at paminta (ignored seasoning/water),"3 lbs chicken manok, cut into serving pieces => chicken manok [1360.8g, FDC local:chicken] | 1 cup coconut milk gata => coconut milk gata [240.0g, FDC local:coconut milk] | 2 medium potatoes patatas, peeled and quartered => potatoes patatas and quartered [340.0g, FDC local:potato] | 2 large carrots peeled and cubed => carrots and [120.0g, FDC local:carrot] | 1 green bell pepper berdeng siling pangsigang => bell pepper berdeng siling pangsigang [120.0g, FDC local:bell pepper] | 1 red bell pepper pulang siling pangsigang => bell pepper pulang siling pangsigang [120.0g, FDC local:bell pepper] | 1 onion sibuyas, cubed => onion onion [110.0g, FDC local:onion] | 3 cloves garlic bawang, minced => garlic bawang [9.0g, FDC local:garlic] | 1- inch ginger luya, julienned => - inch ginger luya [100.0g, FDC local:ginger] | 1 tablespoon fish sauce patis => fish sauce patis [15.0g, FDC local:fish sauce] | 1/4 cup cooking oil mantika => cooking oil mantika [54.5g, FDC local:cooking oil]"
ph_458,638,24.8,16.6,56.1,5.1,1302,7.9,local_reference_ingredient_sum_draft,api_estimate,pending_review,"Draft only: summed local reference ingredient profiles and divided by source_servings=6. Reviewer must verify ingredient matches, edible yield, oil absorption, and serving size before marking reviewed.",draft_partial_match,9,4 Thai chili peppers siling labuyo (no FDC match for thai chili peppers siling labuyo) | 1 bunch long beans cut into 2-inch lengths (sitaw) (no FDC match for beans) | Salt and pepper to taste asin at paminta (ignored seasoning/water),"6 blue crabs alimasag => blue crabs alimasag [600.0g, FDC local:crab] | 4 cups coconut milk gata => coconut milk gata [960.0g, FDC local:coconut milk] | 1 cup coconut cream kakang gata => coconut cream kakang gata [240.0g, FDC local:coconut cream] | 1 onion chopped (sibuyas) => onion [110.0g, FDC local:onion] | 5 cloves garlic minced (bawang) => garlic [15.0g, FDC local:garlic] | 1 thumb-size ginger julienned (luya) => -size ginger [15.0g, FDC local:ginger] | 1 tablespoon fish sauce patis => fish sauce patis [15.0g, FDC local:fish sauce] | 1 small calabasa/squash cubed (kalabasa) => calabasa/squash [100.0g, FDC local:squash] | 1 tablespoon cooking oil mantika => cooking oil mantika [13.6g, FDC local:cooking oil]"
ph_459,770,45.7,53.8,43.4,5.1,2096,7.1,local_reference_ingredient_sum_draft,api_estimate,pending_review,"Draft only: summed local reference ingredient profiles and divided by source_servings=4. Reviewer must verify ingredient matches, edible yield, oil absorption, and serving size before marking reviewed.",draft_partial_match,9,2 siling pangsigang Thai chili peppers (no FDC match for siling pangsigang thai chili peppers) | 1 dahon ng laurel bay leaf (no FDC match for dahon ng laurel bay leaf) | 1/2 cup tubig water (no FDC match for tubig water) | Asin at paminta salt and pepper (no FDC match for sin at paminta salt and pepper),"2 pounds pusit squid/calamari => pusit squid/calamari [907.2g, FDC local:squid] | 1 cup gata coconut milk => gata coconut milk [240.0g, FDC local:coconut milk] | 1/2 cup suka vinegar => suka vinegar [70.0g, FDC local:vinegar] | 4 bawang na puti garlic cloves => bawang na puti garlic [400.0g, FDC local:garlic] | 1 sibuyas onion => onion onion [110.0g, FDC local:onion] | 1 luya thumb-sized ginger => luya -sized ginger [100.0g, FDC local:ginger] | 2 kamatis Roma tomatoes => tomato roma tomatoes [240.0g, FDC local:tomato] | 1 patis fish sauce => patis fish sauce [100.0g, FDC local:fish sauce] | 1 mantika cooking oil => mantika cooking oil [100.0g, FDC local:cooking oil]"
ph_460,97,14.9,6.6,1.6,1.4,651,2.8,local_reference_ingredient_sum_draft,api_estimate,pending_review,"Draft only: summed local reference ingredient profiles and divided by source_servings=4. Reviewer must verify ingredient matches, edible yield, oil absorption, and serving size before marking reviewed.",draft_partial_match,6,3 tablespoons tamarind base powder sinigang mix (no FDC match for tamarind base powder sinigang mix) | 2 tablespoons unsalted butter melted (no FDC match for unsalted butter melted) | Salt and pepper to taste (ignored seasoning/water) | 4 calamansi or 2 tablespoons lemon juice (no FDC match for calamansi or lemon juice) | Optional: 1-2 Thai chilies sliced (blank),"2 whole tilapia about 1 pound each, scaled and gutted => tilapia about each scaled and gutted [200.0g, FDC local:tilapia] | 2 large Roma tomatoes diced => roma tomatoes [240.0g, FDC local:tomato] | 1 medium white onion finely chopped => onion finely [110.0g, FDC local:onion] | 1 thumb-size ginger peeled and minced => -size ginger and [15.0g, FDC local:ginger] | 2 cloves garlic peeled and minced => garlic and [6.0g, FDC local:garlic] | 3 tablespoons soy sauce => soy sauce [45.0g, FDC local:soy sauce]"
ph_461,552,11.1,11.7,51.6,3.1,431,4.5,local_reference_ingredient_sum_draft,api_estimate,pending_review,"Draft only: summed local reference ingredient profiles and divided by source_servings=6. Reviewer must verify ingredient matches, edible yield, oil absorption, and serving size before marking reviewed.",draft_partial_match,10,"1 medium ampalaya bitter gourd, seeded and sliced (no FDC match for ampalaya bitter gourd seeded and) | 2 cups water (ignored seasoning/water) | Salt and pepper to taste (ignored seasoning/water)","500 g pork belly liempo, cut into 1-inch cubes => pork belly liempo [500.0g, FDC local:pork belly] | 1 medium kalabasa squash/pumpkin, cut into 2-inch chunks => squash squash/pumpkin [100.0g, FDC local:squash] | 2 medium talong eggplants, cut diagonally => eggplant eggplants cut diagonally [100.0g, FDC local:eggplant] | 1 bundle sitaw yard-long beans, cut into 3-inch lengths => yardlong beans yard- beans [150.0g, FDC local:yardlong beans] | 8-10 pieces okra trimmed => okra trimmed [108.0g, FDC local:okra] | 3 medium kamatis tomatoes, quartered => tomato tomatoes quartered [360.0g, FDC local:tomato] | 1 medium sibuyas onion, chopped => onion onion [110.0g, FDC local:onion] | 4 cloves bawang garlic, minced => bawang garlic [12.0g, FDC local:garlic] | 2 tablespoons bagoong alamang shrimp paste => shrimp paste shrimp paste [34.0g, FDC local:shrimp paste] | 3 tablespoons cooking oil => cooking oil [40.8g, FDC local:cooking oil]"
ph_462,507,41.0,21.5,27.3,0.4,1028,16.2,local_reference_ingredient_sum_draft,api_estimate,pending_review,"Draft only: summed local reference ingredient profiles and divided by source_servings=6. Reviewer must verify ingredient matches, edible yield, oil absorption, and serving size before marking reviewed.",draft_partial_match,5,"1/2 teaspoon ground black pepper dinurog na paminta (no FDC match for pepper dinurog na paminta) | 1 cup water tubig (ignored seasoning/water) | Carabao Meat Karne ng Damulag: Traditional choice, but beef bottom round (karne ng baka) works well as substitute (missing quantity) | Fish Sauce Patis: Use high-quality patis for best results (missing quantity) | Brown Sugar Asukal na Pula: Creates caramelization and balances saltiness (missing quantity) | Garlic Bawang: Fresh minced garlic provides the best flavor (missing quantity)","2 pounds carabao meat or beef bottom round karne ng damulag o baka, thinly sliced => carabao meat or beef bottom round karne ng damulag o baka thinly [907.2g, FDC local:beef] | 1/2 cup fish sauce patis => fish sauce patis [70.0g, FDC local:fish sauce] | 3/4 cup brown sugar asukal na pula => brown sugar asukal na pula [93.8g, FDC local:sugar] | 1 whole head garlic bawang, peeled and minced => garlic bawang and [100.0g, FDC local:garlic] | 2 tablespoons cooking oil mantika => cooking oil mantika [27.2g, FDC local:cooking oil]"
ph_463,994,17.3,6.5,100.6,1.6,457,2.7,local_reference_ingredient_sum_draft,api_estimate,pending_review,"Draft only: summed local reference ingredient profiles and divided by source_servings=6. Reviewer must verify ingredient matches, edible yield, oil absorption, and serving size before marking reviewed.",draft_partial_match,7,"14 Thai red chilies siling labuyo, minced (no FDC match for thai chilies siling labuyo) | 2 cups finger chilies siling haba, sliced (no FDC match for finger chilies siling haba) | 1 cup water (ignored seasoning/water) | Salt and pepper to taste (ignored seasoning/water)","2 pounds pork belly liempo, cut into 1-inch cubes => pork belly liempo [907.2g, FDC local:pork belly] | 1 can 13.5 oz coconut milk (gata) => can coconut milk [100.0g, FDC local:coconut milk] | 1 cup coconut cream kakang gata => coconut cream kakang gata [240.0g, FDC local:coconut cream] | 2 tablespoons fresh shrimp paste bagoong alamang => shrimp paste shrimp paste [34.0g, FDC local:shrimp paste] | 1 medium onion sibuyas, finely sliced => onion onion finely [110.0g, FDC local:onion] | 4 cloves garlic bawang, minced => garlic bawang [12.0g, FDC local:garlic] | 1 tablespoon cooking oil => cooking oil [13.6g, FDC local:cooking oil]"
ph_464,200,42.3,0.0,1.5,0.0,71,0.0,local_reference_ingredient_sum_draft,api_estimate,pending_review,"Draft only: summed local reference ingredient profiles and divided by source_servings=6. Reviewer must verify ingredient matches, edible yield, oil absorption, and serving size before marking reviewed.",draft_partial_match,1,"Katas ng 1 lemon juice of 1 lemon (missing quantity) | 2 bawang tinadtad (2 cloves garlic, minced) (no FDC match for bawang tinadtad) | 1/2 cup sweet chili sauce sili sauce (no FDC match for sweet chili sauce sili sauce) | 2 tablespoons oyster sauce (no FDC match for oyster sauce) | 1 tablespoon sesame oil langis ng sesame (no FDC match for sesame oil langis ng sesame) | 1/4 teaspoon ground black pepper dinurog na paminta (no FDC match for pepper dinurog na paminta) | 1/2 teaspoon salt asin (no FDC match for salt asin)","2 pounds tuna belly tiyan ng tuna, cut into serving portions => tuna belly tiyan ng tuna [907.2g, FDC local:tuna]"
ph_466,82,7.0,12.2,0.7,0.4,794,6.6,local_reference_ingredient_sum_draft,api_estimate,pending_review,"Draft only: summed local reference ingredient profiles and divided by source_servings=6. Reviewer must verify ingredient matches, edible yield, oil absorption, and serving size before marking reviewed.",draft_partial_match,5,"Salt and pepper to taste (ignored seasoning/water) | 1 cup calamansi juice substitute: 1/2 cup lime juice + 1/2 cup orange juice (no FDC match for calamansi juice substitute lime juice orange juice) | 4 shallots peeled and minced (no FDC match for shallots and) | 1 stalk lemongrass (no FDC match for stalk lemongrass) | 2 kaffir lime leaves optional, for enhanced aroma (no FDC match for kaffir lime leaves)","1 whole chicken 4-5 pounds, cleaned => chicken - [100.0g, FDC local:chicken] | 1/4 cup fish sauce patis => fish sauce patis [35.0g, FDC local:fish sauce] | 1/4 cup soy sauce => soy sauce [35.0g, FDC local:soy sauce] | 3 tablespoons brown sugar => brown sugar [37.5g, FDC local:sugar] | 1 whole head garlic peeled and minced => garlic and [100.0g, FDC local:garlic]"
ph_467,1018,93.9,36.8,52.1,5.3,860,8.3,local_reference_ingredient_sum_draft,api_estimate,pending_review,"Draft only: summed local reference ingredient profiles and divided by source_servings=4. Reviewer must verify ingredient matches, edible yield, oil absorption, and serving size before marking reviewed.",draft_partial_match,8,Salt to taste asin (ignored seasoning/water) | 12-14 cups water tubig (no FDC match for water tubig) | 2 stalks celery cut into 2-inch pieces (no FDC match for stalks celery) | Fish sauce patis (missing quantity) | Calamansi or lime (missing quantity) | Thai chili peppers chopped (siling labuyo) (missing quantity) | Steamed rice kanin (missing quantity),"3 lbs beef shanks with bone marrow buto-buto => beef shanks with bone marrow buto-buto [1360.8g, FDC local:beef] | 2 whole onions quartered (sibuyas) => onions quartered [220.0g, FDC local:onion] | 2 tablespoons whole black peppercorns paminta => peppercorns paminta [16.0g, FDC local:corn] | 2 tablespoons fish sauce patis => fish sauce patis [30.0g, FDC local:fish sauce] | 2 corn on the cob halved (mais) => corn on the halved [200.0g, FDC local:corn] | 1 large bundle Chinese cabbage/pechay pechay Baguio => chinese cabbage/bok choy bok choy baguio [100.0g, FDC local:bok choy] | 2 medium potatoes quartered (patatas) => potatoes quartered [340.0g, FDC local:potato] | 2 green onions cut into 2-inch lengths (sibuyas dahon) => onions [220.0g, FDC local:onion]"
ph_469,425,14.3,31.9,29.0,6.5,60,8.7,local_reference_ingredient_sum_draft,api_estimate,pending_review,"Draft only: summed local reference ingredient profiles and divided by source_servings=4. Reviewer must verify ingredient matches, edible yield, oil absorption, and serving size before marking reviewed.",draft_partial_match,9,"3 lbs oxtail buntot ng baka, cut into 2-inch pieces (no FDC match for oxtail buntot ng baka) | 1 lb honeycomb tripe tuwalya, optional (no FDC match for honeycomb tripe tuwalya) | 8-10 cups water tubig (no FDC match for water tubig) | 1 banana heart puso ng saging, quartered and sliced (no FDC match for banana heart puso ng saging quartered and) | Fish sauce patis to taste (ignored seasoning/water) | Sea salt asin to taste (ignored seasoning/water) | Ground black pepper paminta to taste (ignored seasoning/water) | Shrimp paste bagoong alamang for serving (missing quantity)","2 tablespoons cooking oil mantika => cooking oil mantika [27.2g, FDC local:cooking oil] | 1 cup unsweetened peanut butter mantikang mani => unsweetened peanut butter mantikang mani [140.0g, FDC local:peanut butter] | 1/4 cup rice flour galapong, toasted => rice flour galapong [60.0g, FDC local:flour] | 2 tablespoons annatto powder atsuete or 3 tablespoons annatto seeds => annatto powder atsuete or annatto seeds [16.0g, FDC local:annatto oil] | 1 large onion sibuyas, diced => onion onion [110.0g, FDC local:onion] | 6 cloves garlic bawang, minced => garlic bawang [18.0g, FDC local:garlic] | 2 Japanese eggplants talong, cut diagonally => japanese eggplants eggplant cut diagonally [100.0g, FDC local:eggplant] | 2 bundles string beans sitaw, cut into 3-inch lengths => string beans yardlong beans [300.0g, FDC local:yardlong beans] | 2 bunches bok choy pechay => bok choy bok choy [300.0g, FDC local:bok choy]"
ph_470,509,44.2,32.4,21.6,6.1,518,3.6,local_reference_ingredient_sum_draft,api_estimate,pending_review,"Draft only: summed local reference ingredient profiles and divided by source_servings=6. Reviewer must verify ingredient matches, edible yield, oil absorption, and serving size before marking reviewed.",draft_partial_match,9,"8 cups water (ignored seasoning/water) | 15 pieces fresh tamarind sampalok or 11/2 packages (1.41 ounces each) tamarind powder (no FDC match for tamarind sampalok or packages tamarind powder) | Salt and pepper to taste (ignored seasoning/water) | 1 daikon radish labanos, 6-inch length, sliced (no FDC match for daikon radish labanos -inch length) | 2 finger chilies siling haba (no FDC match for finger chilies siling haba)","2 pounds pork spare ribs baboy, cut into 2-inch pieces => pork spare ribs baboy [907.2g, FDC local:pork] | 2 tablespoons fish sauce patis => fish sauce patis [30.0g, FDC local:fish sauce] | 2 large tomatoes kamatis, quartered => tomatoes tomato quartered [240.0g, FDC local:tomato] | 1 medium onion sibuyas, peeled and quartered => onion onion and quartered [110.0g, FDC local:onion] | 6 pieces taro root gabi, peeled and halved => taro root gabi and halved [600.0g, FDC local:taro] | 1/2 bunch long beans sitaw => beans yardlong beans [75.0g, FDC local:yardlong beans] | 1 medium eggplant talong => eggplant eggplant [50.0g, FDC local:eggplant] | 6 pieces okra => okra [72.0g, FDC local:okra] | 1 bunch bok choy pechay => bok choy bok choy [150.0g, FDC local:bok choy]"
ph_473,827,30.1,8.2,73.5,0.5,82,6.0,local_reference_ingredient_sum_draft,api_estimate,pending_review,"Draft only: summed local reference ingredient profiles and divided by source_servings=4. Reviewer must verify ingredient matches, edible yield, oil absorption, and serving size before marking reviewed.",draft_partial_match,7,2 pcs long green pepper (no FDC match for pepper) | 1 cup water (ignored seasoning/water),"1 lb pork belly cut into cubes => pork belly [453.6g, FDC local:pork belly] | 1 cup vinegar => vinegar [140.0g, FDC local:vinegar] | 1 1/2 tbsp brown sugar => brown sugar [18.8g, FDC local:sugar] | 1 medium sized onion chopped finely => sized onion finely [110.0g, FDC local:onion] | 1 tbsp garlic minced => garlic [8.0g, FDC local:garlic] | 1 tbsp cooking oil => cooking oil [13.6g, FDC local:cooking oil] | 10 oz pork blood => pork blood [283.5g, FDC local:pork]"
ph_474,306,7.8,64.8,0.8,2.1,2,5.7,local_reference_ingredient_sum_draft,api_estimate,pending_review,"Draft only: summed local reference ingredient profiles and divided by source_servings=8. Reviewer must verify ingredient matches, edible yield, oil absorption, and serving size before marking reviewed.",draft_partial_match,3,1 tbsp Active Dry Yeast (no FDC match for active dry yeast) | 1 tbsp Baking Powder (no FDC match for baking powder) | 3 tbsp Shortening (no FDC match for shortening) | Warm Water (missing quantity) | Cooking Oil 2 tbsp (missing quantity) | Black Pepper 1 tbsp ground (missing quantity) | Star Anise 2 pcs (missing quantity) | Corn Starch 3 tbsp (missing quantity) | Brown Sugar 4 tbsp (missing quantity) | Oyster Sauce 2 tbsp (missing quantity) | Soy Sauce 4 tbsp (missing quantity) | Garlic medium sized minced (missing quantity) | Onion medium sized minced (missing quantity) | Ground Pork 1/2 kg (missing quantity) | Pork Broth 1 cup (missing quantity),"1 tbsp White Sugar => sugar [12.5g, FDC local:sugar] | 1/4 cup White Sugar => sugar [31.2g, FDC local:sugar] | 5 cups All Purpose Flour => all purpose flour [625.0g, FDC local:flour]"
ph_475,547,49.8,25.9,26.2,4.0,740,4.8,local_reference_ingredient_sum_draft,api_estimate,pending_review,"Draft only: summed local reference ingredient profiles and divided by source_servings=4. Reviewer must verify ingredient matches, edible yield, oil absorption, and serving size before marking reviewed.",draft_partial_match,12,2 tsp black ground pepper (no FDC match for pepper) | 30 g oyster sauce (no FDC match for oyster sauce) | 3 pcs calamansi (no FDC match for calamansi),"3 tbsp of cooking oil => of cooking oil [40.8g, FDC local:cooking oil] | 3 tbsp soy sauce => soy sauce [45.0g, FDC local:soy sauce] | 5 cloves garlic, minced => garlic [15.0g, FDC local:garlic] | 1 onion, sliced => onion [110.0g, FDC local:onion] | 1 medium sized carrot, sliced => sized carrot [60.0g, FDC local:carrot] | 1 cup snow peas => snow green peas [150.0g, FDC local:green peas] | 1/2 head of small cabbage, sliced => of cabbage [50.0g, FDC local:cabbage] | 1 chorizo, cut => pork cut [100.0g, FDC local:pork] | 1/4 kg sliced pork => pork [250.0g, FDC local:pork] | 1/4 kg chicken breast => chicken breast [250.0g, FDC local:chicken] | 8 g dried shrimp => dried shrimp [8.0g, FDC local:shrimp] | 8 oz. bihon => bihon [226.8g, FDC local:noodles]"
ph_476,77,4.0,15.9,0.6,1.6,967,2.4,local_reference_ingredient_sum_draft,api_estimate,pending_review,"Draft only: summed local reference ingredient profiles and divided by source_servings=4. Reviewer must verify ingredient matches, edible yield, oil absorption, and serving size before marking reviewed.",draft_partial_match,4,"1 whole Pigs leg, preferably the front leg (no FDC match for pigs leg) | 10 cups Water for boiling (ignored seasoning/water) | 2 Ltrs. Oil for Frying (ignored frying oil reserve) | 3 pcs. Bay leaves (no FDC match for bay leaves) | Salt & Pepper to taste (ignored seasoning/water)","1 pc. Large Onion, chopped => onion [110.0g, FDC local:onion] | 1 pc. Garlic bulb, chopped => garlic bulb [100.0g, FDC local:garlic] | 4 tbps Peppercorns, cracked => tbps peppercorns cracked [80.0g, FDC local:corn] | 1/2 cup Soy sauce => soy sauce [70.0g, FDC local:soy sauce]"
ph_478,104,7.2,13.3,2.5,2.0,1341,2.4,local_reference_ingredient_sum_draft,api_estimate,pending_review,"Draft only: summed local reference ingredient profiles and divided by source_servings=6. Reviewer must verify ingredient matches, edible yield, oil absorption, and serving size before marking reviewed.",draft_partial_match,7,"Garlic, chopped (missing quantity) | 4 pcs. Saba (Banana), diagonal slice (no FDC match for saba diagonal slice) | 100 grams green beans, trimmed (no FDC match for beans trimmed) | Tomato Sauce (missing quantity) | salt to taste (ignored seasoning/water) | cooking oil (missing quantity)","1 Kilo Pork (Belly / Liempo), bite size => kilo pork bite size [100.0g, FDC local:pork] | 1 pc. medium size onion (chopped) => size onion [110.0g, FDC local:onion] | 2 pcs. small size potato cuts into a quarter => size potato cuts into a quarter [340.0g, FDC local:potato] | 1/2 small cabbage, quartered => cabbage quartered [50.0g, FDC local:cabbage] | 1 bunch Pechay => bok choy [150.0g, FDC local:bok choy] | A small amount of Patis / Fish Sauce => amount of patis / fish sauce [100.0g, FDC local:fish sauce] | 1 Tbsp. peppercorns => peppercorns [8.0g, FDC local:corn]"
ph_479,57,5.4,2.3,2.7,0.3,295,0.7,local_reference_ingredient_sum_draft,api_estimate,pending_review,"Draft only: summed local reference ingredient profiles and divided by source_servings=7. Reviewer must verify ingredient matches, edible yield, oil absorption, and serving size before marking reviewed.",draft_partial_match,6,"1 teaspoon whole black peppers (no FDC match for peppers) | 1 cup pineapple juice (no FDC match for pineapple juice) | 2 cups water (ignored seasoning/water) | 2 pieces chili pepper (siling labuyo), chopped (no FDC match for chili pepper) | 1 teaspoon black pepper, ground (no FDC match for pepper) | 1 calamansi (no FDC match for calamansi) | a small amount of Chicharon (Optional) (no FDC match for amount of chicharon)","1-kilo pork meat (combination of pork cheek, ear, and snout) => -kilo pork meat [100.0g, FDC local:pork] | 3 cloves of garlic, crushed => of garlic [9.0g, FDC local:garlic] | 1 large onion, chopped => onion [110.0g, FDC local:onion] | 1/4 cup vinegar => vinegar [35.0g, FDC local:vinegar] | 1/4 cup soy sauce => soy sauce [35.0g, FDC local:soy sauce] | 1 raw egg (Optional) => egg [50.0g, FDC local:egg]"
ph_480,438,33.0,56.4,11.1,8.9,8133,17.6,local_reference_ingredient_sum_draft,api_estimate,pending_review,"Draft only: summed local reference ingredient profiles and divided by source_servings=5. Reviewer must verify ingredient matches, edible yield, oil absorption, and serving size before marking reviewed.",draft_partial_match,7,Chicharon (Optional) (missing quantity) | Medium squash (Cut into cubes) (missing quantity) | 1 tablespoon oil (no FDC match for oil) | 2 to 3 cups of water (no FDC match for of water) | 1/2 bunch string beans (cut into 3-inch lengths) (no FDC match for string beans) | 1 medium Ampalaya (cleaned and cut into slices) (no FDC match for ampalaya),"1/4 kilo pork belly, cut into strips => kilo pork belly [25.0g, FDC local:pork belly] | 34 tablespoons shrimp paste => shrimp paste [578.0g, FDC local:shrimp paste] | 1 pc. onion (chopped) => onion [110.0g, FDC local:onion] | 3 minced Garlic => garlic [300.0g, FDC local:garlic] | 23 medium tomatoes (chopped) => tomatoes [2760.0g, FDC local:tomato] | 5 pcs. young okra (cut into halves diagonally) => young okra [60.0g, FDC local:okra] | 1 large Eggplant (cleaned and cut into cubes) => eggplant [50.0g, FDC local:eggplant]"
ph_481,142,12.7,12.0,4.6,0.4,2987,6.9,local_reference_ingredient_sum_draft,api_estimate,pending_review,"Draft only: summed local reference ingredient profiles and divided by source_servings=8. Reviewer must verify ingredient matches, edible yield, oil absorption, and serving size before marking reviewed.",draft_ready_for_review,7,,"12 ounces shrimp paste => shrimp paste [340.2g, FDC local:shrimp paste] | 1 medium tomato, diced => tomato [120.0g, FDC local:tomato] | 4 ounces pork (with fat), sliced => pork [113.4g, FDC local:pork] | 1 small onion, minced => onion [110.0g, FDC local:onion] | 3 cloves garlic, minced => garlic [9.0g, FDC local:garlic] | 31/2 tablespoons sugar => sugar [43.8g, FDC local:sugar] | 3 teaspoons vinegar => vinegar [15.0g, FDC local:vinegar]"
ph_482,139,6.6,20.4,3.9,4.3,45,3.6,local_reference_ingredient_sum_draft,api_estimate,pending_review,"Draft only: summed local reference ingredient profiles and divided by source_servings=6. Reviewer must verify ingredient matches, edible yield, oil absorption, and serving size before marking reviewed.",draft_partial_match,6,"Sinigang sa Sampalok Mix (With Gabi) (missing quantity) | Patis (fish sauce) or salt (missing quantity) | 1 liter Water (Add according to your choice) (ignored seasoning/water) | 1 bundle String beans (no FDC match for string beans) | 3 pieces radish, sliced (no FDC match for radish) | 23 pieces Chili Pansigang (green finger pepper) (no FDC match for chili pansigang) | Egg plant, sliced (missing quantity)","1-Kilo Pork/pork ribs, cut into bite-size chunks => -kilo pork/pork ribs [100.0g, FDC local:pork ribs] | 3 tomatoes, quartered => tomatoes quartered [360.0g, FDC local:tomato] | 2 medium sized onions, halved => sized onions halved [220.0g, FDC local:onion] | 3 pieces Gabi (Taro), peeled => gabi [300.0g, FDC local:taro] | 1 Bundle Kangkong (you can use more bundle if you want) => kangkong [150.0g, FDC local:spinach] | 5 pcs small sized Okra => sized okra [60.0g, FDC local:okra]"
ph_487,512,45.5,21.8,25.3,4.1,144,2.3,local_reference_ingredient_sum_draft,api_estimate,pending_review,"Draft only: summed local reference ingredient profiles and divided by source_servings=6. Reviewer must verify ingredient matches, edible yield, oil absorption, and serving size before marking reviewed.",draft_partial_match,6,1 pack Tamarind Sinigang Mix (no FDC match for pack tamarind sinigang mix) | Fish Sauce (missing quantity) | Pepper (ignored seasoning/water),"1 kg beef brisket/ribs cut into cube => beef brisket/ribs [1000.0g, FDC local:beef] | 1 large Red Onion, chopped => onion [110.0g, FDC local:onion] | 2 medium Tomatoes, chopped => tomatoes [240.0g, FDC local:tomato] | 4 pieces small Taro => taro [400.0g, FDC local:taro] | 4 pcs. Okra medium sized, cut into two => okra sized [48.0g, FDC local:okra] | 1 packet Spinach leaves => packet spinach leaves [100.0g, FDC local:spinach]"
ph_488,1427,144.1,21.0,79.9,4.9,3827,10.7,local_reference_ingredient_sum_draft,api_estimate,pending_review,"Draft only: summed local reference ingredient profiles and divided by source_servings=3. Reviewer must verify ingredient matches, edible yield, oil absorption, and serving size before marking reviewed.",draft_partial_match,7,1 1/2 tablespoons rock salt or coarse sea salt (ignored seasoning/water) | 8 to 10 cups water (no FDC match for water) | 5 to 7 pieces chili peppers (no FDC match for chili peppers) | 1 piece lemon or 3 pieces calamansi (no FDC match for lemon or calamansi),"3 to 4 lbs. beef shank (with extra bones) => beef shank [1587.6g, FDC local:beef] | 4 pieces medium red onions, sliced => onions [440.0g, FDC local:onion] | 1 tablespoon whole peppercorn => peppercorn [8.0g, FDC local:corn] | 4 to 5 tablespoons fish sauce => fish sauce [67.5g, FDC local:fish sauce] | 1 small cabbage => cabbage [100.0g, FDC local:cabbage] | 3 bunches of baby bok choy => of baby bok choy [450.0g, FDC local:bok choy] | 4 tablespoons fish sauce => fish sauce [60.0g, FDC local:fish sauce]"
ph_489,352,34.1,8.1,18.9,0.2,1052,6.4,local_reference_ingredient_sum_draft,api_estimate,pending_review,"Draft only: summed local reference ingredient profiles and divided by source_servings=4. Reviewer must verify ingredient matches, edible yield, oil absorption, and serving size before marking reviewed.",draft_partial_match,6,3 pieces bay leaves(Laurel) (ignored seasoning/water) | 1/2 cup water (ignored seasoning/water) | salt to taste (ignored seasoning/water),"500 grams beef, cut into thin slices => beef [500.0g, FDC local:beef] | 1/2 cup soy sauce => soy sauce [70.0g, FDC local:soy sauce] | 1/3 cup vinegar => vinegar [46.7g, FDC local:vinegar] | 3 cloves garlic, chopped => garlic [9.0g, FDC local:garlic] | 1 teaspoon peppercorns => peppercorns [2.7g, FDC local:corn] | 2 tablespoons brown sugar => brown sugar [25.0g, FDC local:sugar]"
ph_490,262,20.4,2.5,18.2,0.4,376,0.8,local_reference_ingredient_sum_draft,api_estimate,pending_review,"Draft only: summed local reference ingredient profiles and divided by source_servings=6. Reviewer must verify ingredient matches, edible yield, oil absorption, and serving size before marking reviewed.",draft_partial_match,5,1 piece lemon or 3 pieces calamansi (no FDC match for lemon or calamansi) | 1/2 tsp ground black pepper (no FDC match for pepper) | salt to taste (ignored seasoning/water),"1 lb. Beef or Pork sirloin, thinly sliced => beef or pork sirloin thinly [453.6g, FDC local:beef] | 1/4 cup soy sauce => soy sauce [35.0g, FDC local:soy sauce] | 3 cloves garlic, crushed => garlic [9.0g, FDC local:garlic] | 1 large onion, sliced into rings => onion into rings [110.0g, FDC local:onion] | 3 tbsp cooking oil => cooking oil [40.8g, FDC local:cooking oil]"
ph_491,513,51.4,27.3,22.4,2.3,648,2.5,local_reference_ingredient_sum_draft,api_estimate,pending_review,"Draft only: summed local reference ingredient profiles and divided by source_servings=6. Reviewer must verify ingredient matches, edible yield, oil absorption, and serving size before marking reviewed.",draft_partial_match,12,"1 cup of water (no FDC match for of water) | salt and pepper to taste (ignored seasoning/water) | 46 pcs calamansi, sliced (no FDC match for calamansi) | 1 cup smoked tinapa, flakes (optional) (no FDC match for smoked tinapa flakes) | 1 cup chicharon, crushed (optional) (no FDC match for chicharon)","1 kilo thick rice noodles => kilo thick rice noodles [100.0g, FDC local:noodles] | 6 tbsp achuete oil => achuete oil [81.6g, FDC local:annatto oil] | 6 cups shrimp stock => shrimp stock [840.0g, FDC local:shrimp] | 2 tbsp minced garlic => garlic [16.0g, FDC local:garlic] | 1 cup all-purpose flour => all-purpose flour [125.0g, FDC local:flour] | 2 tbsp fish sauce => fish sauce [30.0g, FDC local:fish sauce] | 2 cup napa cabbage, shredded => napa cabbage shredded [280.0g, FDC local:cabbage] | 1/2 kilo pork belly => kilo pork belly [50.0g, FDC local:pork belly] | 4 hard-boiled eggs, sliced => hard- eggs [200.0g, FDC local:egg] | 1 1/2 cup shrimps, head on => shrimps on [210.0g, FDC local:shrimp] | 1/2 cup spring onions, chopped finely => spring onions finely [70.0g, FDC local:onion] | 4 tbsp fried garlic bits => fried garlic bits [32.0g, FDC local:garlic]"
ph_492,8,0.2,1.3,0.0,0.1,1,0.1,local_reference_ingredient_sum_draft,api_estimate,pending_review,"Draft only: summed local reference ingredient profiles and divided by source_servings=6. Reviewer must verify ingredient matches, edible yield, oil absorption, and serving size before marking reviewed.",draft_partial_match,3,"1-Kilo (Tanigue, Tuna, or Tilapia), cut into cubes (no FDC match for -kilo) | medium Onion, sliced (missing quantity) | 2 pcs. hot chili (no FDC match for hot chili) | Salt (ignored seasoning/water) | Pepper (ignored seasoning/water)","3/4 cup Vinegar => vinegar [105.0g, FDC local:vinegar] | 1 thumb size Ginger, grated => size ginger grated [15.0g, FDC local:ginger] | 4 cloves Garlic, chopped => garlic [12.0g, FDC local:garlic]"
ph_493,93,17.0,6.3,0.4,1.8,88,2.9,local_reference_ingredient_sum_draft,api_estimate,pending_review,"Draft only: summed local reference ingredient profiles and divided by source_servings=7. Reviewer must verify ingredient matches, edible yield, oil absorption, and serving size before marking reviewed.",draft_partial_match,5,"6 cups Water (ignored seasoning/water) | 1 White Radish, sliced (no FDC match for radish) | 2 mild Green Chile Peppers (no FDC match for mild chile peppers) | 11/2 cups freshly squeezed Tamarind juice or to taste* (ignored seasoning/water) | 2 Tablespoons Fish sauce or use Salt instead, to taste (ignored seasoning/water)","1 lb Shrimps (with skin and head), seasoned with a little salt => shrimps seasoned with a little salt [453.6g, FDC local:shrimp] | 3 Plum Tomatoes, quartered => plum tomatoes quartered [360.0g, FDC local:tomato] | 2 Onions, chopped => onions [220.0g, FDC local:onion] | 6 Okra => okra [72.0g, FDC local:okra] | 1 (10 oz) pack fresh Spinach or 12 bunches of Kangkong => pack spinach or of kangkong [100.0g, FDC local:spinach]"
ph_494,124,18.7,7.1,1.7,0.6,373,1.4,local_reference_ingredient_sum_draft,api_estimate,pending_review,"Draft only: summed local reference ingredient profiles and divided by source_servings=6. Reviewer must verify ingredient matches, edible yield, oil absorption, and serving size before marking reviewed.",draft_partial_match,6,Pepper (ignored seasoning/water) | Salt (optional ingredient) (ignored seasoning/water),"1 1/2 lbs squid (pusit) => squid [680.4g, FDC local:squid] | 1/2 cup vinegar => vinegar [70.0g, FDC local:vinegar] | 1 onion; chopped => onion [110.0g, FDC local:onion] | 1 tomato; chopped => tomato [120.0g, FDC local:tomato] | 4-5 cloves garlic; crushed => garlic [13.5g, FDC local:garlic] | 1/4 cup soy sauce => soy sauce [35.0g, FDC local:soy sauce]"
ph_495,220,25.2,21.8,3.0,0.7,532,1.1,local_reference_ingredient_sum_draft,api_estimate,pending_review,"Draft only: summed local reference ingredient profiles and divided by source_servings=7. Reviewer must verify ingredient matches, edible yield, oil absorption, and serving size before marking reviewed.",draft_partial_match,11,1/2 kilo Manila clams (no FDC match for kilo manila clams) | 1/2 Red pepper (no FDC match for pepper) | 1 Can green beans (no FDC match for can beans) | 1 tsp saffron flower (no FDC match for saffron flower) | 2 Cups of water (no FDC match for of water) | Canola Cooking oil (missing quantity) | Salt and pepper to taste (ignored seasoning/water),"2 Cups rice => rice [480.0g, FDC local:rice] | 1 Cup shrimp => shrimp [140.0g, FDC local:shrimp] | 3 pcs Blue crabs, cleaned => blue crabs [300.0g, FDC local:crab] | 2 Fish fillet => fish fillet [200.0g, FDC local:fish] | 1/2 kilo mussels => kilo mussels [50.0g, FDC local:mussels] | 1 medium Onion, sliced => onion [110.0g, FDC local:onion] | 2 Cloves garlic => garlic [6.0g, FDC local:garlic] | 1 tsp annatto powder => annatto powder [2.7g, FDC local:annatto oil] | 1 tbsp tomato paste => tomato paste [17.0g, FDC local:tomato] | 1/2 Cup canned tomato => canned tomato [70.0g, FDC local:tomato] | 1/2 Cup stocks from shrimp heads => stocks from shrimp [70.0g, FDC local:shrimp]"
ph_496,632,8.9,47.1,50.7,6.9,333,32.1,local_reference_ingredient_sum_draft,api_estimate,pending_review,"Draft only: summed local reference ingredient profiles and divided by source_servings=4. Reviewer must verify ingredient matches, edible yield, oil absorption, and serving size before marking reviewed.",draft_partial_match,8,23 Long Chili Peppers (no FDC match for chili peppers) | Salt and Pepper (ignored seasoning/water) | Cooking Oil (missing quantity),"1/2 kg. Unripened Jackfruit => unripened jackfruit [500.0g, FDC local:jackfruit] | 2 cups Coconut Milk => coconut milk [480.0g, FDC local:coconut milk] | 1 cup Coconut Cream => coconut cream [240.0g, FDC local:coconut cream] | 5 cloves Garlic, minced => garlic [15.0g, FDC local:garlic] | 1 medium Onion, diced => onion [110.0g, FDC local:onion] | 1 tablespoon Shrimp Paste => shrimp paste [17.0g, FDC local:shrimp paste] | 4 cloves Garlic, minced => garlic [12.0g, FDC local:garlic] | 1 medium Onion, chopped => onion [110.0g, FDC local:onion]"
ph_498,291,10.5,6.7,25.8,1.8,1564,2.8,local_reference_ingredient_sum_draft,api_estimate,pending_review,"Draft only: summed local reference ingredient profiles and divided by source_servings=5. Reviewer must verify ingredient matches, edible yield, oil absorption, and serving size before marking reviewed.",draft_partial_match,7,1 tsp coarsely ground black pepper (no FDC match for coarsely pepper) | 23 finger chilies (no FDC match for finger chilies),"1 kilo Chicken (legs/thighs) => kilo chicken [100.0g, FDC local:chicken] | 1/2 cup Vinegar => vinegar [70.0g, FDC local:vinegar] | 1 cup Soy Sauce => soy sauce [140.0g, FDC local:soy sauce] | 3 tbsp vegetable oil => cooking oil [40.8g, FDC local:cooking oil] | 1 tbsp minced garlic => garlic [8.0g, FDC local:garlic] | 1 cup coconut cream => coconut cream [240.0g, FDC local:coconut cream] | 1 red bell pepper, cut into strips => bell pepper [120.0g, FDC local:bell pepper]"
ph_499,50,5.7,4.9,1.2,1.2,16,2.8,local_reference_ingredient_sum_draft,api_estimate,pending_review,"Draft only: summed local reference ingredient profiles and divided by source_servings=5. Reviewer must verify ingredient matches, edible yield, oil absorption, and serving size before marking reviewed.",draft_partial_match,3,"10 pcs. Fresh or Frozen Kamias (no FDC match for or kamias) | 4 pieces long green pepper (no FDC match for pepper) | 7 leaves, mustard greens (no FDC match for leaves mustard greens) | 7 cups water (ignored seasoning/water) | Salt & Pepper (missing quantity)","1 Kilo Medium Fish, (Any Type of Fish) => kilo fish [100.0g, FDC local:fish] | 3 pcs. Tomatoes, wedged => tomatoes [360.0g, FDC local:tomato] | 1 medium Onion, wedged => onion [110.0g, FDC local:onion]"
ph_500,54,4.4,4.2,2.3,1.1,225,2.2,local_reference_ingredient_sum_draft,api_estimate,pending_review,"Draft only: summed local reference ingredient profiles and divided by source_servings=6. Reviewer must verify ingredient matches, edible yield, oil absorption, and serving size before marking reviewed.",draft_partial_match,6,"1 Tbsp. oil (no FDC match for oil) | 4 cups water (ignored seasoning/water) | 2 cups kamias (no FDC match for kamias) | 1 banana chili (no FDC match for banana chili) | 1 6-inch labanos (daikon radish), peeled and cut into chunks (no FDC match for -inch labanos and) | 1/2 bunch long beans (sitaw), ends trimmed and cut into 3-inch lengths (no FDC match for beans ends trimmed and) | salt to taste (ignored seasoning/water)","1 Kilo Salmon (Belly or Head) => kilo salmon [100.0g, FDC local:salmon] | 1 small onion, peeled and sliced => onion and [110.0g, FDC local:onion] | 1 to 2 cloves garlic, peeled and minced => garlic and [4.5g, FDC local:garlic] | 2 medium tomatoes, chopped => tomatoes [240.0g, FDC local:tomato] | 1 Tbsp. fish sauce => fish sauce [15.0g, FDC local:fish sauce] | 1 bunch bok choy => bok choy [150.0g, FDC local:bok choy]"
ph_501,82,7.6,10.4,1.7,2.2,29,3.6,local_reference_ingredient_sum_draft,api_estimate,pending_review,"Draft only: summed local reference ingredient profiles and divided by source_servings=4. Reviewer must verify ingredient matches, edible yield, oil absorption, and serving size before marking reviewed.",draft_partial_match,6,1 radish; sliced (no FDC match for radish) | 5 string beans cut into 2 lengths (no FDC match for string beans) | Sinigang mix or 2 crushed Tamarind (Sampalok) (missing quantity) | 5 cups water (ignored seasoning/water) | Salt or fish sauce (patis) (missing quantity),"1 Medium Size Milk Fish (Bangus); cut into desired pieces => size milk fish [100.0g, FDC local:fish] | 1 ginger root, crushed => ginger root [100.0g, FDC local:ginger] | 2 tomatoes, quartered => tomatoes quartered [240.0g, FDC local:tomato] | 1 onion; sliced => onion [110.0g, FDC local:onion] | 1 eggplant, sliced => eggplant [50.0g, FDC local:eggplant] | 1 cup kangkong leaves => kangkong leaves [30.0g, FDC local:spinach]"
ph_503,100,9.9,9.0,3.6,2.1,710,2.2,local_reference_ingredient_sum_draft,api_estimate,pending_review,"Draft only: summed local reference ingredient profiles and divided by source_servings=6. Reviewer must verify ingredient matches, edible yield, oil absorption, and serving size before marking reviewed.",draft_partial_match,9,salt to taste (ignored seasoning/water),"1 Whole Chicken (chopped) => chicken [100.0g, FDC local:chicken] | 2 pieces Sayote or a Medium sized Papaya => sayote or a sized papaya [400.0g, FDC local:sayote] | 3 cloves of garlic, peeled and minced => of garlic and [9.0g, FDC local:garlic] | 2 thumbs of ginger, julienne => of ginger julienne [30.0g, FDC local:ginger] | 1 medium-large onion, sliced => - onion [110.0g, FDC local:onion] | 3 cups of chicken broth or 1 Knorr chicken cube (dissolved in 3 cups of water) => of chicken broth or knorr chicken cube [720.0g, FDC local:broth] | 1 bunch of Malunggay => of moringa leaves [150.0g, FDC local:moringa leaves] | 2 tablespoon of fish sauce (patis) => of fish sauce [30.0g, FDC local:fish sauce] | 1 tablespoon cooking oil => cooking oil [13.6g, FDC local:cooking oil]"
ph_504,214,32.1,10.9,3.9,0.8,80,2.8,local_reference_ingredient_sum_draft,api_estimate,pending_review,"Draft only: summed local reference ingredient profiles and divided by source_servings=6. Reviewer must verify ingredient matches, edible yield, oil absorption, and serving size before marking reviewed.",draft_partial_match,5,"15 pieces calamansi, extract the juice (no FDC match for calamansi extract the juice) | 4 stalks tanglad (lemon grass), julienne (no FDC match for stalks tanglad julienne) | salt and coarsely ground pepper (missing quantity) | 1/2 cup Star Margarine (no FDC match for star margarine) | 1/4 cup Atsuete oil (no FDC match for atsuete oil) | Salt and Pepper to Taste (ignored seasoning/water)","6 pcs. Chicken Wings, Breast or Legs (Medium Sizes) => chicken wings breast or legs [600.0g, FDC local:chicken] | 1 head garlic, macerated => garlic macerated [50.0g, FDC local:garlic] | 2 tbsps. chopped ginger => tbsps. ginger [200.0g, FDC local:ginger] | 1 tbsp. brown sugar => brown sugar [12.5g, FDC local:sugar] | 1/3 cup Vinegar ( Coconut Vinegar) => vinegar [46.7g, FDC local:vinegar]"
ph_505,116,8.9,19.0,0.9,1.0,515,8.8,local_reference_ingredient_sum_draft,api_estimate,pending_review,"Draft only: summed local reference ingredient profiles and divided by source_servings=5. Reviewer must verify ingredient matches, edible yield, oil absorption, and serving size before marking reviewed.",draft_partial_match,7,1 8 oz Sprite (no FDC match for sprite) | 3 Tbsp. of Lemon or Calamansi juice (no FDC match for of lemon or calamansi juice) | 1 or 2 stalks of Lemon Grass (Tanglad) (no FDC match for or stalks of lemon grass) | Ground Black Pepper (ignored seasoning/water) | 3 bay leaves (no FDC match for bay leaves) | 1 stick of Butter (no FDC match for stick of butter) | Salt to taste (ignored seasoning/water),"1 Whole Chicken (dressed/cleaned) => chicken [100.0g, FDC local:chicken] | 3 tbsp of white or brown sugar => of or brown sugar [37.5g, FDC local:sugar] | 35 cloves of garlic, minced => of garlic [105.0g, FDC local:garlic] | 3 tbsp of garlic powder => of garlic powder [24.0g, FDC local:garlic] | 1 medium-sized Onion, sliced => -sized onion [110.0g, FDC local:onion] | 1 thumb size Ginger => size ginger [15.0g, FDC local:ginger] | 3 Tbsp. Soy Sauce => soy sauce [45.0g, FDC local:soy sauce]"
ph_507,701,109.7,30.5,13.2,3.7,751,5.4,local_reference_ingredient_sum_draft,api_estimate,pending_review,"Draft only: summed local reference ingredient profiles and divided by source_servings=4. Reviewer must verify ingredient matches, edible yield, oil absorption, and serving size before marking reviewed.",draft_partial_match,8,"water (ignored seasoning/water) | oil (missing quantity) | 2 bay leaves (no FDC match for bay leaves) | 2 Thai chili peppers, minced (no FDC match for thai chili peppers) | 2 tablespoons oyster sauce (no FDC match for oyster sauce) | salt to taste (ignored seasoning/water)","3 pounds chicken feet => chicken feet [1360.8g, FDC local:chicken] | 4 slices ginger => slices ginger [400.0g, FDC local:ginger] | 2 stalks green onions, knotted => stalks onions knotted [220.0g, FDC local:onion] | 1/2 cup vinegar => vinegar [70.0g, FDC local:vinegar] | 1/4 cup soy sauce => soy sauce [35.0g, FDC local:soy sauce] | 1 onion, peeled and chopped => onion and [110.0g, FDC local:onion] | 1 head garlic, peeled and minced => garlic and [50.0g, FDC local:garlic] | 1/2 teaspoon peppercorns, cracked => peppercorns cracked [1.3g, FDC local:corn]"
ph_508,593,109.0,1.8,13.3,0.0,1477,0.2,local_reference_ingredient_sum_draft,api_estimate,pending_review,"Draft only: summed local reference ingredient profiles and divided by source_servings=4. Reviewer must verify ingredient matches, edible yield, oil absorption, and serving size before marking reviewed.",draft_partial_match,2,1/4 cup honey (no FDC match for honey) | salt and pepper to taste (ignored seasoning/water),"3 pounds chicken wings, cut into flats and drummettes => chicken wings [1360.8g, FDC local:chicken] | 1/2 cup sauteed shrimp paste => sauteed shrimp paste [70.0g, FDC local:shrimp paste]"
ph_509,168,18.6,6.2,7.5,0.2,1724,1.1,local_reference_ingredient_sum_draft,api_estimate,pending_review,"Draft only: summed local reference ingredient profiles and divided by source_servings=8. Reviewer must verify ingredient matches, edible yield, oil absorption, and serving size before marking reviewed.",draft_partial_match,8,"1/4 cup oil (no FDC match for oil) | 2 packs (250 ml each) Nestle All-Purpose cream (no FDC match for packs nestle all-purpose cream) | 1 cup tinapa flakes (no FDC match for tinapa flakes) | 1 cup chicharon, crushed (no FDC match for chicharon) | calamansi (missing quantity)","1/2 pound ground pork => pork [226.8g, FDC local:pork] | 1 tablespoon fish sauce => fish sauce [15.0g, FDC local:fish sauce] | 1 packet (8 gms) Maggi Magic Sarap => packet maggi seasoning mix [100.0g, FDC local:seasoning mix] | 8 pieces poached shrimp => poached shrimp [160.0g, FDC local:shrimp] | 1 cup fried tofu cubes => fried tofu cubes [140.0g, FDC local:tofu] | 2 tablespoons fried garlic bits => fried garlic bits [16.0g, FDC local:garlic] | 1/4 cup chopped green onions => onions [35.0g, FDC local:onion] | 4 hardboiled eggs, peeled and quartered => hardboiled eggs and quartered [200.0g, FDC local:egg]"
ph_510,1220,23.6,7.9,120.4,0.9,1038,1.5,local_reference_ingredient_sum_draft,api_estimate,pending_review,"Draft only: summed local reference ingredient profiles and divided by source_servings=4. Reviewer must verify ingredient matches, edible yield, oil absorption, and serving size before marking reviewed.",draft_partial_match,5,2 bay leaves (no FDC match for bay leaves) | 1 teaspoon salt (ignored seasoning/water) | 1/2 teaspoon pepper (no FDC match for pepper) | 1 tablespoon oil (no FDC match for oil) | 1 cup water (ignored seasoning/water),"2 pounds pork belly, cut into 2-inch cubes => pork belly [907.2g, FDC local:pork belly] | 1 onion, peeled and sliced thinly => onion and thinly [110.0g, FDC local:onion] | 1 head garlic, peeled and minced => garlic and [50.0g, FDC local:garlic] | 1 cup vinegar => vinegar [140.0g, FDC local:vinegar] | 1/2 cup soy sauce => soy sauce [70.0g, FDC local:soy sauce]"
ph_511,577,62.9,5.1,31.9,0.6,784,0.9,local_reference_ingredient_sum_draft,api_estimate,pending_review,"Draft only: summed local reference ingredient profiles and divided by source_servings=6. Reviewer must verify ingredient matches, edible yield, oil absorption, and serving size before marking reviewed.",draft_partial_match,5,1 tablespoon oil (no FDC match for oil) | salt and pepper to taste (ignored seasoning/water) | 1 cup pineapple juice (no FDC match for pineapple juice) | 1/2 cup water (ignored seasoning/water) | 1 cup pineapple chunks (no FDC match for pineapple chunks),"3 pounds pork butt, cut into 1 1/2-inch cubes => pork butt [1360.8g, FDC local:pork] | 1 onion, peeled and chopped => onion and [110.0g, FDC local:onion] | 1 head garlic, peeled and minced => garlic and [50.0g, FDC local:garlic] | 1/2 cup vinegar => vinegar [70.0g, FDC local:vinegar] | 1/2 cup soy sauce => soy sauce [70.0g, FDC local:soy sauce]"
ph_512,111,2.1,20.7,2.3,0.5,91,16.7,local_reference_ingredient_sum_draft,api_estimate,pending_review,"Draft only: summed local reference ingredient profiles and divided by source_servings=6. Reviewer must verify ingredient matches, edible yield, oil absorption, and serving size before marking reviewed.",draft_partial_match,5,"1 tablespoon oil (no FDC match for oil) | 2 cups water (ignored seasoning/water) | 2 cups lechon sauce, homemade or store-bought (no FDC match for lechon sauce homemade or store-bought) | 3 pounds (about 4 cups) leftover lechon or lechon kawali, chopped into 1-inch pieces (no FDC match for leftover lechon or lechon kawali into -inch) | 3 bay leaves (no FDC match for bay leaves) | salt and pepper to taste (ignored seasoning/water)","1 large onion, peeled and sliced thinly => onion and thinly [110.0g, FDC local:onion] | 1 head garlic, peeled and minced => garlic and [50.0g, FDC local:garlic] | 3/4 cup vinegar => vinegar [105.0g, FDC local:vinegar] | 3/4 cup brown sugar => brown sugar [93.8g, FDC local:sugar] | 1/2 cup liver spread => liver spread [70.0g, FDC local:liver spread]"
ph_513,825,15.1,8.8,80.2,0.4,509,5.0,local_reference_ingredient_sum_draft,api_estimate,pending_review,"Draft only: summed local reference ingredient profiles and divided by source_servings=6. Reviewer must verify ingredient matches, edible yield, oil absorption, and serving size before marking reviewed.",draft_partial_match,7,"1/2 cup calamansi juice (no FDC match for calamansi juice) | 2 Thai chili peppers, minced (no FDC match for thai chili peppers) | 1 teaspoon salt (ignored seasoning/water) | 1/2 teaspoon pepper (no FDC match for pepper) | 1 tablespoon canola or sesame oil (no FDC match for canola or sesame oil) | 2 tablespoons oyster sauce (no FDC match for oyster sauce) | 2 Thai chili peppers, chopped (no FDC match for thai chili peppers) | 1/2 teaspoon salt (no FDC match for salt) | 1/4 teaspoon freshly ground pepper (no FDC match for freshly pepper)","1/4 cup fish sauce => fish sauce [35.0g, FDC local:fish sauce] | 1 head garlic, peeled and minced => garlic and [50.0g, FDC local:garlic] | 2 tablespoons brown sugar => brown sugar [25.0g, FDC local:sugar] | 2 pounds pork belly, cut into 1/2-inch thick => pork belly [907.2g, FDC local:pork belly] | 1 cup vinegar => vinegar [140.0g, FDC local:vinegar] | 4 cloves garlic, peeled and minced => garlic and [12.0g, FDC local:garlic] | 1/2 onion, peeled and finely chopped => onion and finely [55.0g, FDC local:onion]"
ph_514,512,67.4,5.2,22.4,0.6,798,1.0,local_reference_ingredient_sum_draft,api_estimate,pending_review,"Draft only: summed local reference ingredient profiles and divided by source_servings=6. Reviewer must verify ingredient matches, edible yield, oil absorption, and serving size before marking reviewed.",draft_partial_match,7,1 cup water (ignored seasoning/water) | 2 bay leaves (no FDC match for bay leaves) | salt and pepper to taste (ignored seasoning/water),"1 tablespoon canola oil => cooking oil [13.6g, FDC local:cooking oil] | 1 onion, peeled and sliced thinly => onion and thinly [110.0g, FDC local:onion] | 1 head garlic, peeled and minced => garlic and [50.0g, FDC local:garlic] | 1 1/2 pounds pork shoulder or belly, cut into 2-inch cubes => pork shoulder or belly [680.4g, FDC local:pork] | 1 1/2 pounds chicken, cut into serving parts => chicken [680.4g, FDC local:chicken] | 1 cup vinegar => vinegar [140.0g, FDC local:vinegar] | 1/2 cup soy sauce => soy sauce [70.0g, FDC local:soy sauce]"
ph_515,1205,128.9,21.5,64.1,1.7,2233,18.2,local_reference_ingredient_sum_draft,api_estimate,pending_review,"Draft only: summed local reference ingredient profiles and divided by source_servings=4. Reviewer must verify ingredient matches, edible yield, oil absorption, and serving size before marking reviewed.",draft_partial_match,6,3 tablespoons oil (no FDC match for oil) | 1/2 cup Chinese cooking wine (no FDC match for chinese cooking wine) | 3 pieces star anise (no FDC match for star anise) | 4 cups water (ignored seasoning/water),"4 pounds whole pork leg => pork leg [1814.4g, FDC local:pork] | 1/4 cup vinegar => vinegar [35.0g, FDC local:vinegar] | 1 cup soy sauce => soy sauce [140.0g, FDC local:soy sauce] | 1/2 cup sugar => sugar [62.5g, FDC local:sugar] | 4 pieces frehs shitake mushrooms => frehs shitake mushrooms [400.0g, FDC local:mushroom] | 1 bundle bok choy, ends trimmed and leaves separated => bok choy ends trimmed and leaves separated [150.0g, FDC local:bok choy]"
ph_516,1569,28.2,0.3,160.3,0.0,97,0.1,local_reference_ingredient_sum_draft,api_estimate,pending_review,"Draft only: summed local reference ingredient profiles and divided by source_servings=6. Reviewer must verify ingredient matches, edible yield, oil absorption, and serving size before marking reviewed.",draft_partial_match,3,1 tablespoon salt (ignored seasoning/water) | 1 teaspoon pepper (no FDC match for pepper),"4 pounds pork belly with ribs => pork belly with ribs [1814.4g, FDC local:pork belly] | 1/2 cup vinegar => vinegar [70.0g, FDC local:vinegar] | 1 teaspoon garlic powder => garlic powder [2.7g, FDC local:garlic]"
ph_517,100,8.3,6.2,3.6,0.4,363,0.5,local_reference_ingredient_sum_draft,api_estimate,pending_review,"Draft only: summed local reference ingredient profiles and divided by source_servings=4. Reviewer must verify ingredient matches, edible yield, oil absorption, and serving size before marking reviewed.",draft_partial_match,7,"1 can (12 ounces) 7-up or Sprite (no FDC match for can -up or sprite) | 3 bay leaves (no FDC match for bay leaves) | salt (ignored seasoning/water) | 5 cups oil (ignored frying oil reserve) | 2 shallots, peeled and chopped (no FDC match for shallots and) | 2 Thai chili peppers, peeled and minced (no FDC match for thai chili peppers and) | salt and pepper to taste (ignored seasoning/water)","1 whole pork leg => pork leg [100.0g, FDC local:pork] | 1 cup vinegar => vinegar [140.0g, FDC local:vinegar] | 1 head garlic, peeled and minced => garlic and [50.0g, FDC local:garlic] | 1 tablespoon peppercorns => peppercorns [8.0g, FDC local:corn] | 1 cup vinegar => vinegar [140.0g, FDC local:vinegar] | 1/4 soy sauce => soy sauce [25.0g, FDC local:soy sauce] | 3 cloves garlic, peeled and minced => garlic and [9.0g, FDC local:garlic]"
ph_518,643,11.8,4.5,63.6,0.6,519,1.3,local_reference_ingredient_sum_draft,api_estimate,pending_review,"Draft only: summed local reference ingredient profiles and divided by source_servings=4. Reviewer must verify ingredient matches, edible yield, oil absorption, and serving size before marking reviewed.",draft_partial_match,6,"1/2 cup water (ignored seasoning/water) | 1 bunch yard long beans (sitaw), ends trimmed and cut into 3-inch lengths (no FDC match for yard beans ends trimmed and) | salt and pepper to taste (ignored seasoning/water) | fried garlic bits, optional (missing quantity)","1 tablespoon canola oil => cooking oil [13.6g, FDC local:cooking oil] | 1 pound pork belly, cut into thin strips => pork belly [453.6g, FDC local:pork belly] | 1 onion, peeled and sliced thinly => onion and thinly [110.0g, FDC local:onion] | 5 cloves garlic, peeled and minced => garlic and [15.0g, FDC local:garlic] | 3/4 cup vinegar => vinegar [105.0g, FDC local:vinegar] | 1/4 cup soy sauce => soy sauce [35.0g, FDC local:soy sauce]"
ph_521,1029,95.0,10.6,65.6,2.1,704,3.4,local_reference_ingredient_sum_draft,api_estimate,pending_review,"Draft only: summed local reference ingredient profiles and divided by source_servings=4. Reviewer must verify ingredient matches, edible yield, oil absorption, and serving size before marking reviewed.",draft_partial_match,8,"2 bay leaves (no FDC match for bay leaves) | 1 cup water (ignored seasoning/water) | 2 Thai chili peppers, stemmed and chopped (no FDC match for thai chili peppers stemmed and) | salt to taste (ignored seasoning/water)","3 pounds pork shoulder, cut into 2-inch cubes => pork shoulder [1360.8g, FDC local:pork] | 1 onion, peeled and sliced thinly => onion and thinly [110.0g, FDC local:onion] | 1 head garlic, peeled and minced => garlic and [50.0g, FDC local:garlic] | 1/2 teaspoon peppercorns => peppercorns [1.3g, FDC local:corn] | 1/2 cup vinegar => vinegar [70.0g, FDC local:vinegar] | 1/4 cup soy sauce => soy sauce [35.0g, FDC local:soy sauce] | 1 tablespoon canola oil => cooking oil [13.6g, FDC local:cooking oil] | 1 cup coconut milk => coconut milk [240.0g, FDC local:coconut milk]"
ph_522,208,7.3,14.3,13.8,2.4,217,2.8,local_reference_ingredient_sum_draft,api_estimate,pending_review,"Draft only: summed local reference ingredient profiles and divided by source_servings=6. Reviewer must verify ingredient matches, edible yield, oil absorption, and serving size before marking reviewed.",draft_partial_match,10,"1/2 cup water (ignored seasoning/water) | 4 Thai chili peppers, stemmed and chopped (no FDC match for thai chili peppers stemmed and) | salt and pepper to taste (ignored seasoning/water)","1/4 cup canola oil => cooking oil [54.5g, FDC local:cooking oil] | 2 medium potatoes, peeled and quartered => potatoes and quartered [340.0g, FDC local:potato] | 1 onion, peeled and sliced thinly => onion and thinly [110.0g, FDC local:onion] | 2 cloves garlic, peeled and minced => garlic and [6.0g, FDC local:garlic] | 1 thumb-size ginger, peeled and julienned => -size ginger and [15.0g, FDC local:ginger] | 1 (3 to 4 pounds) whole chicken, cut into parts => chicken [100.0g, FDC local:chicken] | 1 tablespoon fish sauce => fish sauce [15.0g, FDC local:fish sauce] | 1 can (13.5 ounces) coconut milk => can coconut milk [100.0g, FDC local:coconut milk] | 1/2 red bell pepper, seeded, cored and sliced into strips => bell pepper seeded cored and into strips [60.0g, FDC local:bell pepper] | 1/2 green bell pepper, seeded, cored and sliced into strips => bell pepper seeded cored and into strips [60.0g, FDC local:bell pepper]"
ph_524,631,24.7,14.5,56.1,4.8,1302,7.5,local_reference_ingredient_sum_draft,api_estimate,pending_review,"Draft only: summed local reference ingredient profiles and divided by source_servings=6. Reviewer must verify ingredient matches, edible yield, oil absorption, and serving size before marking reviewed.",draft_partial_match,8,"water for steaming (missing quantity) | 4 Thai chili peppers (no FDC match for thai chili peppers) | 1 small calabasa, peeled, seeded and cut into cubes (no FDC match for calabasa seeded and) | 1 bunch long beans (no FDC match for beans) | salt and pepper to taste (ignored seasoning/water)","6 blue crabs => blue crabs [600.0g, FDC local:crab] | 1 tablespoon canola oil => cooking oil [13.6g, FDC local:cooking oil] | 1 onion, peeled and chopped => onion and [110.0g, FDC local:onion] | 5 cloves garlic, peeled and minced => garlic and [15.0g, FDC local:garlic] | 1 thumb-size ginger, peeled and julienned => -size ginger and [15.0g, FDC local:ginger] | 1 tablespoon fish sauce => fish sauce [15.0g, FDC local:fish sauce] | 4 cups coconut milk => coconut milk [960.0g, FDC local:coconut milk] | 1 cup coconut cream => coconut cream [240.0g, FDC local:coconut cream]"
ph_525,436,72.4,6.3,11.8,1.5,789,1.7,local_reference_ingredient_sum_draft,api_estimate,pending_review,"Draft only: summed local reference ingredient profiles and divided by source_servings=4. Reviewer must verify ingredient matches, edible yield, oil absorption, and serving size before marking reviewed.",draft_partial_match,7,"4 cups water (ignored seasoning/water) | 1 large upo, peeled and cut into 2-inch wedges (about 2 cups) (no FDC match for upo and) | salt and pepper to taste (ignored seasoning/water)","1 tablespoon canola oil => cooking oil [13.6g, FDC local:cooking oil] | 1 onion, peeled and sliced thinly => onion and thinly [110.0g, FDC local:onion] | 3 cloves garlic, peeled and minced => garlic and [9.0g, FDC local:garlic] | 2 thumb-sized ginger, peeled and julienned => -sized ginger and [30.0g, FDC local:ginger] | 2 pounds bone-in chicken, cut into 3-inch pieces => bone-in chicken [907.2g, FDC local:chicken] | 2 tablespoons fish sauce => fish sauce [30.0g, FDC local:fish sauce] | 1 bunch fresh spinach leaves, stems trimmed => spinach leaves stems trimmed [150.0g, FDC local:spinach]"
ph_526,908,90.9,11.9,51.4,1.6,842,2.5,local_reference_ingredient_sum_draft,api_estimate,pending_review,"Draft only: summed local reference ingredient profiles and divided by source_servings=4. Reviewer must verify ingredient matches, edible yield, oil absorption, and serving size before marking reviewed.",draft_partial_match,7,water (ignored seasoning/water) | salt to taste (ignored seasoning/water) | green onion (missing quantity) | 1/2 cup canola oil (ignored frying oil reserve),"3 pounds bone-in beef shanks => bone-in beef shanks [1360.8g, FDC local:beef] | 1 onion => onion [110.0g, FDC local:onion] | 1 tablespoon peppercorns => peppercorns [8.0g, FDC local:corn] | 2 tablespoons fish sauce => fish sauce [30.0g, FDC local:fish sauce] | 1 napa cabbage => napa cabbage [100.0g, FDC local:cabbage] | 1 package (16 ounces) fresh egg noodles => package egg noodles [50.0g, FDC local:noodles] | 1 head garlic, peeled and minced => garlic and [50.0g, FDC local:garlic]"
ph_527,149,18.0,6.4,6.1,1.2,397,3.5,local_reference_ingredient_sum_draft,api_estimate,pending_review,"Draft only: summed local reference ingredient profiles and divided by source_servings=4. Reviewer must verify ingredient matches, edible yield, oil absorption, and serving size before marking reviewed.",draft_partial_match,8,4 medium ampalaya (no FDC match for ampalaya) | 1 cup water (ignored seasoning/water) | salt and pepper to taste (ignored seasoning/water),"1 tablespoon canola oil => cooking oil [13.6g, FDC local:cooking oil] | 1 onion, peeled and thinly sliced => onion and thinly [110.0g, FDC local:onion] | 2 cloves garlic, peeled and minced => garlic and [6.0g, FDC local:garlic] | 2 large Roma tomatoes, chopped => roma tomatoes [240.0g, FDC local:tomato] | 1 tablespoon fish sauce => fish sauce [15.0g, FDC local:fish sauce] | 1/2 pound medium shrimp, peeled and deveined => shrimp and deveined [226.8g, FDC local:shrimp] | 2 eggs, beaten => eggs beaten [100.0g, FDC local:egg] | 1/2 teaspoon sugar => sugar [2.1g, FDC local:sugar]"
ph_529,649,63.4,14.3,35.4,1.7,1113,9.7,local_reference_ingredient_sum_draft,api_estimate,pending_review,"Draft only: summed local reference ingredient profiles and divided by source_servings=4. Reviewer must verify ingredient matches, edible yield, oil absorption, and serving size before marking reviewed.",draft_partial_match,9,2 bay leaves (no FDC match for bay leaves) | 2 cups water (ignored seasoning/water) | salt to taste (ignored seasoning/water),"1 tablespoon canola oil => cooking oil [13.6g, FDC local:cooking oil] | 1 onion, peeled and sliced => onion and [110.0g, FDC local:onion] | 4 cloves garlic, peeled and minced => garlic and [12.0g, FDC local:garlic] | 2 pounds pork shanks or hocks, cut 2-inch thick => pork shanks or hocks cut -inch thick [907.2g, FDC local:pork] | 1/4 teaspoon peppercorns, cracked => peppercorns cracked [0.7g, FDC local:corn] | 1 cup vinegar => vinegar [140.0g, FDC local:vinegar] | 1/2 cup soy sauce => soy sauce [70.0g, FDC local:soy sauce] | 1/4 cup brown sugar => brown sugar [31.2g, FDC local:sugar] | 1/2 cup dried banana blossoms (lily buds) => dried banana blossoms [70.0g, FDC local:banana blossom]"
ph_530,941,92.1,19.7,52.0,3.0,862,6.5,local_reference_ingredient_sum_draft,api_estimate,pending_review,"Draft only: summed local reference ingredient profiles and divided by source_servings=4. Reviewer must verify ingredient matches, edible yield, oil absorption, and serving size before marking reviewed.",draft_partial_match,7,"cold water (missing quantity) | salt to taste (ignored seasoning/water) | fish sauce to taste (ignored seasoning/water) | calamansi juice to taste (ignored seasoning/water) | Thai chili peppers, chopped (missing quantity)","3 pounds bone-in beef shanks => bone-in beef shanks [1360.8g, FDC local:beef] | 1 large onion, peeled and quartered => onion and quartered [110.0g, FDC local:onion] | 2 tablespoons fish sauce => fish sauce [30.0g, FDC local:fish sauce] | 1 tablespoon peppercorns => peppercorns [8.0g, FDC local:corn] | 2 corn, husked and cut into halves => corn husked and [200.0g, FDC local:corn] | 1 bunch pechay, leaves separated => bok choy leaves separated [150.0g, FDC local:bok choy] | 2 green onions, stemmed and cut into halves => onions stemmed and [220.0g, FDC local:onion]"
ph_531,1186,104.8,27.4,72.0,5.1,834,7.2,local_reference_ingredient_sum_draft,api_estimate,pending_review,"Draft only: summed local reference ingredient profiles and divided by source_servings=4. Reviewer must verify ingredient matches, edible yield, oil absorption, and serving size before marking reviewed.",draft_partial_match,11,salt and pepper to taste (ignored seasoning/water) | shrimp paste (missing quantity),"3 pounds pork shanks, cut into 2-inch thickness => pork shanks [1360.8g, FDC local:pork] | 2 large eggplant, ends trimmed and cut into 1-inch thick => eggplant ends trimmed and [100.0g, FDC local:eggplant] | 1 bundle long beans, sitaw, cut into 3-inch lengths => beans yardlong beans [150.0g, FDC local:yardlong beans] | 1 bundle pechay, ends trimmed and leaves separated => bok choy ends trimmed and leaves separated [150.0g, FDC local:bok choy] | 1/4 cup rice flour => rice flour [60.0g, FDC local:flour] | 1 1/2 tablespoons annatto powder => annatto powder [12.0g, FDC local:annatto oil] | 1 cup peanut butter => peanut butter [140.0g, FDC local:peanut butter] | 1 tablespoon canola oil => cooking oil [13.6g, FDC local:cooking oil] | 1 medium onion, peeled and sliced thinly => onion and thinly [110.0g, FDC local:onion] | 3 cloves garlic, peeled and minced => garlic and [9.0g, FDC local:garlic] | 2 tablespoons fish sauce => fish sauce [30.0g, FDC local:fish sauce]"
ph_532,442,19.7,24.4,32.8,6.4,382,9.2,local_reference_ingredient_sum_draft,api_estimate,pending_review,"Draft only: summed local reference ingredient profiles and divided by source_servings=4. Reviewer must verify ingredient matches, edible yield, oil absorption, and serving size before marking reviewed.",draft_partial_match,8,2 finger chili peppers (no FDC match for finger chili peppers) | salt to taste (ignored seasoning/water),"1 tablespoon canola oil => cooking oil [13.6g, FDC local:cooking oil] | 1 onion, peeled and chopped => onion and [110.0g, FDC local:onion] | 3 cloves garlic, peeled and minced => garlic and [9.0g, FDC local:garlic] | 1 tablespoon fish sauce => fish sauce [15.0g, FDC local:fish sauce] | 2 cups coconut milk => coconut milk [480.0g, FDC local:coconut milk] | 2 cups kalabasa (kabocha squash), pared, seeded and cut into 2-inch chunks => squash pared seeded and [280.0g, FDC local:squash] | 2 cups sitaw (long beans), ends trimmed and cut into 3-inch lengths => yardlong beans ends trimmed and [280.0g, FDC local:yardlong beans] | 1/2 pound large shrimp, tendrils trimmed => shrimp tendrils trimmed [226.8g, FDC local:shrimp]"
ph_535,191,18.3,16.6,5.6,1.5,66,2.1,local_reference_ingredient_sum_draft,api_estimate,pending_review,"Draft only: summed local reference ingredient profiles and divided by source_servings=4. Reviewer must verify ingredient matches, edible yield, oil absorption, and serving size before marking reviewed.",draft_partial_match,6,"2 pieces Chinese sausage, sliced thin in a bias (no FDC match for chinese sausage thin in a bias) | 1 head broccoli, cut into florets (no FDC match for broccoli) | fried garlic bits (missing quantity) | green onions, chopped (missing quantity) | calamansi, halved (missing quantity)","2 packs Lucky Me Instant Pancit Canton or Indomie instant ramen noodles => packs lucky me instant pancit canton or indomie instant ramen noodles [200.0g, FDC local:noodles] | 1 tablespoon canola oil => cooking oil [13.6g, FDC local:cooking oil] | 1 onion, peeled and chopped => onion and [110.0g, FDC local:onion] | 1/4 pound boneless chicken breast, sliced thinly => boneless chicken breast thinly [113.4g, FDC local:chicken] | 1/4 pound shrimp, peeled and deveined => shrimp and deveined [113.4g, FDC local:shrimp] | 1 large carrot, peeled and julienned => carrot and [60.0g, FDC local:carrot]"
ph_536,56,1.3,5.3,3.6,0.8,483,1.3,local_reference_ingredient_sum_draft,api_estimate,pending_review,"Draft only: summed local reference ingredient profiles and divided by source_servings=4. Reviewer must verify ingredient matches, edible yield, oil absorption, and serving size before marking reviewed.",draft_partial_match,5,"2 tablespoons butter (no FDC match for butter) | 2 pounds oysters, (meat only), drained well (no FDC match for oysters drained well) | pepper to taste (ignored seasoning/water) | 1/4 cup calamansi juice (no FDC match for calamansi juice) | salt to taste (ignored seasoning/water)","1 tablespoon canola oil => cooking oil [13.6g, FDC local:cooking oil] | 1 onion, peeled and chopped => onion and [110.0g, FDC local:onion] | 4 cloves garlic, peeled and minced => garlic and [12.0g, FDC local:garlic] | 2 thumb size ginger, peeled and julienned => size ginger and [30.0g, FDC local:ginger] | 1/4 cup soy sauce => soy sauce [35.0g, FDC local:soy sauce]"
ph_537,271,24.6,7.5,15.0,2.3,391,3.9,local_reference_ingredient_sum_draft,api_estimate,pending_review,"Draft only: summed local reference ingredient profiles and divided by source_servings=4. Reviewer must verify ingredient matches, edible yield, oil absorption, and serving size before marking reviewed.",draft_partial_match,7,"6 cups water (ignored seasoning/water) | 2 cups kamias (no FDC match for kamias) | 1 banana chili (no FDC match for banana chili) | 1 cup labanos (radish), peeled and cut into chunks (no FDC match for labanos and) | 1 cup long beans, ends trimmed and cut into 3-inch lengths (no FDC match for beans ends trimmed and) | salt to taste (ignored seasoning/water)","1 tablespoon fish sauce => fish sauce [15.0g, FDC local:fish sauce] | 1 small onion, peeled and quartered => onion and quartered [110.0g, FDC local:onion] | 2 medium tomatoes, quartered => tomatoes quartered [240.0g, FDC local:tomato] | 1 pound salmon belly, scaled and cut into pieces => salmon belly scaled and [453.6g, FDC local:salmon] | 1 eggplant, stemmed and cut into chunks => eggplant stemmed and [50.0g, FDC local:eggplant] | 4 pieces okra, ends trimmed => okra ends trimmed [48.0g, FDC local:okra] | 1 bunch bok choy => bok choy [150.0g, FDC local:bok choy]"
ph_539,959,94.0,9.7,58.0,1.3,696,2.5,local_reference_ingredient_sum_draft,api_estimate,pending_review,"Draft only: summed local reference ingredient profiles and divided by source_servings=4. Reviewer must verify ingredient matches, edible yield, oil absorption, and serving size before marking reviewed.",draft_partial_match,6,1/2 cup calamansi or lemon juice (no FDC match for calamansi or lemon juice) | 1/4 teaspoon pepper (no FDC match for pepper) | 1 cup water (ignored seasoning/water) | salt to taste (ignored seasoning/water),"3 pounds bone-in pork chops, about 1/4 inch thick => bone-in pork chops about inch thick [1360.8g, FDC local:pork] | 1/4 cup soy sauce => soy sauce [35.0g, FDC local:soy sauce] | 1 large onion, peeled and sliced thinly => onion and thinly [110.0g, FDC local:onion] | 1 head garlic, peeled and minced => garlic and [50.0g, FDC local:garlic] | 3 tablespoons canola oil => cooking oil [40.8g, FDC local:cooking oil] | 1 small onion, peeled and sliced into rings => onion and into rings [110.0g, FDC local:onion]"
ph_540,220,28.5,6.0,9.8,1.2,426,2.2,local_reference_ingredient_sum_draft,api_estimate,pending_review,"Draft only: summed local reference ingredient profiles and divided by source_servings=4. Reviewer must verify ingredient matches, edible yield, oil absorption, and serving size before marking reviewed.",draft_partial_match,7,2 Thai chili peppers or Finger chili peppers (no FDC match for thai chili peppers or finger chili peppers) | salt and pepper to taste (ignored seasoning/water),"1 tablespoon canola oil => cooking oil [13.6g, FDC local:cooking oil] | 1 onion, peeled and chopped => onion and [110.0g, FDC local:onion] | 1 thumb-size ginger, peeled and julienned => -size ginger and [15.0g, FDC local:ginger] | 4 cloves garlic, peeled and minced => garlic and [12.0g, FDC local:garlic] | 1 tablespoon fish sauce => fish sauce [15.0g, FDC local:fish sauce] | 1 can (13.5 ounces) coconut milk => can coconut milk [100.0g, FDC local:coconut milk] | 1 pound large shrimps, tendrils trimmed => shrimps tendrils trimmed [453.6g, FDC local:shrimp]"
ph_541,410,38.0,17.2,21.2,2.6,409,5.0,local_reference_ingredient_sum_draft,api_estimate,pending_review,"Draft only: summed local reference ingredient profiles and divided by source_servings=4. Reviewer must verify ingredient matches, edible yield, oil absorption, and serving size before marking reviewed.",draft_partial_match,9,"1/2 cup water (ignored seasoning/water) | 1 bay leaf (no FDC match for bay leaf) | salt and pepper to taste (ignored seasoning/water) | 2 Thai chili peppers, stemmed and minced (no FDC match for thai chili peppers stemmed and)","2 pounds squid => squid [907.2g, FDC local:squid] | 4 cloves garlic, peeled and chopped => garlic and [12.0g, FDC local:garlic] | 1/2 cup vinegar => vinegar [70.0g, FDC local:vinegar] | 1 tablespoon canola oil => cooking oil [13.6g, FDC local:cooking oil] | 1 onion, peeled and sliced thinly => onion and thinly [110.0g, FDC local:onion] | 1 thumb-sized ginger, peeled and julienned => -sized ginger and [15.0g, FDC local:ginger] | 2 large Roma tomatoes, chopped => roma tomatoes [240.0g, FDC local:tomato] | 1 tablespoon fish sauce => fish sauce [15.0g, FDC local:fish sauce] | 1 cup coconut milk => coconut milk [240.0g, FDC local:coconut milk]"
ph_542,55,2.6,5.5,2.3,0.5,412,1.1,local_reference_ingredient_sum_draft,api_estimate,pending_review,"Draft only: summed local reference ingredient profiles and divided by source_servings=6. Reviewer must verify ingredient matches, edible yield, oil absorption, and serving size before marking reviewed.",draft_partial_match,6,"2 pounds pig face (snouts, ears, and jowls) (no FDC match for pig face) | 2 bay leaves (no FDC match for bay leaves) | 1 tablespoon salt (ignored seasoning/water) | water (ignored seasoning/water) | 6 Thai chili peppers, stemmed and minced (no FDC match for thai chili peppers stemmed and) | 1/2 cup calamansi juice (no FDC match for calamansi juice) | 1 tablespoon Liquid seasoning (I used Maggi) (no FDC match for liquid seasoning) | pepper to taste (ignored seasoning/water)","1 cup vinegar => vinegar [140.0g, FDC local:vinegar] | 1/4 cup soy sauce => soy sauce [35.0g, FDC local:soy sauce] | 1 head garlic, peeled and crushed => garlic and [50.0g, FDC local:garlic] | 1 teaspoon whole peppercorns => peppercorns [2.7g, FDC local:corn] | 1 large onion, peeled and diced => onion and [110.0g, FDC local:onion] | 1/2 cup liver spread => liver spread [70.0g, FDC local:liver spread]"
ph_544,372,7.8,9.9,33.9,2.6,322,3.8,local_reference_ingredient_sum_draft,api_estimate,pending_review,"Draft only: summed local reference ingredient profiles and divided by source_servings=4. Reviewer must verify ingredient matches, edible yield, oil absorption, and serving size before marking reviewed.",draft_partial_match,9,"2 cups water (ignored seasoning/water) | 1/2 bunch long beans, ends trimmed and cut into 3-inch lengths (no FDC match for beans ends trimmed and) | 1 medium ampalaya (bittermelon), seeded, halved and cut into 1-inch thick (no FDC match for ampalaya seeded halved and) | salt and pepper to taste (ignored seasoning/water)","1 tablespoon canola oil => cooking oil [13.6g, FDC local:cooking oil] | 1 onion, peeled and chopped => onion and [110.0g, FDC local:onion] | 2 cloves garlic, peeled and minced => garlic and [6.0g, FDC local:garlic] | 1/2 pound pork belly, cut into 1-inch cubes => pork belly [226.8g, FDC local:pork belly] | 1 tablespoon shrimp paste => shrimp paste [17.0g, FDC local:shrimp paste] | 2 Roma tomatoes, chopped => roma tomatoes [240.0g, FDC local:tomato] | 1/2 small kalabasa, peeled and cut into pieces => squash and [50.0g, FDC local:squash] | 8 okra, ends trimmed => okra ends trimmed [96.0g, FDC local:okra] | 1 large eggplant, ends trimmed and cut into 1-inch thick => eggplant ends trimmed and [50.0g, FDC local:eggplant]"
ph_546,882,16.3,22.5,80.5,4.4,76,2.8,local_reference_ingredient_sum_draft,api_estimate,pending_review,"Draft only: summed local reference ingredient profiles and divided by source_servings=6. Reviewer must verify ingredient matches, edible yield, oil absorption, and serving size before marking reviewed.",draft_partial_match,7,"salt and pepper to taste (ignored seasoning/water) | 8 cups water (ignored seasoning/water) | 1 (6-inch) radish, peeled and sliced to 1/2-inch thick half-rounds (no FDC match for radish and to -inch thick half-rounds) | 1/2 bunch long beans, ends trimmed and cut into 3-inch lengths (no FDC match for beans ends trimmed and) | 2 banana or finger chilies (no FDC match for banana or finger chilies) | 15 large tamarind pods or 1 1/2 packages (1.41 ounces each) tamarind base powder (no FDC match for tamarind pods or packages tamarind base powder)","2 pounds pork belly, sliced into 1/2-thick strips => pork belly into -thick strips [907.2g, FDC local:pork belly] | 1 medium onion, peeled and quartered => onion and quartered [110.0g, FDC local:onion] | 2 large tomatoes, quartered => tomatoes quartered [240.0g, FDC local:tomato] | 4 pieces gabi, peeled and halved => gabi and halved [400.0g, FDC local:taro] | 1 eggplant, ends trimmed and sliced to 1/2-inch thick half-rounds => eggplant ends trimmed and to -inch thick half-rounds [50.0g, FDC local:eggplant] | 6 pieces okra, ends trimmed => okra ends trimmed [72.0g, FDC local:okra] | 1 bunch bok choy, ends trimmed and separated into leaves => bok choy ends trimmed and separated into leaves [150.0g, FDC local:bok choy]"
ph_547,445,59.7,15.4,17.0,3.2,1446,4.9,local_reference_ingredient_sum_draft,api_estimate,pending_review,"Draft only: summed local reference ingredient profiles and divided by source_servings=4. Reviewer must verify ingredient matches, edible yield, oil absorption, and serving size before marking reviewed.",draft_partial_match,7,"6 cups water (ignored seasoning/water) | 1 package (1.4 ounces) tamarind base (no FDC match for package tamarind base) | 1 tablespoon fish sauce to taste (ignored seasoning/water) | 1 radish, labanos, peeled and cut into 1/-inch thick wedges (no FDC match for radish labanos and) | 1 bunch mustard leaves, ends trimmed and cut into 4-inch lengths (no FDC match for mustard leaves ends trimmed and) | salt to taste (ignored seasoning/water)","1 tablespoon canola oil => cooking oil [13.6g, FDC local:cooking oil] | 1 onion, peeled and chopped => onion and [110.0g, FDC local:onion] | 3 cloves garlic, peeled and minced => garlic and [9.0g, FDC local:garlic] | 1 thumb-size ginger, peeled and julienned => -size ginger and [15.0g, FDC local:ginger] | 2 tomatoes, chopped => tomatoes [240.0g, FDC local:tomato] | 1 cup miso soy paste => soybean paste soy paste [140.0g, FDC local:soybean paste] | 2 pounds (about 2 pounds) whole catfish, cleaned, gutted, and cut into parts => catfish gutted and [907.2g, FDC local:fish]"
ph_548,77,7.5,9.1,1.4,1.0,499,5.2,local_reference_ingredient_sum_draft,api_estimate,pending_review,"Draft only: summed local reference ingredient profiles and divided by source_servings=4. Reviewer must verify ingredient matches, edible yield, oil absorption, and serving size before marking reviewed.",draft_partial_match,9,"1/4 cup salt (no FDC match for salt) | 5 calamansi, cut into halves (no FDC match for calamansi) | canola oil (missing quantity) | 1/2 cup water (ignored seasoning/water) | 2 bay leaves (no FDC match for bay leaves) | 1 whole star anise (no FDC match for star anise) | fried garlic bits (missing quantity) | green onions, chopped (missing quantity)","1 (about 2 pounds) whole catfish, cleaned and gutted => catfish and gutted [100.0g, FDC local:fish] | 1/4 cup soy sauce => soy sauce [35.0g, FDC local:soy sauce] | 4 cloves garlic => garlic [12.0g, FDC local:garlic] | 1/4 teaspoon peppercorns, cracked => peppercorns cracked [0.7g, FDC local:corn] | 1 onion, peeled and sliced thinly => onion and thinly [110.0g, FDC local:onion] | 1 thumb-sized ginger, peeled and julienned => -sized ginger and [15.0g, FDC local:ginger] | 1 large Roma tomato, chopped => roma tomato [120.0g, FDC local:tomato] | 1/4 cup vinegar => vinegar [35.0g, FDC local:vinegar] | 1 tablespoon sugar => sugar [12.5g, FDC local:sugar]"
ph_549,601,61.0,7.1,34.3,2.1,483,3.7,local_reference_ingredient_sum_draft,api_estimate,pending_review,"Draft only: summed local reference ingredient profiles and divided by source_servings=4. Reviewer must verify ingredient matches, edible yield, oil absorption, and serving size before marking reviewed.",draft_partial_match,5,"8 cups water (ignored seasoning/water) | 1 pound (about 10 to 12 pieces) large ripe and semi-ripe guavas, peeled, quartered, and seeded (no FDC match for and semi- guavas quartered and seeded) | salt and pepper to taste (ignored seasoning/water)","2 pounds boneless beef shanks, cut into serving pieces => boneless beef shanks [907.2g, FDC local:beef] | 1 onion, peeled and quartered => onion and quartered [110.0g, FDC local:onion] | 1 tablespoon fish sauce => fish sauce [15.0g, FDC local:fish sauce] | 3 Roma tomatoes, chopped => roma tomatoes [360.0g, FDC local:tomato] | 1 small bunch kangkong => kangkong [100.0g, FDC local:spinach]"
ph_550,31,0.8,5.5,0.1,0.8,396,2.3,local_reference_ingredient_sum_draft,api_estimate,pending_review,"Draft only: summed local reference ingredient profiles and divided by source_servings=6. Reviewer must verify ingredient matches, edible yield, oil absorption, and serving size before marking reviewed.",draft_partial_match,5,"3 pounds goat head and feet (or other parts), cut into serving pieces (no FDC match for goat and feet) | salt (ignored seasoning/water) | water (ignored seasoning/water) | 1 pound unripe tamarind (no FDC match for unripe tamarind) | 5 finger chili peppers (no FDC match for finger chili peppers) | salt to taste (ignored seasoning/water)","2 cups vinegar => vinegar [280.0g, FDC local:vinegar] | 1 onion, peeled and quartered => onion and quartered [110.0g, FDC local:onion] | 2 thumb-size ginger, pounded => -size ginger [30.0g, FDC local:ginger] | 2 tablespoons fish sauce => fish sauce [30.0g, FDC local:fish sauce] | 1 bunch green onions, stemmed and chopped => onions stemmed and [150.0g, FDC local:onion]"
ph_551,439,25.4,7.7,35.1,1.9,382,3.3,local_reference_ingredient_sum_draft,api_estimate,pending_review,"Draft only: summed local reference ingredient profiles and divided by source_servings=4. Reviewer must verify ingredient matches, edible yield, oil absorption, and serving size before marking reviewed.",draft_partial_match,7,"4 Thai chili peppers, stemmed and chopped (no FDC match for thai chili peppers stemmed and) | 1 pound green beans, ends trimmed and sliced thinly (no FDC match for beans ends trimmed and thinly) | salt and pepper to taste (ignored seasoning/water)","1 pound boneless bangus belly => boneless milkfish belly [453.6g, FDC local:milkfish] | 2 tablespoons canola oil => cooking oil [27.2g, FDC local:cooking oil] | 1 onion, peeled and sliced thinly => onion and thinly [110.0g, FDC local:onion] | 3 cloves garlic, peeled and minced => garlic and [9.0g, FDC local:garlic] | 1 thumb-size ginger, peeled and julienned => -size ginger and [15.0g, FDC local:ginger] | 1 tablespoon sauteed shrimp paste => sauteed shrimp paste [17.0g, FDC local:shrimp paste] | 1 cup coconut milk => coconut milk [240.0g, FDC local:coconut milk]"
ph_552,999,104.6,12.8,55.2,0.5,464,4.1,local_reference_ingredient_sum_draft,api_estimate,pending_review,"Draft only: summed local reference ingredient profiles and divided by source_servings=8. Reviewer must verify ingredient matches, edible yield, oil absorption, and serving size before marking reviewed.",draft_partial_match,11,"water (ignored seasoning/water) | 1/4 teaspoon MSG (no FDC match for msg) | rock salt and pepper (ignored seasoning/water) | pork cracklings (chicharon), crushed (missing quantity) | fried garlic bits (missing quantity) | green onions (missing quantity)","3 pounds pork bones => pork bones [1360.8g, FDC local:pork] | 2 pounds beef bones, with marrow => beef bones with marrow [907.2g, FDC local:beef] | 1/2 pound pork shoulder => pork shoulder [226.8g, FDC local:pork] | 1/2 pound pork intestines, cleaned => pork intestines [226.8g, FDC local:pork] | 1/2 pound pork liver => pork liver [226.8g, FDC local:liver] | 1 red onion, peeled and minced => onion and [110.0g, FDC local:onion] | 2 cloves garlic, peeled and minced => garlic and [6.0g, FDC local:garlic] | 1 tablespoon sauteed shrimp paste => sauteed shrimp paste [17.0g, FDC local:shrimp paste] | 2 tablespoons sugar => sugar [25.0g, FDC local:sugar] | 2 package (16 ounces each) fresh miki noodles => package miki noodles [200.0g, FDC local:noodles] | 8 whole raw eggs, optional => eggs [400.0g, FDC local:egg]"
ph_553,78,2.3,10.6,3.7,3.3,597,4.3,local_reference_ingredient_sum_draft,api_estimate,pending_review,"Draft only: summed local reference ingredient profiles and divided by source_servings=4. Reviewer must verify ingredient matches, edible yield, oil absorption, and serving size before marking reviewed.",draft_partial_match,9,"1 1/2 cups water (no FDC match for water) | 1/2 bunch long beans (sitaw), ends trimmed and cut into 3-inch lengths (no FDC match for beans ends trimmed and) | salt and pepper to taste (ignored seasoning/water) | 2 cups lechon kawali, cut into 1 1/2-inch pieces (no FDC match for lechon kawali)","1 tablespoon canola oil => cooking oil [13.6g, FDC local:cooking oil] | 1 onion, peeled and chopped => onion and [110.0g, FDC local:onion] | 2 cloves garlic, peeled and minced => garlic and [6.0g, FDC local:garlic] | 2 tablespoons fish sauce => fish sauce [30.0g, FDC local:fish sauce] | 2 large tomatoes, chopped => tomatoes [240.0g, FDC local:tomato] | 1/2 small kalabasa (kabocha), peeled and cut into pieces => squash and [50.0g, FDC local:squash] | 8 okra, ends trimmed => okra ends trimmed [96.0g, FDC local:okra] | 1 large bitter melon, seeded, halved, and cut into 1-inch thick => bitter melon seeded halved and [100.0g, FDC local:bitter melon] | 1 large eggplant, stemmed and cut into 1-inch thick => eggplant stemmed and [50.0g, FDC local:eggplant]"
ph_554,147,2.6,0.0,15.0,0.0,9,0.0,local_reference_ingredient_sum_draft,api_estimate,pending_review,"Draft only: summed local reference ingredient profiles and divided by source_servings=8. Reviewer must verify ingredient matches, edible yield, oil absorption, and serving size before marking reviewed.",draft_partial_match,1,2 1/2 pounds (about 7 to 8 pieces) tulingan (bullet tuna) (no FDC match for tulingan) | rock salt (ignored seasoning/water) | 1 cup dried kamias (kalamyas or bilimbi) (no FDC match for dried kamias) | 1/2 cup sukang irok (kaong palm vinegar) (no FDC match for sukang irok) | water (ignored seasoning/water),"1/2 pound pork belly => pork belly [226.8g, FDC local:pork belly]"
ph_556,256,24.9,15.4,10.0,1.3,163,1.7,local_reference_ingredient_sum_draft,api_estimate,pending_review,"Draft only: summed local reference ingredient profiles and divided by source_servings=12. Reviewer must verify ingredient matches, edible yield, oil absorption, and serving size before marking reviewed.",draft_partial_match,12,"1 teaspoon salt (ignored seasoning/water) | 2 bay leaves (no FDC match for bay leaves) | 1/4 cup oyster sauce (no FDC match for oyster sauce) | 2 tablespoons sesame oil (no FDC match for sesame oil) | 1 cup green beans, cut thinly on a bias (no FDC match for beans cut thinly on a bias)","1 pound boneless, skinless chicken breasts => boneless skinless chicken breasts [453.6g, FDC local:chicken] | 1 onion, peeled and quartered => onion and quartered [110.0g, FDC local:onion] | 1 teaspoon peppercorns => peppercorns [2.7g, FDC local:corn] | 4 ounces cellophane noodles (sotanghon) => cellophane noodles [113.4g, FDC local:noodles] | 2 tablespoons vegetable oil => cooking oil [27.2g, FDC local:cooking oil] | 1 onion, peeled and chopped => onion and [110.0g, FDC local:onion] | 3 cloves garlic, peeled and minced => garlic and [9.0g, FDC local:garlic] | 1 pound ground pork => pork [453.6g, FDC local:pork] | 1 cup carrots, peeled and julienned => carrots and [140.0g, FDC local:carrot] | 1/2 small cabbage, sliced thinly => cabbage thinly [50.0g, FDC local:cabbage] | 2 cups broth (reserved from poaching the chicken) => broth [480.0g, FDC local:broth] | 16 ounces fresh miki noodles (thin and flat) => miki noodles [453.6g, FDC local:noodles]"
ph_558,235,2.8,7.3,23.5,2.1,211,3.5,local_reference_ingredient_sum_draft,api_estimate,pending_review,"Draft only: summed local reference ingredient profiles and divided by source_servings=6. Reviewer must verify ingredient matches, edible yield, oil absorption, and serving size before marking reviewed.",draft_partial_match,5,"canola oil (missing quantity) | 8 pieces danggit (no FDC match for danggit) | 3 pieces Thai chili peppers, minced (no FDC match for thai chili peppers) | 2 (16 ounces each) packages frozen green langka, thawed and drained well (no FDC match for packages langka thawed and drained well) | salt and pepper to taste (ignored seasoning/water)","1 onion, peeled and chopped => onion and [110.0g, FDC local:onion] | 4 cloves garlic, peeled and minced => garlic and [12.0g, FDC local:garlic] | 1 tablespoon fish sauce => fish sauce [15.0g, FDC local:fish sauce] | 1 cup coconut milk => coconut milk [240.0g, FDC local:coconut milk] | 1 cup coconut cream => coconut cream [240.0g, FDC local:coconut cream]"
ph_559,339,7.9,7.7,30.7,1.6,617,4.0,local_reference_ingredient_sum_draft,api_estimate,pending_review,"Draft only: summed local reference ingredient profiles and divided by source_servings=4. Reviewer must verify ingredient matches, edible yield, oil absorption, and serving size before marking reviewed.",draft_partial_match,8,"canola oil (missing quantity) | 1 cup water (ignored seasoning/water) | 1 Thai chili pepper, minced (no FDC match for thai chili pepper) | salt and pepper to taste (ignored seasoning/water)","2 large eggplant, stems trimmed and cut into 2-inch lengths => eggplant stems trimmed and [100.0g, FDC local:eggplant] | 1 small onion, peeled and sliced thinly => onion and thinly [110.0g, FDC local:onion] | 2 cloves garlic, peeled and minced => garlic and [6.0g, FDC local:garlic] | 1/2 pound pork belly, cut into 1-inch cubes => pork belly [226.8g, FDC local:pork belly] | 2 tablespoons shrimp paste => shrimp paste [34.0g, FDC local:shrimp paste] | 1 large tomato, chopped => tomato [120.0g, FDC local:tomato] | 1/4 cup vinegar => vinegar [35.0g, FDC local:vinegar] | 1 teaspoon sugar => sugar [4.2g, FDC local:sugar]"
ph_560,509,22.6,5.6,42.8,0.4,274,1.0,local_reference_ingredient_sum_draft,api_estimate,pending_review,"Draft only: summed local reference ingredient profiles and divided by source_servings=6. Reviewer must verify ingredient matches, edible yield, oil absorption, and serving size before marking reviewed.",draft_partial_match,6,"salt and pepper to taste (ignored seasoning/water) | 1 tablespoon oil (no FDC match for oil) | 1 cup water (ignored seasoning/water) | 2 bay leaves (no FDC match for bay leaves) | 1 large labanos, peeled and cut into 1/2-inch strips (no FDC match for labanos and)","1 pound pork belly, cut into 1/2-inch strips => pork belly [453.6g, FDC local:pork belly] | 1 pound pork liver, cut into 1/2-inch strips => pork liver [453.6g, FDC local:liver] | 1 cup vinegar => vinegar [140.0g, FDC local:vinegar] | 1 onion, peeled and sliced thinly => onion and thinly [110.0g, FDC local:onion] | 4 cloves garlic, peeled and minced => garlic and [12.0g, FDC local:garlic] | 1 tablespoon fish sauce => fish sauce [15.0g, FDC local:fish sauce]"
ph_562,397,7.8,11.5,37.0,4.2,239,3.9,local_reference_ingredient_sum_draft,api_estimate,pending_review,"Draft only: summed local reference ingredient profiles and divided by source_servings=6. Reviewer must verify ingredient matches, edible yield, oil absorption, and serving size before marking reviewed.",draft_partial_match,9,6 cups water (ignored seasoning/water) | salt and pepper to taste (ignored seasoning/water),"1 cup dry mung beans => dry mung beans [140.0g, FDC local:mung beans] | 1 tablespoon canola oil => cooking oil [13.6g, FDC local:cooking oil] | 1 onion, peeled and sliced thinly => onion and thinly [110.0g, FDC local:onion] | 2 cloves garlic, peeled and minced => garlic and [6.0g, FDC local:garlic] | 1/2 pound pork butt or pork belly, diced => pork butt or pork belly [226.8g, FDC local:pork belly] | 1 large tomato, chopped => tomato [120.0g, FDC local:tomato] | 1 tablespoon fish sauce => fish sauce [15.0g, FDC local:fish sauce] | 1 1/2 cups coconut milk => coconut milk [360.0g, FDC local:coconut milk] | 1 bunch fresh spinach, stems trimmed => spinach stems trimmed [150.0g, FDC local:spinach]"
ph_563,661,35.4,10.8,54.8,3.1,390,5.2,local_reference_ingredient_sum_draft,api_estimate,pending_review,"Draft only: summed local reference ingredient profiles and divided by source_servings=4. Reviewer must verify ingredient matches, edible yield, oil absorption, and serving size before marking reviewed.",draft_partial_match,7,"salt and pepper to taste (ignored seasoning/water) | 4 Thai chili peppers, ends trimmed and minced (no FDC match for thai chili peppers ends trimmed and) | 1 pound green beans, ends trimmed and cut into 1/4-inch thick (no FDC match for beans ends trimmed and)","1 tablespoon canola oil => cooking oil [13.6g, FDC local:cooking oil] | 1 onion, peeled and chopped => onion and [110.0g, FDC local:onion] | 2 cloves garlic, peeled and minced => garlic and [6.0g, FDC local:garlic] | 1 pound ground pork => pork [453.6g, FDC local:pork] | 1 tablespoon shrimp paste => shrimp paste [17.0g, FDC local:shrimp paste] | 1 cup coconut milk => coconut milk [240.0g, FDC local:coconut milk] | 1 cup coconut cream => coconut cream [240.0g, FDC local:coconut cream]"
ph_566,883,15.9,0.3,90.2,0.0,55,0.0,local_reference_ingredient_sum_draft,api_estimate,pending_review,"Draft only: summed local reference ingredient profiles and divided by source_servings=8. Reviewer must verify ingredient matches, edible yield, oil absorption, and serving size before marking reviewed.",draft_partial_match,2,1 tablespoon salt (ignored seasoning/water) | 1 teaspoon pepper (no FDC match for pepper),"3 pounds pork belly with ribs => pork belly with ribs [1360.8g, FDC local:pork belly] | 1 tablespoon garlic powder => garlic powder [8.0g, FDC local:garlic]"
ph_567,671,62.1,22.7,34.3,3.9,478,4.9,local_reference_ingredient_sum_draft,api_estimate,pending_review,"Draft only: summed local reference ingredient profiles and divided by source_servings=4. Reviewer must verify ingredient matches, edible yield, oil absorption, and serving size before marking reviewed.",draft_partial_match,10,1/4 cup oil (no FDC match for oil) | 2 cups water (ignored seasoning/water) | salt and pepper to taste (ignored seasoning/water),"2 medium potatoes, peeled and quartered => potatoes and quartered [340.0g, FDC local:potato] | 1 large carrot, peeled and cut into cubes => carrot and [60.0g, FDC local:carrot] | 1/2 green bell pepper, seeded and cut into 1-inch cubes => bell pepper seeded and [60.0g, FDC local:bell pepper] | 1/2 red bell pepper, seeded and cut into 1-inch cubes => bell pepper seeded and [60.0g, FDC local:bell pepper] | 2 pounds beef chuck, cut into 2- inch cubes => beef chuck [907.2g, FDC local:beef] | 1 onion, peeled and chopped => onion and [110.0g, FDC local:onion] | 4 cloves garlic, peeled and minced => garlic and [12.0g, FDC local:garlic] | 1 tablespoon fish sauce => fish sauce [15.0g, FDC local:fish sauce] | 1 can (15 ounces) crushed tomatoes => can tomatoes [120.0g, FDC local:tomato] | 1 tablespoon tomato paste => tomato paste [17.0g, FDC local:tomato]"
ph_568,560,60.2,13.8,29.4,2.8,708,4.0,local_reference_ingredient_sum_draft,api_estimate,pending_review,"Draft only: summed local reference ingredient profiles and divided by source_servings=6. Reviewer must verify ingredient matches, edible yield, oil absorption, and serving size before marking reviewed.",draft_partial_match,14,water (ignored seasoning/water) | canola oil (missing quantity) | 1 cup tinapa flakes (no FDC match for tinapa flakes) | fried garlic bits (missing quantity) | calamansi (missing quantity) | salt and pepper to taste (ignored seasoning/water),"1 package (16 ounces) thick cornstarch or rice noodle sticks => package thick cornstarch or rice noodle sticks [100.0g, FDC local:noodles] | 4 cups napa cabbage, shredded => napa cabbage shredded [560.0g, FDC local:cabbage] | 1/2 pound pork belly, diced => pork belly [226.8g, FDC local:pork belly] | 1/2 pound squid, cleaned and cut into rings => squid and [226.8g, FDC local:squid] | 1/2 pound large head-on shrimp => -on shrimp [226.8g, FDC local:shrimp] | 1 cup pork cracklings, crushed => pork cracklings [140.0g, FDC local:pork] | 4 hardboiled eggs, peeled and quartered => hardboiled eggs and quartered [200.0g, FDC local:egg] | 1/4 cup green onions, chopped => onions [35.0g, FDC local:onion] | 5 cups shrimp stock => shrimp stock [700.0g, FDC local:shrimp] | 1 tablespoon annatto powder => annatto powder [8.0g, FDC local:annatto oil] | 2 tablespoons shrimp base powder or 2 bouillon cubes => shrimp base powder or bouillon cubes [16.0g, FDC local:broth] | 2 tablespoons fish sauce => fish sauce [30.0g, FDC local:fish sauce] | 6 tablespoons cornstarch => cornstarch [48.0g, FDC local:corn] | 2 tablespoons crab fat => crab fat [16.0g, FDC local:crab]"
ph_570,238,27.4,14.6,7.5,0.7,66,4.3,local_reference_ingredient_sum_draft,api_estimate,pending_review,"Draft only: summed local reference ingredient profiles and divided by source_servings=8. Reviewer must verify ingredient matches, edible yield, oil absorption, and serving size before marking reviewed.",draft_partial_match,8,2 stalks lemongrass (no FDC match for stalks lemongrass) | 1/4 cup calamansi juice (no FDC match for calamansi juice) | 1 1/2 teaspoons salt (no FDC match for salt) | 1/2 teaspoon pepper (no FDC match for pepper) | 1 bay leaf (no FDC match for bay leaf),"1 head garlic, peeled and minced => garlic and [50.0g, FDC local:garlic] | 1 thumb-size ginger, peeled and grated => -size ginger and grated [15.0g, FDC local:ginger] | 1/2 cup palm vinegar => palm vinegar [70.0g, FDC local:vinegar] | 1/4 cup brown sugar => brown sugar [31.2g, FDC local:sugar] | 2 (about 3 to 4 pounds each) whole chicken, quartered => chicken quartered [200.0g, FDC local:chicken] | 1 pound chicken skins, bottoms, and/or fat => chicken skins bottoms and/or fat [453.6g, FDC local:chicken] | 1/4 cup annatto seeds => annatto seeds [35.0g, FDC local:annatto oil] | 2 garlic cloves, peeled and pounded => garlic and [200.0g, FDC local:garlic]"
ph_572,647,108.7,5.6,17.5,0.4,1282,0.4,local_reference_ingredient_sum_draft,api_estimate,pending_review,"Draft only: summed local reference ingredient profiles and divided by source_servings=4. Reviewer must verify ingredient matches, edible yield, oil absorption, and serving size before marking reviewed.",draft_partial_match,6,1 cup water (ignored seasoning/water) | 2 bay leaves (no FDC match for bay leaves) | salt and pepper to taste (ignored seasoning/water),"1 tablespoon canola oil => cooking oil [13.6g, FDC local:cooking oil] | 1 head garlic, peeled and minced => garlic and [50.0g, FDC local:garlic] | 3 pounds chicken, cut into serving parts => chicken [1360.8g, FDC local:chicken] | 1 cup vinegar => vinegar [140.0g, FDC local:vinegar] | 1/2 cup soy sauce => soy sauce [70.0g, FDC local:soy sauce] | 1/4 cup liver spread => liver spread [35.0g, FDC local:liver spread]"
ph_573,1242,21.8,5.5,124.8,0.5,75,1.7,local_reference_ingredient_sum_draft,api_estimate,pending_review,"Draft only: summed local reference ingredient profiles and divided by source_servings=6. Reviewer must verify ingredient matches, edible yield, oil absorption, and serving size before marking reviewed.",draft_partial_match,7,"1 1/2 cups water (no FDC match for water) | 1 tablespoon salt (ignored seasoning/water) | 3 bay leaves (no FDC match for bay leaves) | fried garlic bits, optional (missing quantity)","2 tablespoons canola oil => cooking oil [27.2g, FDC local:cooking oil] | 1 onion, peeled and sliced thinly => onion and thinly [110.0g, FDC local:onion] | 1 head garlic, peeled and minced => garlic and [50.0g, FDC local:garlic] | 3 pounds pork belly => pork belly [1360.8g, FDC local:pork belly] | 1 cup vinegar => vinegar [140.0g, FDC local:vinegar] | 1 teaspoon peppercorns, cracked => peppercorns cracked [2.7g, FDC local:corn] | 1 teaspoon sugar => sugar [4.2g, FDC local:sugar]"
ph_574,1219,21.8,4.7,122.5,0.5,75,0.9,local_reference_ingredient_sum_draft,api_estimate,pending_review,"Draft only: summed local reference ingredient profiles and divided by source_servings=6. Reviewer must verify ingredient matches, edible yield, oil absorption, and serving size before marking reviewed.",draft_partial_match,5,"1 thumb-size turmeric, peeled and julienned (no FDC match for -size turmeric and) | 1 1/2 cups water (no FDC match for water) | 2 bay leaves (no FDC match for bay leaves) | salt and pepper to taste (ignored seasoning/water)","1 tablespoon canola oil => cooking oil [13.6g, FDC local:cooking oil] | 1 onion, peeled and chopped => onion and [110.0g, FDC local:onion] | 1 head garlic, peeled and minced => garlic and [50.0g, FDC local:garlic] | 3 pounds pork belly, cut into 2-inch cubes => pork belly [1360.8g, FDC local:pork belly] | 1 cup vinegar => vinegar [140.0g, FDC local:vinegar]"
ph_575,107,9.3,7.2,4.4,0.7,709,1.7,local_reference_ingredient_sum_draft,api_estimate,pending_review,"Draft only: summed local reference ingredient profiles and divided by source_servings=4. Reviewer must verify ingredient matches, edible yield, oil absorption, and serving size before marking reviewed.",draft_partial_match,7,1 cup water (ignored seasoning/water) | 2 bay leaves (no FDC match for bay leaves) | salt to taste (ignored seasoning/water),"1 tablespoon canola oil => cooking oil [13.6g, FDC local:cooking oil] | 1 onion, peeled and chopped => onion and [110.0g, FDC local:onion] | 1 head garlic, peeled and minced => garlic and [50.0g, FDC local:garlic] | 1 (3 to 4 pounds) whole chicken, cut-up to serving pieces => chicken cut-up to serving [100.0g, FDC local:chicken] | 1/4 cup fish sauce => fish sauce [35.0g, FDC local:fish sauce] | 1/2 cup vinegar => vinegar [70.0g, FDC local:vinegar] | 1/2 teaspoon peppercorns, crushed => peppercorns [1.3g, FDC local:corn]"
ph_576,69,6.5,9.5,0.7,0.2,792,6.6,local_reference_ingredient_sum_draft,api_estimate,pending_review,"Draft only: summed local reference ingredient profiles and divided by source_servings=6. Reviewer must verify ingredient matches, edible yield, oil absorption, and serving size before marking reviewed.",draft_partial_match,5,"salt and pepper (ignored seasoning/water) | 1 cup calamansi juice (no FDC match for calamansi juice) | 4 shallots, peeled and minced (no FDC match for shallots and) | 1 stalk lemongrass (no FDC match for stalk lemongrass)","1 whole chicken (about 4 to 5 pounds) => chicken [100.0g, FDC local:chicken] | 1/4 cup fish sauce => fish sauce [35.0g, FDC local:fish sauce] | 1/4 cup soy sauce => soy sauce [35.0g, FDC local:soy sauce] | 3 tablespoons brown sugar => brown sugar [37.5g, FDC local:sugar] | 1 head garlic, peeled and minced => garlic and [50.0g, FDC local:garlic]"
ph_577,975,30.3,15.4,87.4,2.8,321,3.4,local_reference_ingredient_sum_draft,api_estimate,pending_review,"Draft only: summed local reference ingredient profiles and divided by source_servings=6. Reviewer must verify ingredient matches, edible yield, oil absorption, and serving size before marking reviewed.",draft_partial_match,10,"canola oil (missing quantity) | 2 saba bananas, peeled and cut into chunks (no FDC match for saba bananas and) | 4 cups water (ignored seasoning/water) | salt and pepper to taste (ignored seasoning/water) | 8 pieces green beans (Bagiuo beans), ends trimmed (no FDC match for beans ends trimmed)","2 medium potatoes, peeled and quartered => potatoes and quartered [340.0g, FDC local:potato] | 1 large carrot, peeled and cut into chunks => carrot and [60.0g, FDC local:carrot] | 2 pieces Chorizo de bilbao, cut into chunks => pork de bilbao [200.0g, FDC local:pork] | 1 onion, peeled and chopped => onion and [110.0g, FDC local:onion] | 2 cloves garlic, peeled and minced => garlic and [6.0g, FDC local:garlic] | 2 pounds pork belly, cut into 2-inch cubes => pork belly [907.2g, FDC local:pork belly] | 2 medium tomatoes, chopped => tomatoes [240.0g, FDC local:tomato] | 1 tablespoon fish sauce => fish sauce [15.0g, FDC local:fish sauce] | 1 can (15 ounces) pork and beans => can pork and beans [100.0g, FDC local:pork] | 2 bunches pechay, ends trimmed and leaves separated => bok choy ends trimmed and leaves separated [300.0g, FDC local:bok choy]"
ph_578,943,27.3,5.2,89.1,0.4,276,3.1,local_reference_ingredient_sum_draft,api_estimate,pending_review,"Draft only: summed local reference ingredient profiles and divided by source_servings=6. Reviewer must verify ingredient matches, edible yield, oil absorption, and serving size before marking reviewed.",draft_partial_match,9,1 cup water (ignored seasoning/water) | 2 finger chilies (siling haba) (no FDC match for finger chilies) | salt and pepper to taste (ignored seasoning/water),"10 ounces pork blood => pork blood [283.5g, FDC local:pork] | 1 cup vinegar => vinegar [140.0g, FDC local:vinegar] | 1 tablespoon canola oil => cooking oil [13.6g, FDC local:cooking oil] | 1 onion, peeled and chopped => onion and [110.0g, FDC local:onion] | 4 cloves garlic, peeled and minced => garlic and [12.0g, FDC local:garlic] | 1 thumb-size ginger (about 1 tablespoon), peeled and minced => -size ginger and [15.0g, FDC local:ginger] | 2 pounds pork belly, cut into 1/2-inch strips => pork belly [907.2g, FDC local:pork belly] | 1 tablespoon fish sauce => fish sauce [15.0g, FDC local:fish sauce] | 1 tablespoon brown sugar => brown sugar [12.5g, FDC local:sugar]"
ph_579,132,28.6,4.1,0.5,1.3,157,1.3,local_reference_ingredient_sum_draft,api_estimate,pending_review,"Draft only: summed local reference ingredient profiles and divided by source_servings=4. Reviewer must verify ingredient matches, edible yield, oil absorption, and serving size before marking reviewed.",draft_partial_match,3,7 large ripe guavas (no FDC match for guavas) | 5 cups water (ignored seasoning/water) | salt to taste (ignored seasoning/water),"1 pound head-on large shrimp => -on shrimp [453.6g, FDC local:shrimp] | 1 onion, peeled and quartered => onion and quartered [110.0g, FDC local:onion] | 1 bunch kangkong (water spinach) => kangkong [150.0g, FDC local:spinach]"
ph_580,134,28.1,5.1,0.5,1.2,130,2.7,local_reference_ingredient_sum_draft,api_estimate,pending_review,"Draft only: summed local reference ingredient profiles and divided by source_servings=4. Reviewer must verify ingredient matches, edible yield, oil absorption, and serving size before marking reviewed.",draft_partial_match,3,"5 cups water (ignored seasoning/water) | 2 tablespoons fish sauce to taste (ignored seasoning/water) | 1 cup daikon radish, peeled and sliced into 1/2 inch thick (no FDC match for daikon radish and into inch thick) | 1/2 cup freshly-squeezed calamansi juice (no FDC match for freshly-squeezed calamansi juice) | 2 bunches pak choi, stems trimmed and leaves separated (no FDC match for pak choi stems trimmed and leaves separated) | salt to taste (ignored seasoning/water)","1 onion. peeled and quartered => onion. and quartered [110.0g, FDC local:onion] | 2 medium Roma tomatoes, quartered => roma tomatoes quartered [240.0g, FDC local:tomato] | 1 pound shell-on shrimp, tendrils trimmed, washed and drained well => shell-on shrimp tendrils trimmed washed and drained well [453.6g, FDC local:shrimp]"
ph_584,50,1.0,1.4,4.4,0.1,3,0.1,local_reference_ingredient_sum_draft,api_estimate,pending_review,"Draft only: summed local reference ingredient profiles and divided by source_servings=12. Reviewer must verify ingredient matches, edible yield, oil absorption, and serving size before marking reviewed.",draft_partial_match,3,"2 tablespoons coarse salt (no FDC match for coarse salt) | 1/2 teaspoon pepper (no FDC match for pepper) | 3 stalks lemongrass (no FDC match for stalks lemongrass) | 4 shallots, peeled and sliced thinly (no FDC match for shallots and thinly)","1 (6 to 7 pounds) whole pork belly without ribs => pork belly without ribs [100.0g, FDC local:pork belly] | 1/2 cup vinegar => vinegar [70.0g, FDC local:vinegar] | 1 head garlic, peeled and crushed => garlic and [50.0g, FDC local:garlic]"
ph_585,424,35.3,2.3,29.8,0.4,221,0.8,local_reference_ingredient_sum_draft,api_estimate,pending_review,"Draft only: summed local reference ingredient profiles and divided by source_servings=6. Reviewer must verify ingredient matches, edible yield, oil absorption, and serving size before marking reviewed.",draft_partial_match,7,"1/4 cup calamansi or lime juice (no FDC match for calamansi or lime juice) | salt and pepper to taste (ignored seasoning/water) | 2 Thai chili peppers, chopped (no FDC match for thai chili peppers)","1 /2 cup canola oil => / cooking oil [100.0g, FDC local:cooking oil] | 3 cloves garlic, peeled and minced => garlic and [9.0g, FDC local:garlic] | 4 cups cooked chicken => chicken [560.0g, FDC local:chicken] | 1 tablespoon soy sauce => soy sauce [15.0g, FDC local:soy sauce] | 1/4 pound chicken livers => chicken livers [113.4g, FDC local:chicken] | 1 onion, peeled and chopped => onion and [110.0g, FDC local:onion] | 1/4 cup mayonnaise => cooking oil [54.5g, FDC local:cooking oil]"
ph_586,1252,23.8,7.9,124.3,1.3,672,3.9,local_reference_ingredient_sum_draft,api_estimate,pending_review,"Draft only: summed local reference ingredient profiles and divided by source_servings=4. Reviewer must verify ingredient matches, edible yield, oil absorption, and serving size before marking reviewed.",draft_partial_match,8,"1 cup water (ignored seasoning/water) | 5 Thai chili peppers, chopped (no FDC match for thai chili peppers) | salt and pepper to taste (ignored seasoning/water)","1 tablespoon canola oil => cooking oil [13.6g, FDC local:cooking oil] | 2 pounds pork belly, cut into 1-inch cubes => pork belly [907.2g, FDC local:pork belly] | 1 onion, peeled and chopped => onion and [110.0g, FDC local:onion] | 4 cloves garlic, peeled and minced => garlic and [12.0g, FDC local:garlic] | 2 tablespoons sauteed shrimp paste => sauteed shrimp paste [34.0g, FDC local:shrimp paste] | 2 large tomatoes, chopped => tomatoes [240.0g, FDC local:tomato] | 1/4 cup vinegar => vinegar [35.0g, FDC local:vinegar] | 1 teaspoon sugar (see recipe notes) => sugar [4.2g, FDC local:sugar]"
ph_587,326,28.3,18.9,14.6,1.0,237,1.0,local_reference_ingredient_sum_draft,api_estimate,pending_review,"Draft only: summed local reference ingredient profiles and divided by source_servings=8. Reviewer must verify ingredient matches, edible yield, oil absorption, and serving size before marking reviewed.",draft_partial_match,11,"4 1/2 cups water (no FDC match for water) | 1 tablespoons atsuete powder (no FDC match for atsuete powder) | salt to taste (ignored seasoning/water) | toasted garlic bits (missing quantity) | green onions, chopped (missing quantity) | calamansi, cut into halves (missing quantity)","1/4 pound (about 8) large shrimps, peeled and deveined => shrimps and deveined [113.4g, FDC local:shrimp] | 1 tablespoon canola oil => cooking oil [13.6g, FDC local:cooking oil] | 1 small onion, peeled and chopped => onion and [110.0g, FDC local:onion] | 2 cloves garlic, peeled and minced => garlic and [6.0g, FDC local:garlic] | 1 pound ground pork => pork [453.6g, FDC local:pork] | 1 tablespoon fish sauce => fish sauce [15.0g, FDC local:fish sauce] | 1 cube shrimp (or pork) bouillon => cube shrimp bouillon [20.0g, FDC local:broth] | 1/4 cup flour => flour [31.2g, FDC local:flour] | 16 ounces thick cornstarch noodles => thick cornstarch noodles [453.6g, FDC local:noodles] | 1 cup crushed pork rinds (chicharon) => pork rinds [140.0g, FDC local:pork] | 2 hard boiled eggs, peeled and sliced => hard eggs and [100.0g, FDC local:egg]"
ph_588,415,54.7,11.0,15.6,1.4,394,1.8,local_reference_ingredient_sum_draft,api_estimate,pending_review,"Draft only: summed local reference ingredient profiles and divided by source_servings=8. Reviewer must verify ingredient matches, edible yield, oil absorption, and serving size before marking reviewed.",draft_partial_match,11,"2 stalks celery, sliced thinly on a bias (no FDC match for stalks celery thinly on a bias) | salt and pepper to taste (ignored seasoning/water) | green onions, chopped (missing quantity) | calamansi or lemon, cut into wedges (missing quantity)","4 cups chicken stock => chicken stock [560.0g, FDC local:chicken] | 1/4 cup soy sauce => soy sauce [35.0g, FDC local:soy sauce] | 8 ounces rice noodles => rice noodles [226.8g, FDC local:noodles] | 2 tablespoons vegetable oil => cooking oil [27.2g, FDC local:cooking oil] | 1/2 pound large shrimp, peeled and deveined => shrimp and deveined [226.8g, FDC local:shrimp] | 16 ounces pork hamonado, cut thinly on a bias => pork hamonado cut thinly on a bias [453.6g, FDC local:pork] | 1 onion, peeled and sliced thinly => onion and thinly [110.0g, FDC local:onion] | 2 cloves garlic, peeled and minced => garlic and [6.0g, FDC local:garlic] | 1/2 pound boneless, skinless chicken breast or thigh meat, sliced thinly => boneless skinless chicken breast or thigh meat thinly [226.8g, FDC local:chicken] | 2 large carrots, peeled and sliced thinly on a bias => carrots and thinly on a bias [120.0g, FDC local:carrot] | 1 small cabbage, chopped => cabbage [100.0g, FDC local:cabbage]"
ph_589,613,106.7,4.2,15.7,0.6,734,1.2,local_reference_ingredient_sum_draft,api_estimate,pending_review,"Draft only: summed local reference ingredient profiles and divided by source_servings=4. Reviewer must verify ingredient matches, edible yield, oil absorption, and serving size before marking reviewed.",draft_partial_match,5,1 packet (1.4 ounces) tamarind powder (no FDC match for packet tamarind powder) | 1 cup water (ignored seasoning/water) | salt and pepper to taste (ignored seasoning/water),"1 tablespoon canola oil => cooking oil [13.6g, FDC local:cooking oil] | 1 onion, peeled and sliced thinly => onion and thinly [110.0g, FDC local:onion] | 5 cloves garlic, peeled and minced => garlic and [15.0g, FDC local:garlic] | 3 pounds chicken wings, cut into cut into drummettes and wingettes => chicken wings [1360.8g, FDC local:chicken] | 1/4 cup soy sauce => soy sauce [35.0g, FDC local:soy sauce]"
ph_590,176,12.3,17.0,6.3,1.6,35,2.5,local_reference_ingredient_sum_draft,api_estimate,pending_review,"Draft only: summed local reference ingredient profiles and divided by source_servings=4. Reviewer must verify ingredient matches, edible yield, oil absorption, and serving size before marking reviewed.",draft_partial_match,6,"salt and pepper to taste (ignored seasoning/water) | canola oil (missing quantity) | 4 Thai chili peppers, finely chopped (no FDC match for thai chili peppers finely) | 2 finger chili peppers (siling haba), sliced thinly (no FDC match for finger chili peppers thinly) | 1/4 cup calamansi juice (no FDC match for calamansi juice) | 2 tablespoons Maggi Savor seasoning sauce (no FDC match for maggi savor seasoning sauce) | salt and pepper to taste (ignored seasoning/water)","2 whole bangus (milkfish), scaled, gutted, and cut into serving parts => milkfish scaled gutted and [200.0g, FDC local:milkfish] | 1/2 cup flour => flour [62.5g, FDC local:flour] | 1 onion, peeled and chopped => onion and [110.0g, FDC local:onion] | 3 cloves garlic, peeled and minced => garlic and [9.0g, FDC local:garlic] | 1/2 medium green bell pepper, seeded and chopped => bell pepper seeded and [60.0g, FDC local:bell pepper] | 1/2 medium red bell pepper, seeded and chopped => bell pepper seeded and [60.0g, FDC local:bell pepper]"
ph_591,304,16.5,8.8,24.4,2.1,371,3.6,local_reference_ingredient_sum_draft,api_estimate,pending_review,"Draft only: summed local reference ingredient profiles and divided by source_servings=4. Reviewer must verify ingredient matches, edible yield, oil absorption, and serving size before marking reviewed.",draft_partial_match,7,"1 pound sigarilyas, winged beans, ends trimmed and sliced diagonally (no FDC match for sigarilyas winged beans ends trimmed and diagonally) | 1/2 cup water (ignored seasoning/water) | salt and pepper to taste (ignored seasoning/water)","1 tablespoon canola oil => cooking oil [13.6g, FDC local:cooking oil] | 1 onion, peeled and chopped => onion and [110.0g, FDC local:onion] | 2 cloves garlic, peeled and minced => garlic and [6.0g, FDC local:garlic] | 1/2 pound shrimp, peeled and deveined => shrimp and deveined [226.8g, FDC local:shrimp] | 1 tablespoon fish sauce => fish sauce [15.0g, FDC local:fish sauce] | 1/2 small kalabasa, peeled, seeded, and cut into chunks => squash seeded and [50.0g, FDC local:squash] | 1 cup coconut cream => coconut cream [240.0g, FDC local:coconut cream]"
ph_592,852,16.2,6.0,84.6,1.2,451,3.1,local_reference_ingredient_sum_draft,api_estimate,pending_review,"Draft only: summed local reference ingredient profiles and divided by source_servings=6. Reviewer must verify ingredient matches, edible yield, oil absorption, and serving size before marking reviewed.",draft_partial_match,8,"1 tablespoon oil (no FDC match for oil) | 1 cup water (ignored seasoning/water) | 6 Thai chili peppers, stemmed and minced (no FDC match for thai chili peppers stemmed and) | salt and pepper to taste (ignored seasoning/water)","1 onion, peeled and chopped => onion and [110.0g, FDC local:onion] | 3 cloves garlic, peeled and minced => garlic and [9.0g, FDC local:garlic] | 2 pounds pork belly, cut into 1-inch cubes => pork belly [907.2g, FDC local:pork belly] | 2 Roma tomatoes, chopped => roma tomatoes [240.0g, FDC local:tomato] | 2 tablespoons sauteed shrimp paste => sauteed shrimp paste [34.0g, FDC local:shrimp paste] | 2 tablespoons vinegar => vinegar [30.0g, FDC local:vinegar] | 1 can (13 ounces) coconut milk => can coconut milk [100.0g, FDC local:coconut milk] | 1 teaspoon sugar => sugar [4.2g, FDC local:sugar]"
ph_593,404,41.5,4.0,23.5,0.8,97,1.9,local_reference_ingredient_sum_draft,api_estimate,pending_review,"Draft only: summed local reference ingredient profiles and divided by source_servings=6. Reviewer must verify ingredient matches, edible yield, oil absorption, and serving size before marking reviewed.",draft_partial_match,6,12 dried ancho chiles (no FDC match for dried ancho chiles) | 3 dried guajillo chiles (no FDC match for dried guajillo chiles) | 1 tablespoons dried oregano (no FDC match for dried oregano) | 1 teaspoon cinnamon (no FDC match for cinnamon) | 1/4 teaspoon ground cloves (no usable quantity) | 1 1/2 cups water (no FDC match for water) | salt and pepper to taste (ignored seasoning/water),"2 Roma tomatoes, chopped => roma tomatoes [240.0g, FDC local:tomato] | 1 small onion, peeled and quartered => onion and quartered [110.0g, FDC local:onion] | 4 cloves of garlic, peeled => of garlic [12.0g, FDC local:garlic] | 1/4 cup cider vinegar => cider vinegar [35.0g, FDC local:vinegar] | 1 tablespoon canola oil => cooking oil [13.6g, FDC local:cooking oil] | 2 pounds pork shoulder, cut into 2-inch cubes => pork shoulder [907.2g, FDC local:pork]"
ph_594,991,73.7,22.3,70.3,4.3,1839,6.6,local_reference_ingredient_sum_draft,api_estimate,pending_review,"Draft only: summed local reference ingredient profiles and divided by source_servings=8. Reviewer must verify ingredient matches, edible yield, oil absorption, and serving size before marking reviewed.",draft_partial_match,10,salt and pepper to taste (ignored seasoning/water),"2 pounds squid => squid [907.2g, FDC local:squid] | 2 pounds (about 4 to 5 pieces) crab => crab [907.2g, FDC local:crab] | 2 pounds mussels => mussels [907.2g, FDC local:mussels] | 1 pound shrimp => shrimp [453.6g, FDC local:shrimp] | 1 tablespoon canola oil => cooking oil [13.6g, FDC local:cooking oil] | 1 onion, peeled and chopped => onion and [110.0g, FDC local:onion] | 5 cloves garlic, peeled and minced => garlic and [15.0g, FDC local:garlic] | 1 thumb-size ginger, peeled and minced => -size ginger and [15.0g, FDC local:ginger] | 1 tablespoon shrimp paste => shrimp paste [17.0g, FDC local:shrimp paste] | 6 cups coconut cream (kakang gata) => coconut cream [1440.0g, FDC local:coconut cream]"
ph_595,1253,23.2,9.0,123.8,0.8,1037,4.6,local_reference_ingredient_sum_draft,api_estimate,pending_review,"Draft only: summed local reference ingredient profiles and divided by source_servings=4. Reviewer must verify ingredient matches, edible yield, oil absorption, and serving size before marking reviewed.",draft_partial_match,8,1 tablespoon atsuete powder (no FDC match for atsuete powder) | 1 cup water (ignored seasoning/water) | 2 bay leaves (no FDC match for bay leaves) | salt and pepper to taste (ignored seasoning/water),"2 pounds pork belly with ribs or spare ribs, cut into 2-inch pieces => pork belly with ribs or spare ribs [907.2g, FDC local:pork belly] | 1 tablespoon canola oil => cooking oil [13.6g, FDC local:cooking oil] | 1 onion, peeled and chopped => onion and [110.0g, FDC local:onion] | 6 cloves garlic, peeled and minced => garlic and [18.0g, FDC local:garlic] | 1 thumb-sized ginger, peeled and minced => -sized ginger and [15.0g, FDC local:ginger] | 1 cup vinegar => vinegar [140.0g, FDC local:vinegar] | 1/2 cup soy sauce => soy sauce [70.0g, FDC local:soy sauce] | 1 tablespoon brown sugar => brown sugar [12.5g, FDC local:sugar]"
ph_597,116,3.9,25.7,0.3,4.4,332,5.6,local_reference_ingredient_sum_draft,api_estimate,pending_review,"Draft only: summed local reference ingredient profiles and divided by source_servings=4. Reviewer must verify ingredient matches, edible yield, oil absorption, and serving size before marking reviewed.",draft_partial_match,8,"1 whole large dalag (mudfish), gutted, scaled, cleaned and cut into serving parts (no FDC match for dalag gutted scaled and) | salt and pepper to taste (ignored seasoning/water) | canola oil (missing quantity) | 5 cups water (ignored seasoning/water)","2 medium potatoes, peeled and quartered => potatoes and quartered [340.0g, FDC local:potato] | 1 onion, peeled and sliced thinly => onion and thinly [110.0g, FDC local:onion] | 2 cloves garlic, peeled and minced => garlic and [6.0g, FDC local:garlic] | 2 tablespoons ginger, peeled and julienned => ginger and [16.0g, FDC local:ginger] | 1 tablespoon fish sauce => fish sauce [15.0g, FDC local:fish sauce] | 1 bunch pechay, ends trimmed and leaves separated => bok choy ends trimmed and leaves separated [150.0g, FDC local:bok choy] | 1 small napa cabbage, ends trimmed and leaves separated => napa cabbage ends trimmed and leaves separated [100.0g, FDC local:cabbage] | 2 stalks green onions, ends trimmed and cut into 4-inch lengths => stalks onions ends trimmed and [220.0g, FDC local:onion]"
ph_599,561,23.0,20.1,47.3,5.6,464,7.9,local_reference_ingredient_sum_draft,api_estimate,pending_review,"Draft only: summed local reference ingredient profiles and divided by source_servings=4. Reviewer must verify ingredient matches, edible yield, oil absorption, and serving size before marking reviewed.",draft_partial_match,8,Salt (to taste) (ignored seasoning/water) | black pepper (to taste) (missing quantity),"1/2 Cup onion (chopped) => onion [70.0g, FDC local:onion] | 1 1/2 tablespoons vegetable oil (or annatto oil) => cooking oil [20.4g, FDC local:cooking oil] | 2 teaspoons Garlic (minced) => garlic [5.3g, FDC local:garlic] | 2 cups pork broth (reserved) => pork broth [480.0g, FDC local:broth] | 1/4 Cup peanuts (roasted and finely chopped) => peanuts [35.0g, FDC local:peanuts] | 3 heaping tablespoons peanut butter (creamy) => heaping peanut butter [300.0g, FDC local:peanut butter] | 1/2 tablespoon bagoong alamang => shrimp paste [8.5g, FDC local:shrimp paste] | 1 1/2 tablespoons rice (ground and toasted) => rice [12.0g, FDC local:rice]"
ph_600,175,1.8,1.5,17.9,0.1,6,0.1,local_reference_ingredient_sum_draft,api_estimate,pending_review,"Draft only: summed local reference ingredient profiles and divided by source_servings=6. Reviewer must verify ingredient matches, edible yield, oil absorption, and serving size before marking reviewed.",draft_partial_match,5,1 teaspoon salt (more to taste) (ignored seasoning/water) | 3 cups water (more if needed) (ignored seasoning/water) | 4 pieces dried bay leaves (ignored seasoning/water),"1/4 cup canola oil (or any cooking oil) => cooking oil [54.5g, FDC local:cooking oil] | 1 kilo pork belly strips (cut into pieces) => kilo pork belly strips [100.0g, FDC local:pork belly] | 1/2 teaspoon whole black peppercorns => peppercorns [1.3g, FDC local:corn] | 8 cloves garlic (peeled and smashed slightly but left whole) => garlic [24.0g, FDC local:garlic] | 1/2 cup coconut vinegar (or any white vinegar) => coconut vinegar [70.0g, FDC local:vinegar]"
ph_601,461,48.0,7.0,25.9,1.1,526,2.4,local_reference_ingredient_sum_draft,api_estimate,pending_review,"Draft only: summed local reference ingredient profiles and divided by source_servings=4. Reviewer must verify ingredient matches, edible yield, oil absorption, and serving size before marking reviewed.",draft_partial_match,8,"2 pieces green chili fingers (siling pang-sigang) (sliced diagonally) (no FDC match for chili fingers) | 1 teaspoon liquid seasoning (no FDC match for liquid seasoning) | 4 pieces calamansi (juiced) (no FDC match for calamansi) | 1/2 teaspoon ground black pepper (more to taste) (no FDC match for pepper) | 1/2 Cup chicharon (chicken skin, crushed) (no FDC match for chicharon) | calamansi (to serve) (missing quantity) | bird's eye chili (siling labuyo) (to serve) (missing quantity) | Salt (to taste) (ignored seasoning/water)","500 Grams boneless chicken breast => boneless chicken breast [500.0g, FDC local:chicken] | 100 Grams chicken livers => chicken livers [100.0g, FDC local:chicken] | 2 tablespoons vegetable oil => cooking oil [27.2g, FDC local:cooking oil] | 1 medium white onion (chopped) => onion [110.0g, FDC local:onion] | 1 medium red onion (chopped) => onion [110.0g, FDC local:onion] | 6 cloves Garlic (chopped) => garlic [18.0g, FDC local:garlic] | 2 tablespoons Soy Sauce => soy sauce [30.0g, FDC local:soy sauce] | 1/4 Cup mayonnaise => cooking oil [54.5g, FDC local:cooking oil]"
ph_602,679,21.5,129.8,6.1,3.9,73,1.6,local_reference_ingredient_sum_draft,api_estimate,pending_review,"Draft only: summed local reference ingredient profiles and divided by source_servings=4. Reviewer must verify ingredient matches, edible yield, oil absorption, and serving size before marking reviewed.",draft_partial_match,8,1/2 cup leftover adobo sauce (no FDC match for leftover adobo sauce) | 1 cup adobo flakes (shredded) (no FDC match for adobo flakes) | 1 tablespoon cilantro (wansoy) (chopped) (no FDC match for cilantro),"1 tablespoon garlic (chopped) => garlic [8.0g, FDC local:garlic] | 3 cups rice (cooked) => rice [720.0g, FDC local:rice] | 4 large flour burritos (heated on a dry pan) => flour burritos [400.0g, FDC local:flour] | 1 cup salted egg salsa => salted egg salsa [140.0g, FDC local:egg] | 1 piece Salted Egg (itlog na maalat) (finely chopped) => salted egg [50.0g, FDC local:egg] | 1/2 cup tomatoes (chopped) => tomatoes [70.0g, FDC local:tomato] | 1/4 cup onion (chopped) => onion [35.0g, FDC local:onion] | 2 tablespoons ginger (finely chopped) => ginger [16.0g, FDC local:ginger]"
ph_603,473,30.5,9.2,35.9,2.5,375,4.2,local_reference_ingredient_sum_draft,api_estimate,pending_review,"Draft only: summed local reference ingredient profiles and divided by source_servings=4. Reviewer must verify ingredient matches, edible yield, oil absorption, and serving size before marking reviewed.",draft_partial_match,5,5 pieces bird's eye chili (siling labuyo) (chopped) (no FDC match for bird s eye chili) | Salt (to taste) (ignored seasoning/water) | ground black pepper (to taste) (ignored seasoning/water),"4 pieces pork chops => pork chops [400.0g, FDC local:pork] | 5 cloves Garlic (chopped) => garlic [15.0g, FDC local:garlic] | 1 medium red onion (chopped) => onion [110.0g, FDC local:onion] | 1 tablespoon Bagoong (Shrimp Paste) => shrimp paste [17.0g, FDC local:shrimp paste] | 1 1/2 cups coconut milk => coconut milk [360.0g, FDC local:coconut milk]"
ph_604,54,5.9,1.2,1.7,0.1,15,0.3,local_reference_ingredient_sum_draft,api_estimate,pending_review,"Draft only: summed local reference ingredient profiles and divided by source_servings=4. Reviewer must verify ingredient matches, edible yield, oil absorption, and serving size before marking reviewed.",draft_partial_match,7,Calamansi Juice (missing quantity) | 3/4 teaspoon Salt (no FDC match for salt) | 12 pieces wooden skewers (no FDC match for wooden skewers) | refined coconut oil (for brushing) (missing quantity) | 1/4 Cup red chili pepper (siling labuyo) (no FDC match for chili pepper),"3/4 kilo Chicken ((use skinless chicken breast), sliced into 1-inch cubes) => kilo chicken into -inch cubes [75.0g, FDC local:chicken] | 1/2 tablespoons ginger (grated) => ginger [4.0g, FDC local:ginger] | 1/4 teaspoon black peppercorns (cracked) => peppercorns [0.7g, FDC local:corn] | 2 tablespoons white vinegar => vinegar [30.0g, FDC local:vinegar] | 1/2 tablespoon Achuete Powder (annatto powder) => achuete powder [4.0g, FDC local:annatto oil] | 2 cloves Garlic => garlic [6.0g, FDC local:garlic] | 1 1/2 cups Vinegar => vinegar [210.0g, FDC local:vinegar]"
ph_606,161,10.7,21.3,5.0,3.3,638,6.1,local_reference_ingredient_sum_draft,api_estimate,pending_review,"Draft only: summed local reference ingredient profiles and divided by source_servings=4. Reviewer must verify ingredient matches, edible yield, oil absorption, and serving size before marking reviewed.",draft_partial_match,7,water (as needed) (ignored seasoning/water) | Salt (to taste) (ignored seasoning/water),"1 kilo beef shank (bulalo) (bone-in) => kilo beef shank [100.0g, FDC local:beef] | 1 medium onion (peeled and quartered) => onion [110.0g, FDC local:onion] | 2 tablespoons fish sauce (patis) => fish sauce [30.0g, FDC local:fish sauce] | 1 tablespoon peppercorns => peppercorns [8.0g, FDC local:corn] | 3 pieces corn (husked and cut into 3 pieces) => corn [300.0g, FDC local:corn] | 1 bunch pechay leaves (leaves separated) => bok choy leaves [150.0g, FDC local:bok choy] | 1 head cabbage ((small, cut into 6 pieces), cut into 6) => cabbage [100.0g, FDC local:cabbage]"
ph_607,390,36.4,8.9,22.7,2.8,492,4.7,local_reference_ingredient_sum_draft,api_estimate,pending_review,"Draft only: summed local reference ingredient profiles and divided by source_servings=6. Reviewer must verify ingredient matches, edible yield, oil absorption, and serving size before marking reviewed.",draft_partial_match,7,"2 cups water (or as needed) (ignored seasoning/water) | 1 bundle string beans (sitaw) (trimmed, cut into 2 inch lengths) (no FDC match for string beans) | ground black pepper (to taste) (ignored seasoning/water)","2 tablespoons cooking oil => cooking oil [27.2g, FDC local:cooking oil] | 1 medium red onion (peeled, chopped) => onion [110.0g, FDC local:onion] | 3 cloves Garlic (peeled, roughly chopped) => garlic [9.0g, FDC local:garlic] | 4 native tomatoes (cored, quartered) => native tomatoes [480.0g, FDC local:tomato] | 1/4 Cup shrimp paste (bagoong alamang) => shrimp paste [35.0g, FDC local:shrimp paste] | 750 Grams pork cubes => pork cubes [750.0g, FDC local:pork] | 2 bunches eggplant (trimmed, sliced in half lengthwise) => eggplant [300.0g, FDC local:eggplant]"
ph_608,344,33.0,9.2,21.3,2.2,447,3.7,local_reference_ingredient_sum_draft,api_estimate,pending_review,"Draft only: summed local reference ingredient profiles and divided by source_servings=4. Reviewer must verify ingredient matches, edible yield, oil absorption, and serving size before marking reviewed.",draft_partial_match,7,1 Cup labong or bamboo shoots (no FDC match for labong or bamboo shoots) | 3 1/2 cups water (divided) (no FDC match for water) | Salt (to taste) (ignored seasoning/water) | ground black pepper (to taste) (ignored seasoning/water),"1 Small red onion (diced) => onion [110.0g, FDC local:onion] | 3 cloves Garlic (minced) => garlic [9.0g, FDC local:garlic] | 1 thumb-sized piece fresh ginger (sliced) => -sized ginger [15.0g, FDC local:ginger] | 1 Cup coconut cream => coconut cream [240.0g, FDC local:coconut cream] | 1 tablespoon fish sauce (patis) => fish sauce [15.0g, FDC local:fish sauce] | 1/2 kilogram shrimps (cleaned) => shrimps [500.0g, FDC local:shrimp] | 1/2 Cup sayote tops => sayote tops [70.0g, FDC local:sayote]"
ph_609,186,27.3,16.5,1.5,1.5,135,1.6,local_reference_ingredient_sum_draft,api_estimate,pending_review,"Draft only: summed local reference ingredient profiles and divided by source_servings=5. Reviewer must verify ingredient matches, edible yield, oil absorption, and serving size before marking reviewed.",draft_partial_match,7,1/4 Cup water (ignored seasoning/water) | Oil (for frying) (ignored frying oil reserve) | Salt (to taste) (ignored seasoning/water) | ground black pepper (to taste) (ignored seasoning/water),"1/2 Cup all-purpose flour => all-purpose flour [62.5g, FDC local:flour] | 1/4 Cup cornstarch => cornstarch [37.5g, FDC local:corn] | 1 medium Egg => egg [50.0g, FDC local:egg] | 3 cloves Garlic (minced) => garlic [9.0g, FDC local:garlic] | 1/2 kilogram Shrimp (shelled) => shrimp [500.0g, FDC local:shrimp] | 1 Small carrot (thinly sliced into strips) => carrot [60.0g, FDC local:carrot] | 1 Cup kalabasa (squash) (thinly sliced into strips) => squash [140.0g, FDC local:squash]"
ph_610,444,8.9,1.7,44.3,0.2,668,0.1,local_reference_ingredient_sum_draft,api_estimate,pending_review,"Draft only: summed local reference ingredient profiles and divided by source_servings=6. Reviewer must verify ingredient matches, edible yield, oil absorption, and serving size before marking reviewed.",draft_partial_match,4,2 tablespoons Oil (no FDC match for oil) | 2 cups Sprite (or any lemon-lime soda) (no FDC match for sprite) | 2 pieces laurel leaves (ignored seasoning/water) | 1/2 teaspoon coarsely ground black pepper (or to taste) (no FDC match for coarsely pepper),"1/2 kilogram Pork belly (cubed) => pork belly [500.0g, FDC local:pork belly] | 1/2 Cup white vinegar (sukang puti) => vinegar [70.0g, FDC local:vinegar] | 1/2 Cup Soy Sauce => soy sauce [70.0g, FDC local:soy sauce] | 6 cloves Garlic (whole) => garlic [18.0g, FDC local:garlic]"
ph_611,37,2.2,7.7,0.3,2.8,34,3.7,local_reference_ingredient_sum_draft,api_estimate,pending_review,"Draft only: summed local reference ingredient profiles and divided by source_servings=4. Reviewer must verify ingredient matches, edible yield, oil absorption, and serving size before marking reviewed.",draft_partial_match,4,"3 tablespoons canola oil (for frying) (ignored frying oil reserve) | 2 340-gram cans Spam (low sodium, cut into 8 large cubes) (no FDC match for - cans spam) | 1 40-gram pack sinigang sa sampaloc mix (no FDC match for - pack sinigang sa sampaloc mix) | 1 Small radish (labanos) (peeled, cut into rounds) (no FDC match for radish) | 3 cups water (or as needed) (ignored seasoning/water) | 1/2 bundle long beans (sitaw) (cut into 2-inch lengths) (no FDC match for beans)","1 Small red onion (quartered) => onion [110.0g, FDC local:onion] | 2 medium native tomatoes (quartered) => native tomatoes [240.0g, FDC local:tomato] | 2 medium talong (eggplant) (halved, cut into 3-inch lengths) => eggplant [100.0g, FDC local:eggplant] | 1 bunch kangkong (water spinach) (tender stalks and leaves only) => kangkong [150.0g, FDC local:spinach]"
ph_612,277,4.4,33.9,14.7,2.1,10,9.9,local_reference_ingredient_sum_draft,api_estimate,pending_review,"Draft only: summed local reference ingredient profiles and divided by source_servings=8. Reviewer must verify ingredient matches, edible yield, oil absorption, and serving size before marking reviewed.",draft_partial_match,3,"1/4 Cup small sago (no FDC match for sago) | 3 tablespoons water (or as needed) (no FDC match for water) | 2 drops food coloring and flavoring of your choice (optional) (langka flavor) (no FDC match for drops food coloring and flavoring of your choice) | 2 drops food coloring and flavoring of your choice (optional) (ube flavor) (no FDC match for drops food coloring and flavoring of your choice) | 2 drops food coloring of your choice (red) (no FDC match for drops food coloring of your choice) | 1 drop food coloring and flavoring of your choice (optional) (strawberry flavor) (no FDC match for drop food coloring and flavoring of your choice) | 2 cups water (more as needed) (ignored seasoning/water) | 2 pieces kamote (peeled, cubed small) (no FDC match for kamote) | 3 pieces saba banana (peeled, sliced) (no FDC match for saba banana)","1 Cup glutinous rice flour (or use galapong) => glutinous rice flour [240.0g, FDC local:flour] | 2 cups coconut milk => coconut milk [480.0g, FDC local:coconut milk] | 1/2 Cup sugar (or to taste) => sugar [62.5g, FDC local:sugar]"
ph_613,550,35.4,45.9,24.9,2.3,170,1.3,local_reference_ingredient_sum_draft,api_estimate,pending_review,"Draft only: summed local reference ingredient profiles and divided by source_servings=2. Reviewer must verify ingredient matches, edible yield, oil absorption, and serving size before marking reviewed.",draft_partial_match,8,"1 tablespoon atsuete seeds (no FDC match for atsuete seeds) | 1 tablespoon hibe (dried shrimp) (no FDC match for hibe) | 2 pieces calamansi (halved, to serve) (no FDC match for calamansi) | green onions (chopped, to serve) (missing quantity) | chicharon (crushed, to serve) (missing quantity) | Salt (to taste) (ignored seasoning/water) | ground black pepper (to taste) (ignored seasoning/water)","2 tablespoons canola oil => cooking oil [27.2g, FDC local:cooking oil] | 1/2 Cup ground pork => pork [70.0g, FDC local:pork] | 6 pieces Shrimp (shelled and deveined) => shrimp [120.0g, FDC local:shrimp] | 1/4 pork bouillon cube => pork bouillon cube [25.0g, FDC local:broth] | 1/4 shrimp bouillon cube => shrimp bouillon cube [5.0g, FDC local:broth] | 2 tablespoons cornstarch (dissolved in 1 cup water) => cornstarch [16.0g, FDC local:corn] | 2 1/2 cups bihon noodles (thin rice noodles) (cooked according to package directions) => bihon noodles [350.0g, FDC local:noodles] | 1 medium Hard-boiled egg (sliced, to serve) => hard- egg [50.0g, FDC local:egg]"
ph_614,164,11.7,17.6,4.8,2.3,454,1.5,local_reference_ingredient_sum_draft,api_estimate,pending_review,"Draft only: summed local reference ingredient profiles and divided by source_servings=6. Reviewer must verify ingredient matches, edible yield, oil absorption, and serving size before marking reviewed.",draft_partial_match,8,2 tablespoons Oil (no FDC match for oil) | water (as needed) (ignored seasoning/water),"6 cloves Garlic (peeled, chopped) => garlic [18.0g, FDC local:garlic] | 1 medium red onion (peeled, sliced) => onion [110.0g, FDC local:onion] | 1 kilo pork kasim (cubed large) => kilo pork kasim [100.0g, FDC local:pork] | 1/4 teaspoon black peppercorns => peppercorns [0.7g, FDC local:corn] | 1/3 Cup Soy Sauce => soy sauce [46.7g, FDC local:soy sauce] | 1/3 Cup Vinegar => vinegar [46.7g, FDC local:vinegar] | 3 medium Potatoes (peeled, cubed) => potatoes [510.0g, FDC local:potato] | 1 390-gram can pork and beans => - can pork and beans [100.0g, FDC local:pork]"
ph_615,104,14.0,8.5,1.6,1.1,33,1.7,local_reference_ingredient_sum_draft,api_estimate,pending_review,"Draft only: summed local reference ingredient profiles and divided by source_servings=4. Reviewer must verify ingredient matches, edible yield, oil absorption, and serving size before marking reviewed.",draft_partial_match,6,1 1/2 cups water (no FDC match for water) | 1 1/2 teaspoons Salt (or to taste) (no FDC match for salt) | 2 pieces green finger chilies (siling pangsigang) (no FDC match for finger chilies),"1/2 Cup Vinegar => vinegar [70.0g, FDC local:vinegar] | 1/2 teaspoon black peppercorns => peppercorns [1.3g, FDC local:corn] | 2 medium tilapia (gutted, descaled, and cut in half crosswise) => tilapia [200.0g, FDC local:tilapia] | 1 1-inch piece ginger (peeled and sliced into rounds) => -inch ginger [100.0g, FDC local:ginger] | 5 cloves Garlic (lightly crushed and peeled) => garlic [15.0g, FDC local:garlic] | 1 medium red onion (peeled and sliced) => onion [110.0g, FDC local:onion]"
ph_616,225,23.5,2.9,12.7,0.2,56,0.1,local_reference_ingredient_sum_draft,api_estimate,pending_review,"Draft only: summed local reference ingredient profiles and divided by source_servings=6. Reviewer must verify ingredient matches, edible yield, oil absorption, and serving size before marking reviewed.",draft_partial_match,6,1 teaspoon Salt (or to taste) (ignored seasoning/water) | 3 pieces dried bay leaves (ignored seasoning/water) | 3 cups water (or more as needed) (ignored seasoning/water),"1/4 Cup canola oil => cooking oil [54.5g, FDC local:cooking oil] | 1/2 kilo pork (kasim or pigue) (cut into large cubes) => kilo pork [50.0g, FDC local:pork] | 4 pieces Chicken (leg and thigh) => chicken [400.0g, FDC local:chicken] | 1/2 teaspoon black peppercorns => peppercorns [1.3g, FDC local:corn] | 1 head Garlic (slightly smashed and peeled) => garlic [50.0g, FDC local:garlic] | 1/2 Cup coconut vinegar (or any white vinegar) => coconut vinegar [70.0g, FDC local:vinegar]"
ph_617,87,1.6,0.1,8.8,0.0,5,0.0,local_reference_ingredient_sum_draft,api_estimate,pending_review,"Draft only: summed local reference ingredient profiles and divided by source_servings=6. Reviewer must verify ingredient matches, edible yield, oil absorption, and serving size before marking reviewed.",draft_partial_match,2,1 tablespoon Salt (ignored seasoning/water) | 1/4 Cup patis (fish sauce) (no FDC match for patis) | 2 pieces dried bay leaves (ignored seasoning/water) | water (as needed) (ignored seasoning/water),"1 kilo whole pork belly (liempo) => kilo pork belly [100.0g, FDC local:pork belly] | 1 teaspoon black peppercorns => peppercorns [2.7g, FDC local:corn]"
ph_618,188,16.3,8.7,10.0,1.1,210,1.6,local_reference_ingredient_sum_draft,api_estimate,pending_review,"Draft only: summed local reference ingredient profiles and divided by source_servings=6. Reviewer must verify ingredient matches, edible yield, oil absorption, and serving size before marking reviewed.",draft_partial_match,9,2 pieces kikiam (thawed and sliced) (no FDC match for kikiam) | 5 pieces green beans (Baguio beans) (sliced diagonally) (no FDC match for beans) | 2 tablespoon oyster sauce (no FDC match for oyster sauce) | ground black pepper (to taste) (ignored seasoning/water) | calamansi (to serve) (missing quantity) | Pandesal (to serve) (missing quantity),"1/4 Cup cooking oil (divided) => cooking oil [54.5g, FDC local:cooking oil] | 3 cloves Garlic (peeled and chopped) => garlic [9.0g, FDC local:garlic] | 1 medium red onion (peeled and sliced) => onion [110.0g, FDC local:onion] | 1 Cup squid balls (thawed and halved) => squid balls [140.0g, FDC local:squid] | 1/2 small head cabbage (shredded) => cabbage [50.0g, FDC local:cabbage] | 1 Small carrot (peeled and sliced into strips) => carrot [60.0g, FDC local:carrot] | 2 cups shrimp stock (or chicken stock, more if needed) => shrimp stock [280.0g, FDC local:shrimp] | 1 400-grams pancit canton (egg noodles) => - pancit canton [100.0g, FDC local:noodles] | 1 tablespoon Soy Sauce => soy sauce [15.0g, FDC local:soy sauce]"
ph_620,259,9.2,13.0,19.8,3.1,159,5.6,local_reference_ingredient_sum_draft,api_estimate,pending_review,"Draft only: summed local reference ingredient profiles and divided by source_servings=6. Reviewer must verify ingredient matches, edible yield, oil absorption, and serving size before marking reviewed.",draft_partial_match,10,"2 tablespoons Oil (no FDC match for oil) | 1 Cup water (ignored seasoning/water) | Salt (to taste) (ignored seasoning/water) | ground black pepper (to taste) (ignored seasoning/water) | 2 pieces siling labuyo (birds eye chili) (sliced, optional) (no FDC match for siling labuyo) | 1/2 Cup green olives (pitted) (no FDC match for olives)","1 kilo beef cubes => kilo beef cubes [100.0g, FDC local:beef] | 1 medium red onion (chopped) => onion [110.0g, FDC local:onion] | 4 cloves Garlic (chopped) => garlic [12.0g, FDC local:garlic] | 1/2 kilo Potatoes (cut into bite-sized pieces) => kilo potatoes [85.0g, FDC local:potato] | 1 medium carrot (cut into chunks) => carrot [60.0g, FDC local:carrot] | 2 pieces red or green bell peppers (cut into bite-sized pieces) => or bell peppers [240.0g, FDC local:bell pepper] | 1 150-gram pack tomato paste => - pack tomato paste [120.0g, FDC local:tomato] | 1 250-gram pack Tomato sauce => - pack tomato sauce [120.0g, FDC local:tomato] | 1 85-gram can liver spread => - can liver spread [100.0g, FDC local:liver spread] | 1 Cup coconut cream => coconut cream [240.0g, FDC local:coconut cream]"
ph_621,624,17.5,121.7,7.6,8.5,1734,13.1,local_reference_ingredient_sum_draft,api_estimate,pending_review,"Draft only: summed local reference ingredient profiles and divided by source_servings=4. Reviewer must verify ingredient matches, edible yield, oil absorption, and serving size before marking reviewed.",draft_partial_match,10,2 teaspoons Salt (ignored seasoning/water) | 500 Grams Pompano (cleaned and sliced into 3 to 4 pieces) (no FDC match for pompano) | 500 Grams upo (bottle gourd) (peeled and cut into wedges) (no FDC match for upo) | 2 1/2 teaspoons patis (fish sauce) (no FDC match for patis) | 2 teaspoons patis (fish sauce) (no FDC match for patis) | 1/2 Cup fresh cilantro (to serve) (no FDC match for cilantro),"5 cups rice washing (hugas bigas) or water => rice washing or water [1200.0g, FDC local:rice] | 1 1-inch piece ginger (peeled and pounded) => -inch ginger [100.0g, FDC local:ginger] | 6 stalks green onions => stalks onions [660.0g, FDC local:onion] | 2 teaspoons black peppercorns => peppercorns [5.3g, FDC local:corn] | 250 Grams pechay Tagalog => bok choy tagalog [250.0g, FDC local:bok choy] | 1 tablespoon vegetable oil => cooking oil [13.6g, FDC local:cooking oil] | 1 medium red onion (chopped) => onion [110.0g, FDC local:onion] | 3 cloves Garlic (chopped) => garlic [9.0g, FDC local:garlic] | 1 piece tomato (chopped) => tomato [120.0g, FDC local:tomato] | 180 Grams white miso paste (shiro miso) => soybean paste paste [180.0g, FDC local:soybean paste]"
ph_622,175,1.8,1.5,17.9,0.1,6,0.1,local_reference_ingredient_sum_draft,api_estimate,pending_review,"Draft only: summed local reference ingredient profiles and divided by source_servings=6. Reviewer must verify ingredient matches, edible yield, oil absorption, and serving size before marking reviewed.",draft_partial_match,5,1 teaspoon salt (more to taste) (ignored seasoning/water) | 3 cups water (more if needed) (ignored seasoning/water) | 4 pieces dried bay leaves (ignored seasoning/water),"1/4 cup canola oil (or any cooking oil) => cooking oil [54.5g, FDC local:cooking oil] | 1 kilo pork belly strips (cut into pieces) => kilo pork belly strips [100.0g, FDC local:pork belly] | 1/2 teaspoon whole black peppercorns => peppercorns [1.3g, FDC local:corn] | 8 cloves garlic (peeled and smashed slightly but left whole) => garlic [24.0g, FDC local:garlic] | 1/2 cup coconut vinegar (or any white vinegar) => coconut vinegar [70.0g, FDC local:vinegar]"
ph_624,235,25.0,5.2,11.9,0.4,379,3.0,local_reference_ingredient_sum_draft,api_estimate,pending_review,"Draft only: summed local reference ingredient profiles and divided by source_servings=6. Reviewer must verify ingredient matches, edible yield, oil absorption, and serving size before marking reviewed.",draft_partial_match,8,1 tablespoon Korean Hot Pepper Paste (Gochujang) (no FDC match for korean hot pepper paste) | 1 1/2 cups Water (no FDC match for water) | 1 teaspon Sesame Oil (no FDC match for teaspon sesame oil) | Green Onion (missing quantity),"2 tablespoons Cooking Oil => cooking oil [27.2g, FDC local:cooking oil] | 6 cloves Garlic => garlic [18.0g, FDC local:garlic] | 1 medium Red Onion => onion [110.0g, FDC local:onion] | 1/4 Cup Soy Sauce => soy sauce [35.0g, FDC local:soy sauce] | 1/2 Cup Apple Cider Vinegar => apple cider vinegar [70.0g, FDC local:vinegar] | 1 tablespoon Brown Sugar => brown sugar [12.5g, FDC local:sugar] | 250 Grams Pork => pork [250.0g, FDC local:pork] | 250 Grams Chicken => chicken [250.0g, FDC local:chicken]"
ph_625,77,6.6,6.4,2.9,1.3,99,2.1,local_reference_ingredient_sum_draft,api_estimate,pending_review,"Draft only: summed local reference ingredient profiles and divided by source_servings=5. Reviewer must verify ingredient matches, edible yield, oil absorption, and serving size before marking reviewed.",draft_partial_match,6,1 1/2 cups Kimchi (no FDC match for kimchi) | 1 teaspoon Gochugaru (Korean Dried Chili Flakes) (no FDC match for gochugaru) | 6-8 cups Water (no FDC match for water) | 1 22-gram pack Sinigang Mix (no FDC match for - pack sinigang mix) | 1/2 Cup String Beans (Sitaw) (no FDC match for string beans),"1 kilo Pork => kilo pork [100.0g, FDC local:pork] | 6 cloves Garlic => garlic [18.0g, FDC local:garlic] | 2 medium Onion => onion [220.0g, FDC local:onion] | 5 pieces Okra => okra [60.0g, FDC local:okra] | 1 teaspoon Fish Sauce (Patis) => fish sauce [5.0g, FDC local:fish sauce] | 1 Cup Kangkong (Water Spinach) Leaves => kangkong leaves [30.0g, FDC local:spinach]"
ph_626,198,31.1,8.2,3.6,0.0,74,7.7,local_reference_ingredient_sum_draft,api_estimate,pending_review,"Draft only: summed local reference ingredient profiles and divided by source_servings=6. Reviewer must verify ingredient matches, edible yield, oil absorption, and serving size before marking reviewed.",draft_partial_match,6,"3 tablespoons patis (fish sauce) (no FDC match for patis) | 3 stalks lemongrass (tanglad) (bruised, white part finely chopped) (no FDC match for stalks lemongrass) | 1 teaspoon ground black pepper (no FDC match for pepper) | 3 tablespoons patis (fish sauce) (no FDC match for patis) | 2 tablespoons lime juice (no FDC match for lime juice) | 1 piece red chili (finely chopped) (no FDC match for chili) | 1 stalk lemongrass (tanglad) (finely chopped) (no FDC match for stalk lemongrass) | Cucumber (sliced, to serve) (missing quantity) | cilantro (or leeks, to serve) (missing quantity)","6 pieces chicken thigh fillets => chicken thigh fillets [600.0g, FDC local:chicken] | 1 clove Garlic (finely grated) => garlic [3.0g, FDC local:garlic] | 2 teaspoons sugar => sugar [8.3g, FDC local:sugar] | 2 tablespoons white vinegar => vinegar [30.0g, FDC local:vinegar] | 3 tablespoons sugar => sugar [37.5g, FDC local:sugar] | 2 cloves Garlic (finely chopped) => garlic [6.0g, FDC local:garlic]"
ph_628,722,8.1,172.3,2.7,1.2,658,169.1,local_reference_ingredient_sum_draft,api_estimate,pending_review,"Draft only: summed local reference ingredient profiles and divided by source_servings=6. Reviewer must verify ingredient matches, edible yield, oil absorption, and serving size before marking reviewed.",draft_partial_match,8,"1 piece cinnamon stick (no FDC match for cinnamon stick) | 2 pieces star anise (no FDC match for star anise) | water (as needed) (ignored seasoning/water) | spring onions (Chopped, for garnish) (missing quantity) | fried garlic bits (for garnish) (missing quantity)","1 kilo Pork Leg (sliced) => kilo pork leg [100.0g, FDC local:pork] | 4-5 pieces wood ear mushrooms (tenga ng daga) => mushroom [450.0g, FDC local:mushroom] | 1 teaspoon whole black peppercorns => peppercorns [2.7g, FDC local:corn] | 10 pieces rock sugar => rock sugar [1000.0g, FDC local:sugar] | 1/2 Cup Soy Sauce => soy sauce [70.0g, FDC local:soy sauce] | 1 medium red onion (quartered) => onion [110.0g, FDC local:onion] | 4 cloves Garlic (smashed) => garlic [12.0g, FDC local:garlic] | 3/4 Cup sinamak vinegar => sinamak vinegar [105.0g, FDC local:vinegar]"
ph_629,352,7.5,15.5,30.8,3.7,620,6.0,local_reference_ingredient_sum_draft,api_estimate,pending_review,"Draft only: summed local reference ingredient profiles and divided by source_servings=4. Reviewer must verify ingredient matches, edible yield, oil absorption, and serving size before marking reviewed.",draft_partial_match,7,2 tablespoons Oil (no FDC match for oil) | 1 kilo Pig's Blood (no FDC match for kilo pig s blood) | Salt (ignored seasoning/water) | Black Pepper (missing quantity) | 2 pieces Finger Chilies (Siling Pangsigang) (no FDC match for finger chilies),"5 cloves Garlic => garlic [15.0g, FDC local:garlic] | 1 medium Red Onion => onion [110.0g, FDC local:onion] | 1 1-inch piece Ginger => -inch ginger [100.0g, FDC local:ginger] | 1/2 kilo Pork => kilo pork [50.0g, FDC local:pork] | 1 Cup Vinegar => vinegar [140.0g, FDC local:vinegar] | 2 cups Coconut Milk (Gata) => coconut milk [480.0g, FDC local:coconut milk] | 2 tablespoons Fish Sauce (Patis) => fish sauce [30.0g, FDC local:fish sauce]"
ph_630,207,4.5,6.8,19.2,1.9,18,3.3,local_reference_ingredient_sum_draft,api_estimate,pending_review,"Draft only: summed local reference ingredient profiles and divided by source_servings=6. Reviewer must verify ingredient matches, edible yield, oil absorption, and serving size before marking reviewed.",draft_partial_match,6,3 teaspoons patis (fish sauce) (no FDC match for patis) | 1 teaspoon ground black pepper (no FDC match for pepper) | 2 pieces green finger chilies (siling pangsigang) (sliced) (no FDC match for finger chilies) | 2 tablespoons fresh basil leaves (chopped) (no FDC match for basil leaves) | red chili pepper (siling labuyo) (for garnish) (missing quantity),"2 tablespoons cooking oil => cooking oil [27.2g, FDC local:cooking oil] | 3 cloves Garlic (minced) => garlic [9.0g, FDC local:garlic] | 1 medium red onion (chopped) => onion [110.0g, FDC local:onion] | 1 medium tomato (chopped) => tomato [120.0g, FDC local:tomato] | 1 kilo medium-sized squid (cleaned, cut into rings) => kilo -sized squid [100.0g, FDC local:squid] | 1 1/2 cups coconut milk => coconut milk [360.0g, FDC local:coconut milk]"
ph_632,63,7.1,0.3,3.5,0.0,604,0.3,local_reference_ingredient_sum_draft,api_estimate,pending_review,"Draft only: summed local reference ingredient profiles and divided by source_servings=4. Reviewer must verify ingredient matches, edible yield, oil absorption, and serving size before marking reviewed.",draft_partial_match,2,1/2 Cup Calamansi Juice (no FDC match for calamansi juice) | 1 teaspoon Salt (ignored seasoning/water) | 1/8 teaspoon Black Pepper (no FDC match for pepper),"1 kilo Pork => kilo pork [100.0g, FDC local:pork] | 2 tablespoons Fish Sauce (Patis) => fish sauce [30.0g, FDC local:fish sauce]"
ph_633,149,7.3,6.4,10.5,0.0,218,6.3,local_reference_ingredient_sum_draft,api_estimate,pending_review,"Draft only: summed local reference ingredient profiles and divided by source_servings=4. Reviewer must verify ingredient matches, edible yield, oil absorption, and serving size before marking reviewed.",draft_partial_match,4,1 22-gram pack sinigang sa sampaloc mix (no FDC match for - pack sinigang sa sampaloc mix) | 1 teaspoon atsuete seeds (no FDC match for atsuete seeds),"1 600-700 gram fresh tuna belly (about 2 whole slabs) => - tuna belly [100.0g, FDC local:tuna] | 1 tablespoon Soy Sauce => soy sauce [15.0g, FDC local:soy sauce] | 2 tablespoons light brown sugar => light brown sugar [25.0g, FDC local:sugar] | 3 tablespoons vegetable oil => cooking oil [40.8g, FDC local:cooking oil]"
ph_634,380,10.2,53.8,13.3,1.3,205,0.8,local_reference_ingredient_sum_draft,api_estimate,pending_review,"Draft only: summed local reference ingredient profiles and divided by source_servings=4. Reviewer must verify ingredient matches, edible yield, oil absorption, and serving size before marking reviewed.",draft_partial_match,8,1 Cup Hot Water (no FDC match for hot water) | Salt (ignored seasoning/water) | 1 teaspoon Pepper (no FDC match for pepper) | 1 teaspoon Sesame Oil (no FDC match for sesame oil),"2 tablespoons Dried Shrimp (Hibe) => dried shrimp [16.0g, FDC local:shrimp] | 3 tablespoons Vegetable Oil => cooking oil [40.8g, FDC local:cooking oil] | 6 cloves Garlic => garlic [18.0g, FDC local:garlic] | 150 Grams Pechay Leaves => bok choy leaves [150.0g, FDC local:bok choy] | 1 thumb-sized piece Ginger => -sized ginger [15.0g, FDC local:ginger] | 3 cups Day-Old Brown Rice => day-old brown rice [720.0g, FDC local:rice] | 2 large Egg => egg [100.0g, FDC local:egg] | 2 teaspoons Soy Sauce => soy sauce [10.0g, FDC local:soy sauce]"
ph_635,181,2.5,18.4,12.2,2.4,12,10.4,local_reference_ingredient_sum_draft,api_estimate,pending_review,"Draft only: summed local reference ingredient profiles and divided by source_servings=2. Reviewer must verify ingredient matches, edible yield, oil absorption, and serving size before marking reviewed.",draft_partial_match,5,2 tablespoons Oil (no FDC match for oil) | 2 pieces Pompano (cleaned and gutted) (no FDC match for pompano) | 2 stalks Leeks (sliced) (no FDC match for stalks leeks) | 1 piece green finger chili (siling pangsigang) (no FDC match for finger chili) | 4-5 pieces birds eye chilies (siling labuyo) (no FDC match for birds eye chilies) | 1/8 Cup water (ignored seasoning/water) | Salt (to taste) (ignored seasoning/water) | ground black pepper (to taste) (ignored seasoning/water),"6 cloves Garlic (crushed) => garlic [18.0g, FDC local:garlic] | 1 medium red onion (roughly chopped) => onion [110.0g, FDC local:onion] | 1 thumb-sized ginger (roughly chopped) => -sized ginger [15.0g, FDC local:ginger] | 1 400-ml can coconut milk => -ml can coconut milk [100.0g, FDC local:coconut milk] | 1 tablespoon sugar => sugar [12.5g, FDC local:sugar]"
ph_637,225,33.1,12.5,3.7,1.5,399,0.7,local_reference_ingredient_sum_draft,api_estimate,pending_review,"Draft only: summed local reference ingredient profiles and divided by source_servings=6. Reviewer must verify ingredient matches, edible yield, oil absorption, and serving size before marking reviewed.",draft_partial_match,9,1/4 Cup unsweetened pineapple juice (no FDC match for unsweetened pineapple juice) | 3-4 pieces laurel leaves (no FDC match for laurel leaves) | 1 tablespoon Worcestershire sauce (no FDC match for worcestershire sauce) | 1/4 Cup water (ignored seasoning/water) | 3/4 Cup Oil (for frying) (ignored frying oil reserve) | Salt (to taste) (ignored seasoning/water) | ground black pepper (to taste) (ignored seasoning/water),"2 pieces chicken wings => chicken wings [200.0g, FDC local:chicken] | 2 pieces chicken thighs => chicken thighs [200.0g, FDC local:chicken] | 2 pieces chicken legs => chicken legs [200.0g, FDC local:chicken] | 1/4 Cup Soy Sauce => soy sauce [35.0g, FDC local:soy sauce] | 1/2 Cup Vinegar => vinegar [70.0g, FDC local:vinegar] | 8 cloves Garlic (crushed) => garlic [24.0g, FDC local:garlic] | 1 tablespoon whole black peppercorns => peppercorns [8.0g, FDC local:corn] | 2 medium Potatoes (peeled, quartered) => potatoes [340.0g, FDC local:potato] | 2 tablespoons fried garlic (to serve) => fried garlic [16.0g, FDC local:garlic]"
ph_638,76,5.8,7.7,2.5,0.5,655,5.5,local_reference_ingredient_sum_draft,api_estimate,pending_review,"Draft only: summed local reference ingredient profiles and divided by source_servings=6. Reviewer must verify ingredient matches, edible yield, oil absorption, and serving size before marking reviewed.",draft_partial_match,7,10 cups water (divided) (ignored seasoning/water) | Salt (to taste) (ignored seasoning/water) | ground black pepper (to taste) (ignored seasoning/water),"1 kilo pork pata (sliced into serving pieces) => kilo pork pata [100.0g, FDC local:pork] | 6 cloves Garlic (crushed) => garlic [18.0g, FDC local:garlic] | 1/2 Cup Soy Sauce => soy sauce [70.0g, FDC local:soy sauce] | 1 tablespoon whole black peppercorns => peppercorns [8.0g, FDC local:corn] | 1/4 Cup banana blossoms => banana blossoms [35.0g, FDC local:banana blossom] | 1/4 Cup Vinegar => vinegar [35.0g, FDC local:vinegar] | 1/4 Cup brown sugar => brown sugar [31.2g, FDC local:sugar]"
ph_639,55,4.7,4.9,2.3,1.1,281,2.2,local_reference_ingredient_sum_draft,api_estimate,pending_review,"Draft only: summed local reference ingredient profiles and divided by source_servings=6. Reviewer must verify ingredient matches, edible yield, oil absorption, and serving size before marking reviewed.",draft_partial_match,7,4 tablespoons Oil (divided) (no FDC match for oil) | Salt (to taste) (ignored seasoning/water) | ground black pepper (to taste) (ignored seasoning/water) | banana ketchup (to serve) (missing quantity),"3 pieces eggplant => eggplant [150.0g, FDC local:eggplant] | 6 cloves Garlic (minced) => garlic [18.0g, FDC local:garlic] | 1/2 medium red onion (minced) => onion [55.0g, FDC local:onion] | 1/4 kilo ground pork => kilo pork [25.0g, FDC local:pork] | 2 small squares firm tofu (tokwa) (cubed small) => squares tofu [200.0g, FDC local:tofu] | 2 tablespoons Soy Sauce => soy sauce [30.0g, FDC local:soy sauce] | 1 teaspoon sugar => sugar [4.2g, FDC local:sugar]"
ph_640,2527,53.1,121.0,201.0,3.5,3974,2.8,local_reference_ingredient_sum_draft,api_estimate,pending_review,"Draft only: summed local reference ingredient profiles and divided by source_servings=2. Reviewer must verify ingredient matches, edible yield, oil absorption, and serving size before marking reviewed.",draft_partial_match,7,2 cups water (ignored seasoning/water) | 3 pieces laurel leaves (ignored seasoning/water) | 1/2 Cup mayonnaise (or as needed for adobo mayo) (ignored frying oil reserve) | cooking oil (for deep frying) (ignored frying oil reserve),"750 Grams pork belly slab (liempo) => pork belly slab [750.0g, FDC local:pork belly] | 1 Cup Soy Sauce => soy sauce [140.0g, FDC local:soy sauce] | 1/3 Cup white vinegar => vinegar [46.7g, FDC local:vinegar] | 1/2 tablespoon black peppercorns => peppercorns [4.0g, FDC local:corn] | 1 head Garlic (minced) => garlic [50.0g, FDC local:garlic] | 3 cups day-old rice (for adobo rice) => day-old rice [720.0g, FDC local:rice] | 1/2 Cup cornstarch (for dredging) => cornstarch [75.0g, FDC local:corn]"
ph_641,289,20.4,11.2,18.2,2.5,140,3.9,local_reference_ingredient_sum_draft,api_estimate,pending_review,"Draft only: summed local reference ingredient profiles and divided by source_servings=4. Reviewer must verify ingredient matches, edible yield, oil absorption, and serving size before marking reviewed.",draft_partial_match,10,1/2 teaspoon Salt (or to taste) (no FDC match for salt) | 1/4 teaspoon ground black pepper (or to taste) (no FDC match for pepper) | 1/2 teaspoon Salt (or to taste) (no FDC match for salt),"4 medium eggplants => eggplants [200.0g, FDC local:eggplant] | 1 tablespoon vegetable oil => cooking oil [13.6g, FDC local:cooking oil] | 1 Small red onion (chopped) => onion [110.0g, FDC local:onion] | 4 cloves Garlic => garlic [12.0g, FDC local:garlic] | 1 Small tomato (deseeded and diced) => tomato [120.0g, FDC local:tomato] | 150 Grams chicken breast fillet (diced) => chicken breast fillet [150.0g, FDC local:chicken] | 1/4 Cup Cheese (grated) => cheese [35.0g, FDC local:cheese] | 3 large eggs => eggs [150.0g, FDC local:egg] | 2 tablespoons all-purpose flour => all-purpose flour [16.0g, FDC local:flour] | 2 tablespoons vegetable oil (divided) => cooking oil [27.2g, FDC local:cooking oil]"
ph_642,19,1.8,3.1,0.1,0.2,7,0.1,local_reference_ingredient_sum_draft,api_estimate,pending_review,"Draft only: summed local reference ingredient profiles and divided by source_servings=4. Reviewer must verify ingredient matches, edible yield, oil absorption, and serving size before marking reviewed.",draft_partial_match,2,1 330-ml can Sprite (or any lemon-lime soda) (no FDC match for -ml can sprite) | 1 tablespoon rock salt (ignored seasoning/water),"1 kilo Shrimp (antennas removed/trimmed, legs trimmed) => kilo shrimp [20.0g, FDC local:shrimp] | 10 to 15 cloves Garlic (peeled) => garlic [37.5g, FDC local:garlic]"
ph_643,269,7.1,13.3,22.7,2.6,455,4.0,local_reference_ingredient_sum_draft,api_estimate,pending_review,"Draft only: summed local reference ingredient profiles and divided by source_servings=5.5. Reviewer must verify ingredient matches, edible yield, oil absorption, and serving size before marking reviewed.",draft_partial_match,5,"1 kilo santol (peeled, seeds removed) (no FDC match for kilo santol) | 1 tablespoon Oil (no FDC match for oil) | 2 pieces green chili fingers (siling pang-sigang) (sliced into small pieces) (no FDC match for chili fingers) | 2 pieces Thai Red Chili (sliced into small pieces) (no FDC match for thai chili)","1 medium-sized red onion (minced) => -sized onion [110.0g, FDC local:onion] | 1 medium-sized whole garlic (minced) => -sized garlic [100.0g, FDC local:garlic] | 1/2 kilo pork (menudo cut) => kilo pork [50.0g, FDC local:pork] | 2 tablespoons shrimp paste => shrimp paste [34.0g, FDC local:shrimp paste] | 2 cups coconut milk => coconut milk [480.0g, FDC local:coconut milk]"
ph_644,226,22.5,3.7,12.6,0.7,382,1.6,local_reference_ingredient_sum_draft,api_estimate,pending_review,"Draft only: summed local reference ingredient profiles and divided by source_servings=6. Reviewer must verify ingredient matches, edible yield, oil absorption, and serving size before marking reviewed.",draft_partial_match,3,"1/4 Cup fresh calamansi juice (no FDC match for calamansi juice) | 4 cups water (or as needed) (ignored seasoning/water) | ground black pepper (to taste (optional)) (ignored seasoning/water) | Oil (as needed, for frying) (ignored frying oil reserve)","500 Grams beef sirloin (thinly sliced and cut into pieces) => beef sirloin [500.0g, FDC local:beef] | 1/4 Cup Soy Sauce => soy sauce [35.0g, FDC local:soy sauce] | 2 medium white onions (peeled, sliced into rings) => onions [220.0g, FDC local:onion]"
ph_645,411,33.6,3.1,28.1,0.8,324,1.4,local_reference_ingredient_sum_draft,api_estimate,pending_review,"Draft only: summed local reference ingredient profiles and divided by source_servings=6. Reviewer must verify ingredient matches, edible yield, oil absorption, and serving size before marking reviewed.",draft_partial_match,6,1 bundle string beans (sitaw) (cut into 3-inch pieces) (no FDC match for string beans) | water (as needed) (ignored seasoning/water) | Salt (to taste) (ignored seasoning/water) | ground black pepper (to taste) (ignored seasoning/water),"1/4 Cup cooking oil (divided) => cooking oil [54.5g, FDC local:cooking oil] | 2 medium talong (eggplant) (cubed) => eggplant [100.0g, FDC local:eggplant] | 1 medium red onion (peeled, sliced) => onion [110.0g, FDC local:onion] | 750 Grams beef cubes => beef cubes [750.0g, FDC local:beef] | 1 50-gram pack shrimp paste (bagoong alamang) => - pack shrimp paste [20.0g, FDC local:shrimp paste] | 1 teaspoon cornstarch (diluted in 1 tablespoon water) => cornstarch [2.7g, FDC local:corn]"
ph_646,387,22.2,32.0,18.4,2.6,543,3.6,local_reference_ingredient_sum_draft,api_estimate,pending_review,"Draft only: summed local reference ingredient profiles and divided by source_servings=4. Reviewer must verify ingredient matches, edible yield, oil absorption, and serving size before marking reviewed.",draft_partial_match,7,2 tablespoons Calamansi Juice (no FDC match for calamansi juice) | 2 cups water (more as needed) (ignored seasoning/water) | 1/2 cup chopped green beans (on the diagonal) (no FDC match for beans) | ground black pepper (to taste) (ignored seasoning/water),"2 tablespoons vegetable oil => cooking oil [27.2g, FDC local:cooking oil] | 2 medium red onions (sliced thinly) => onions [220.0g, FDC local:onion] | 250 Grams sirloin beef steak (cut into thin strips) => sirloin beef steak [250.0g, FDC local:beef] | 1/4 Cup Soy Sauce => soy sauce [35.0g, FDC local:soy sauce] | 1 Pack instant noodles (beef, seasoning packet only or beef bouillon cube) => pack instant noodles [100.0g, FDC local:noodles] | 3 70-gram packs instant noodles (beef, noodles only or pancit canton noodles) => - packs instant noodles [300.0g, FDC local:noodles] | 1 Small carrot (peeled, cut into thin strips) => carrot [60.0g, FDC local:carrot]"
ph_647,262,11.9,29.1,12.0,3.5,527,21.1,local_reference_ingredient_sum_draft,api_estimate,pending_review,"Draft only: summed local reference ingredient profiles and divided by source_servings=2.5. Reviewer must verify ingredient matches, edible yield, oil absorption, and serving size before marking reviewed.",draft_partial_match,6,1 1/2 cups ripe guava (seeds removed) (no FDC match for guava) | 4 cups water (ignored seasoning/water) | 400 ml coconut milk or gata (unsupported unit ml) | 1 piece green chili (no FDC match for chili) | 1/4 Cup patis (fish sauce) (no FDC match for patis) | 1 8-gram pack seasoning powder (or 1 broth cube) (no FDC match for - pack seasoning powder),"1 kilo blue crabs (alimasag) (or alimango) => kilo blue crabs [100.0g, FDC local:crab] | 1 medium red onion (sliced) => onion [110.0g, FDC local:onion] | 5 cloves Garlic (chopped) => garlic [15.0g, FDC local:garlic] | 3/8 Cup brown sugar => brown sugar [46.9g, FDC local:sugar] | 2 bundles kangkong (water spinach) (tender stalks only, cut into 3 inches length) => kangkong [300.0g, FDC local:spinach] | 2 tablespoons vegetable oil (or as needed) => cooking oil [27.2g, FDC local:cooking oil]"
ph_648,527,75.2,35.2,8.6,4.2,377,4.6,local_reference_ingredient_sum_draft,api_estimate,pending_review,"Draft only: summed local reference ingredient profiles and divided by source_servings=4.5. Reviewer must verify ingredient matches, edible yield, oil absorption, and serving size before marking reviewed.",draft_partial_match,9,3 pieces saba bananas (cut to pieces) (no FDC match for saba bananas) | ground pepper (to taste) (missing quantity) | 1 Cup water (ignored seasoning/water) | 1 Cup string beans (cut into 2-inch pieces) (no FDC match for string beans) | Salt (ignored seasoning/water),"1 medium-sized potato (cut to pieces) => -sized potato [170.0g, FDC local:potato] | 1 medium-sized carrot (cut to pieces) => -sized carrot [60.0g, FDC local:carrot] | 1 medium-sized onion (diced) => -sized onion [110.0g, FDC local:onion] | 3 medium cloves Garlic (minced) => garlic [300.0g, FDC local:garlic] | 1 kg Chicken (chopped up into small pieces) => chicken [1000.0g, FDC local:chicken] | 1 tablespoon tomato paste => tomato paste [17.0g, FDC local:tomato] | 1 tablespoon Soy Sauce => soy sauce [15.0g, FDC local:soy sauce] | 1 medium-sized red bell pepper (cut into small pieces) => -sized bell pepper [120.0g, FDC local:bell pepper] | 1 small head cabbage (chopped) => cabbage [100.0g, FDC local:cabbage]"
ph_649,199,32.1,8.7,2.9,0.3,474,0.6,local_reference_ingredient_sum_draft,api_estimate,pending_review,"Draft only: summed local reference ingredient profiles and divided by source_servings=5. Reviewer must verify ingredient matches, edible yield, oil absorption, and serving size before marking reviewed.",draft_partial_match,6,2 tablespoons Oil (no FDC match for oil) | 1 piece green finger chili (siling pangsigang) (no FDC match for finger chili) | 1/2 Cup water (ignored seasoning/water),"1/4 Cup white onion (sliced) => onion [35.0g, FDC local:onion] | 6 cloves Garlic (whole) => garlic [18.0g, FDC local:garlic] | 1/4 Cup tomatoes (sliced) => tomatoes [35.0g, FDC local:tomato] | 1 kilogram squid (cleaned and ink removed) => squid [1000.0g, FDC local:squid] | 1/3 Cup Vinegar => vinegar [46.7g, FDC local:vinegar] | 1/4 Cup Soy Sauce => soy sauce [35.0g, FDC local:soy sauce]"
ph_651,138,2.3,4.2,13.1,0.7,40,1.9,local_reference_ingredient_sum_draft,api_estimate,pending_review,"Draft only: summed local reference ingredient profiles and divided by source_servings=4. Reviewer must verify ingredient matches, edible yield, oil absorption, and serving size before marking reviewed.",draft_partial_match,6,1/2 kilo fresh manila clams (halaan) (no FDC match for kilo manila clams) | 5 pieces bird's eye chili (siling labuyo) (sliced) (no FDC match for bird s eye chili) | 3 stems Lemongrass (tied in a knot) (no FDC match for stems lemongrass) | Salt (to taste) (ignored seasoning/water) | ground pepper (to taste) (missing quantity),"1/2 kilo green mussels (tahong) => kilo mussels [50.0g, FDC local:mussels] | 2 tablespoons cooking oil => cooking oil [27.2g, FDC local:cooking oil] | 4 cloves Garlic (peeled and smashed) => garlic [12.0g, FDC local:garlic] | 1 400-ml can coconut milk => -ml can coconut milk [100.0g, FDC local:coconut milk] | 1 teaspoon white sugar => sugar [4.2g, FDC local:sugar] | 1 tablespoon grated ginger => grated ginger [8.0g, FDC local:ginger]"
ph_652,127,6.1,3.4,9.7,0.4,799,1.2,local_reference_ingredient_sum_draft,api_estimate,pending_review,"Draft only: summed local reference ingredient profiles and divided by source_servings=6. Reviewer must verify ingredient matches, edible yield, oil absorption, and serving size before marking reviewed.",draft_partial_match,7,200 ml coconut milk (unsupported unit ml) | 1 piece green chili fingers (siling pang-sigang) (no FDC match for chili fingers) | Salt (to taste) (ignored seasoning/water) | ground pepper (to taste) (missing quantity),"4 tablespoons cooking oil => cooking oil [54.4g, FDC local:cooking oil] | 1/2 thumb-sized ginger (julienned) => -sized ginger [7.5g, FDC local:ginger] | 6 cloves Garlic (chopped) => garlic [18.0g, FDC local:garlic] | 1 medium white onion (sliced) => onion [110.0g, FDC local:onion] | 1 1.2 kilogram whole chicken (cut up) => kilogram chicken [100.0g, FDC local:chicken] | 6 tablespoons Vinegar => vinegar [90.0g, FDC local:vinegar] | 4 tablespoons fish sauce (patis) => fish sauce [60.0g, FDC local:fish sauce]"
ph_653,378,46.7,15.5,13.1,1.7,843,5.4,local_reference_ingredient_sum_draft,api_estimate,pending_review,"Draft only: summed local reference ingredient profiles and divided by source_servings=3.5. Reviewer must verify ingredient matches, edible yield, oil absorption, and serving size before marking reviewed.",draft_partial_match,7,3 pieces bay leaves (ignored seasoning/water) | chili flakes (to taste) (missing quantity) | Salt (to taste) (ignored seasoning/water) | Pepper (to taste) (ignored seasoning/water) | Oil (for frying) (ignored frying oil reserve),"500 Grams chicken wings => chicken wings [500.0g, FDC local:chicken] | 1 large onion => onion [110.0g, FDC local:onion] | 1/3 Cup Soy Sauce => soy sauce [46.7g, FDC local:soy sauce] | 1/3 Cup Vinegar => vinegar [46.7g, FDC local:vinegar] | 1 tablespoon sugar => sugar [12.5g, FDC local:sugar] | 2 tablespoons cooking oil => cooking oil [27.2g, FDC local:cooking oil] | 1 potato (sliced thinly) => potato [170.0g, FDC local:potato]"
ph_654,59,1.0,4.2,4.7,1.4,12,1.8,local_reference_ingredient_sum_draft,api_estimate,pending_review,"Draft only: summed local reference ingredient profiles and divided by source_servings=6. Reviewer must verify ingredient matches, edible yield, oil absorption, and serving size before marking reviewed.",draft_partial_match,6,"1 1/2 liters water (unsupported unit liter) | 1 20-gram pack sinigang sa sampaloc mix (no FDC match for - pack sinigang sa sampaloc mix) | 1 small piece white radish (labanos) (peeled, sliced into rounds) (no FDC match for radish) | 1/2 bunch string beans (sitaw) (cut into 3-inch lengths) (no FDC match for string beans) | siling pangsigang (Optional) (missing quantity)","2 tablespoons cooking oil => cooking oil [27.2g, FDC local:cooking oil] | 1 Small red onion (peeled, quartered) => onion [110.0g, FDC local:onion] | 1 Small tomato (quartered) => tomato [120.0g, FDC local:tomato] | 5 pieces okra (sliced) => okra [60.0g, FDC local:okra] | 1 medium talong (eggplant) (trimmed, cut into quarters) => eggplant [50.0g, FDC local:eggplant] | 1/2 bunch kangkong (leaves and tender stems) => kangkong [75.0g, FDC local:spinach]"
ph_655,330,14.5,20.0,21.1,0.4,183,0.3,local_reference_ingredient_sum_draft,api_estimate,pending_review,"Draft only: summed local reference ingredient profiles and divided by source_servings=6. Reviewer must verify ingredient matches, edible yield, oil absorption, and serving size before marking reviewed.",draft_partial_match,7,1 1/2 cups water (or as needed) (no FDC match for water) | 1/2 Cup mayonnaise (ignored frying oil reserve) | spiced vinegar (to serve) (missing quantity) | Pickled Vegetables (Atsara) (to serve) (missing quantity) | banana ketchup (to serve) (missing quantity) | Nori sheets (dried seaweed) (to serve) (missing quantity),"1 Cup short grain rice (Dinorado) (rinsed) => short grain rice [240.0g, FDC local:rice] | 1/2 Cup Glutinous rice (malagkit) (rinsed) => glutinous rice [120.0g, FDC local:rice] | 1/4 Cup cooking oil => cooking oil [54.5g, FDC local:cooking oil] | 1 head Garlic (chopped) => garlic [50.0g, FDC local:garlic] | 1 500-gram pack Beef tapa (finely chopped) => - pack beef tapa [100.0g, FDC local:beef] | 2 large eggs (beaten slightly) => eggs [100.0g, FDC local:egg] | 1 Cup quick-melting cheese (grated) => quick-melting cheese [140.0g, FDC local:cheese]"
ph_656,276,54.6,7.4,2.3,0.6,1687,4.3,local_reference_ingredient_sum_draft,api_estimate,pending_review,"Draft only: summed local reference ingredient profiles and divided by source_servings=4. Reviewer must verify ingredient matches, edible yield, oil absorption, and serving size before marking reviewed.",draft_partial_match,6,Salt (to taste) (ignored seasoning/water) | ground pepper (to taste) (missing quantity) | 1 Cup water (ignored seasoning/water) | 4 tablespoons oyster sauce (no FDC match for oyster sauce) | cooking oil (as needed) (missing quantity),"5 cloves Garlic (chopped) => garlic [15.0g, FDC local:garlic] | 1 large white onion (chopped) => onion [110.0g, FDC local:onion] | 1/2 kilogram medium-sized shrimps (trimmed) => -sized shrimps [500.0g, FDC local:shrimp] | 500 Grams crab balls => crab balls [500.0g, FDC local:crab] | 1 tablespoon brown sugar => brown sugar [12.5g, FDC local:sugar] | 1 tablespoon Soy Sauce => soy sauce [15.0g, FDC local:soy sauce]"
ph_657,910,76.2,61.5,38.8,8.8,266,7.2,local_reference_ingredient_sum_draft,api_estimate,pending_review,"Draft only: summed local reference ingredient profiles and divided by source_servings=5. Reviewer must verify ingredient matches, edible yield, oil absorption, and serving size before marking reviewed.",draft_partial_match,9,2 teaspoon Salt (ignored seasoning/water) | 1 1/2 liters hot water (unsupported unit liter) | 2 pieces saba bananas (cut into three pieces) (no FDC match for saba bananas) | fish sauce (patis) (to serve) (missing quantity) | calamansi (to serve) (missing quantity) | red chili pepper (siling labuyo) (to serve) (missing quantity),"1 1/4 kilogram pork pata => pork pata [1250.0g, FDC local:pork] | 1 tablespoon cooking oil => cooking oil [13.6g, FDC local:cooking oil] | 2 pieces fresh sweet corn (cut into three pieces) => sweet corn [200.0g, FDC local:corn] | 2 medium-sized red onions (finely chopped) => -sized onions [220.0g, FDC local:onion] | 2 teaspoons whole black peppercorns => peppercorns [5.3g, FDC local:corn] | 1 piece pork bouillon cube => pork bouillon cube [100.0g, FDC local:broth] | 8 pieces marble potatoes => marble potatoes [1360.0g, FDC local:potato] | 2 bunches native pechay => native bok choy [300.0g, FDC local:bok choy] | 1 medium cabbage (chopped) => cabbage [100.0g, FDC local:cabbage]"
ph_658,98,6.1,16.0,1.0,3.2,17,11.9,local_reference_ingredient_sum_draft,api_estimate,pending_review,"Draft only: summed local reference ingredient profiles and divided by source_servings=7. Reviewer must verify ingredient matches, edible yield, oil absorption, and serving size before marking reviewed.",draft_partial_match,9,3 pieces laurel leaves (ignored seasoning/water) | 2 cups water (ignored seasoning/water) | 1 Cup lechon sauce (no FDC match for lechon sauce),"1 whole Chicken (roasted) => chicken [100.0g, FDC local:chicken] | 4 pieces green bell pepper (or green jalapeno) => bell pepper [480.0g, FDC local:bell pepper] | 4 pieces red bell pepper (or red jalapeno) => bell pepper [480.0g, FDC local:bell pepper] | 1/2 teaspoon black peppercorns => peppercorns [1.3g, FDC local:corn] | 3 tablespoons brown sugar => brown sugar [37.5g, FDC local:sugar] | 4 tablespoons white vinegar => vinegar [60.0g, FDC local:vinegar] | 1 whole red onion (sliced into four pieces) => onion [110.0g, FDC local:onion] | 4 clove Garlic => garlic [12.0g, FDC local:garlic] | 1 tablespoon cornstarch => cornstarch [8.0g, FDC local:corn]"
ph_659,69,1.4,3.6,6.0,0.8,203,1.4,local_reference_ingredient_sum_draft,api_estimate,pending_review,"Draft only: summed local reference ingredient profiles and divided by source_servings=6. Reviewer must verify ingredient matches, edible yield, oil absorption, and serving size before marking reviewed.",draft_partial_match,4,2 tablespoons Oil (or as needed) (no FDC match for oil) | 1 340-gram can Spam (cubed) (no FDC match for - can spam) | 1/2 Cup water (or as needed) (ignored seasoning/water) | 1 bundle long beans (sitaw) (cut into 3-inch lengths) (no FDC match for beans) | ground black pepper (to taste) (ignored seasoning/water),"1 medium red onion (peeled and sliced) => onion [110.0g, FDC local:onion] | 1 tablespoon shrimp paste (bagoong alamang) (or to taste) => shrimp paste [17.0g, FDC local:shrimp paste] | 1/4 chunk squash (kalabasa) (seeds removed, peeled, and cubed) => chunk squash [25.0g, FDC local:squash] | 1 200-ml pack fresh coconut cream (kakang gata) => -ml pack coconut cream [100.0g, FDC local:coconut cream]"
ph_661,630,57.8,5.3,40.8,0.6,129,2.2,local_reference_ingredient_sum_draft,api_estimate,pending_review,"Draft only: summed local reference ingredient profiles and divided by source_servings=2.5. Reviewer must verify ingredient matches, edible yield, oil absorption, and serving size before marking reviewed.",draft_partial_match,8,3 tablespoons water (no FDC match for water) | 1 tablespoon liquid seasoning (no FDC match for liquid seasoning) | 2 pieces siling mahaba (long chili) (chopped) (no FDC match for siling mahaba) | 1/2 teaspoon red chili pepper (no FDC match for chili pepper) | 3 tablespoons chicharon (crushed) (no FDC match for chicharon) | Oil (for frying) (ignored frying oil reserve),"2 tablespoons mayonnaise => cooking oil [27.2g, FDC local:cooking oil] | 1 teaspoon Garlic powder => garlic powder [2.7g, FDC local:garlic] | 1/2 teaspoon sugar (or to taste) => sugar [2.1g, FDC local:sugar] | 1/2 kilogram lean pork cuts => lean pork cuts [500.0g, FDC local:pork] | 1 500-gram block tofu (cubed, fried) => - block tofu [100.0g, FDC local:tofu] | 1 tablespoon Garlic (minced) => garlic [8.0g, FDC local:garlic] | 1/2 head sweet onions (or use red onion) => sweet onions [55.0g, FDC local:onion] | 1 tablespoon spring onions (chopped) => spring onions [8.0g, FDC local:onion]"
ph_662,311,24.3,14.1,17.6,4.4,53,4.2,local_reference_ingredient_sum_draft,api_estimate,pending_review,"Draft only: summed local reference ingredient profiles and divided by source_servings=4. Reviewer must verify ingredient matches, edible yield, oil absorption, and serving size before marking reviewed.",draft_partial_match,9,4 cups water (ignored seasoning/water),"1 Cup green monggo beans (whole) => mung beans beans [140.0g, FDC local:mung beans] | 2 tablespoons vegetable cooking oil => vegetable cooking oil [27.2g, FDC local:cooking oil] | 3 cloves Garlic (mashed) => garlic [9.0g, FDC local:garlic] | 1 piece medium-sized onion (chopped) => -sized onion [110.0g, FDC local:onion] | 3 pieces medium-sized tomatoes (chopped) => -sized tomatoes [360.0g, FDC local:tomato] | 1/4 kilo pork strips => kilo pork strips [25.0g, FDC local:pork] | 2 pieces Knorr Pork Cubes => knorr pork cubes [200.0g, FDC local:pork] | 1 Cup malunggay leaves => moringa leaves leaves [30.0g, FDC local:moringa leaves] | 1/2 cups crushed pork chicharon ((Optional)) => pork chicharon [70.0g, FDC local:pork]"
ph_663,118,13.3,7.9,3.6,1.0,184,1.5,local_reference_ingredient_sum_draft,api_estimate,pending_review,"Draft only: summed local reference ingredient profiles and divided by source_servings=6. Reviewer must verify ingredient matches, edible yield, oil absorption, and serving size before marking reviewed.",draft_partial_match,10,"2 tablespoons Oil (no FDC match for oil) | 1/4 Cup chicharo (ends trimmed) (no FDC match for chicharo) | 2 cups water (ignored seasoning/water) | ground black pepper, to taste (ignored seasoning/water)","125 Grams pork (thinly sliced) => pork [125.0g, FDC local:pork] | 4 cloves Garlic (chopped) => garlic [12.0g, FDC local:garlic] | 1 small onion (chopped) => onion [110.0g, FDC local:onion] | 1/2 Cup shrimps (peeled) => shrimps [70.0g, FDC local:shrimp] | 1/4 Cup chicken liver (cut into bite-sized pieces) => chicken liver [35.0g, FDC local:chicken] | 1 small carrot (cut into thin strips) => carrot [60.0g, FDC local:carrot] | 1/4 piece cabbage (sliced into thick strips) => cabbage [25.0g, FDC local:cabbage] | 2 pieces knorr shrimp cubes => knorr shrimp cubes [40.0g, FDC local:shrimp] | 1 tablespoon Soy Sauce => soy sauce [15.0g, FDC local:soy sauce] | 1 pack (240 grams) pancit canton noodles => pack pancit canton noodles [100.0g, FDC local:noodles]"
ph_664,254,23.4,9.8,12.6,0.3,886,6.4,local_reference_ingredient_sum_draft,api_estimate,pending_review,"Draft only: summed local reference ingredient profiles and divided by source_servings=6. Reviewer must verify ingredient matches, edible yield, oil absorption, and serving size before marking reviewed.",draft_partial_match,5,5-6 pieces bird's eye chili (siling labuyo) (chopped) (no FDC match for bird s eye chili) | 1 tablespoon ground black pepper (no FDC match for pepper) | vegetable oil (for frying) (ignored frying oil reserve),"6 tablespoons Soy Sauce => soy sauce [90.0g, FDC local:soy sauce] | 2 tablespoons cane vinegar => cane vinegar [30.0g, FDC local:vinegar] | 1 head Garlic (crushed) => garlic [50.0g, FDC local:garlic] | 3 tablespoons brown sugar => brown sugar [37.5g, FDC local:sugar] | 500 Grams beef sirloin (sliced into strips) => beef sirloin [500.0g, FDC local:beef]"
ph_665,545,54.3,8.9,30.2,1.3,1631,3.5,local_reference_ingredient_sum_draft,api_estimate,pending_review,"Draft only: summed local reference ingredient profiles and divided by source_servings=5. Reviewer must verify ingredient matches, edible yield, oil absorption, and serving size before marking reviewed.",draft_partial_match,7,"10 cups water (ignored seasoning/water) | 100 Grams celery (sliced) (no FDC match for celery) | 1 piece birds eye chili (siling labuyo) (no FDC match for birds eye chili) | vegetable oil (for frying) (ignored frying oil reserve) | fried garlic (for serving) (missing quantity) | red onion (sliced into rings, for serving) (missing quantity)","1 kilogram beef shank (bulalo) => beef shank [1000.0g, FDC local:beef] | 3 medium red onions (quartered) => onions [330.0g, FDC local:onion] | 6 cloves Garlic (peeled) => garlic [18.0g, FDC local:garlic] | 1/2 Cup fish sauce (patis) => fish sauce [70.0g, FDC local:fish sauce] | 1/4 Cup Soy Sauce => soy sauce [35.0g, FDC local:soy sauce] | 2 tablespoons cane vinegar => cane vinegar [30.0g, FDC local:vinegar] | 2 tablespoons black peppercorns => peppercorns [16.0g, FDC local:corn]"
ph_666,137,7.3,17.9,3.9,1.8,437,2.9,local_reference_ingredient_sum_draft,api_estimate,pending_review,"Draft only: summed local reference ingredient profiles and divided by source_servings=6. Reviewer must verify ingredient matches, edible yield, oil absorption, and serving size before marking reviewed.",draft_partial_match,8,"2 tablespoons Oil (no FDC match for oil) | 4 pieces longganisa (use Vigan or Laoag longganisa, chopped) (no FDC match for longganisa) | Salt (to taste) (ignored seasoning/water) | ground black pepper (to taste) (ignored seasoning/water) | calamansi (to serve) (missing quantity)","300 Grams fresh pancit miki noodles => pancit miki noodles [300.0g, FDC local:noodles] | 1 Small red onion (chopped) => onion [110.0g, FDC local:onion] | 2 cloves Garlic (chopped) => garlic [6.0g, FDC local:garlic] | 3 large eggs (beaten) => eggs [150.0g, FDC local:egg] | 1 Small red bell pepper (seeded, sliced) => bell pepper [120.0g, FDC local:bell pepper] | 1 Small green bell pepper (seeded, sliced) => bell pepper [120.0g, FDC local:bell pepper] | 2 tablespoons shrimp paste (bagoong alamang) => shrimp paste [34.0g, FDC local:shrimp paste] | 1 tablespoon spring onion (chopped) => spring onion [8.0g, FDC local:onion]"
ph_667,780,38.2,76.7,34.1,2.4,1004,3.1,local_reference_ingredient_sum_draft,api_estimate,pending_review,"Draft only: summed local reference ingredient profiles and divided by source_servings=4. Reviewer must verify ingredient matches, edible yield, oil absorption, and serving size before marking reviewed.",draft_partial_match,9,1 medium green papaya (peeled and sliced) (no FDC match for papaya) | 1/2 teaspoon ground black pepper (no FDC match for pepper) | 1 Cup chili leaves (dahon ng sili) (no FDC match for chili leaves),"2 tablespoons vegetable oil => cooking oil [27.2g, FDC local:cooking oil] | 1 1 1/2-inch piece ginger (peeled and sliced into strips) => -inch ginger [100.0g, FDC local:ginger] | 1 medium red onion (chopped) => onion [110.0g, FDC local:onion] | 3 cloves Garlic (chopped) => garlic [9.0g, FDC local:garlic] | 1 pieces tomato (chopped) => tomato [120.0g, FDC local:tomato] | 500 Grams pork ribs => pork ribs [500.0g, FDC local:pork ribs] | 3 tablespoons fish sauce (patis) => fish sauce [45.0g, FDC local:fish sauce] | 4 cups rice washing (hugas bigas) or water => rice washing or water [960.0g, FDC local:rice] | 1 teaspoon black peppercorns => peppercorns [2.7g, FDC local:corn]"
ph_669,275,33.9,13.9,8.6,1.1,377,1.5,local_reference_ingredient_sum_draft,api_estimate,pending_review,"Draft only: summed local reference ingredient profiles and divided by source_servings=6. Reviewer must verify ingredient matches, edible yield, oil absorption, and serving size before marking reviewed.",draft_partial_match,9,"4 cups water (more as needed) (ignored seasoning/water) | firm tofu (tokwa) (sliced and fried, to serve) (missing quantity) | green onions (to serve) (missing quantity) | ground black pepper (to serve) (ignored seasoning/water) | Toasted garlic (to serve) (missing quantity)","1/8 kilogram chicken intestine (isaw) (cut into 3-inch lengths) => chicken intestine [125.0g, FDC local:chicken] | 100 Grams chicken gizzard (balunbalunan) => chicken gizzard [100.0g, FDC local:chicken] | 2 tablespoons vegetable oil => cooking oil [27.2g, FDC local:cooking oil] | 1 Small red onion (peeled, chopped) => onion [110.0g, FDC local:onion] | 3 cloves Garlic (peeled, chopped) => garlic [9.0g, FDC local:garlic] | 2 inches fresh ginger (peeled, sliced into strips) => inches ginger [200.0g, FDC local:ginger] | 1/2 Cup Glutinous rice (malagkit) => glutinous rice [120.0g, FDC local:rice] | 1 1/2 tablespoons fish sauce (patis) (or to taste) => fish sauce [22.5g, FDC local:fish sauce] | 4 pieces chicken wings => chicken wings [400.0g, FDC local:chicken]"
ph_670,562,46.5,23.1,29.7,3.6,526,2.9,local_reference_ingredient_sum_draft,api_estimate,pending_review,"Draft only: summed local reference ingredient profiles and divided by source_servings=6. Reviewer must verify ingredient matches, edible yield, oil absorption, and serving size before marking reviewed.",draft_partial_match,7,"5 cups water (ignored seasoning/water) | 4 pieces siling labuyo (halved, more to serve) (no FDC match for siling labuyo) | 1 bunch string beans (sitaw) (cut into 3-inch lengths) (no FDC match for string beans) | calamansi (to serve) (missing quantity) | steamed rice (to serve) (missing quantity)","2 tablespoons vegetable oil => cooking oil [27.2g, FDC local:cooking oil] | 1 medium red onion (peeled, quartered) => onion [110.0g, FDC local:onion] | 1 kilogram beef cubes => beef cubes [1000.0g, FDC local:beef] | 2 tablespoons fish sauce (patis) (or to taste, more to serve) => fish sauce [30.0g, FDC local:fish sauce] | 1/2 teaspoon black peppercorns => peppercorns [1.3g, FDC local:corn] | 4 medium Potatoes (peeled, cubed large) => potatoes [680.0g, FDC local:potato] | 2 small heads cabbage (each cut into 4) => cabbage [200.0g, FDC local:cabbage]"
ph_671,274,11.9,9.5,22.1,2.5,548,3.8,local_reference_ingredient_sum_draft,api_estimate,pending_review,"Draft only: summed local reference ingredient profiles and divided by source_servings=4. Reviewer must verify ingredient matches, edible yield, oil absorption, and serving size before marking reviewed.",draft_partial_match,8,1 tablespoons patis (fish sauce) (no FDC match for patis) | 2 pieces green finger chilies (siling pangsigang) (no FDC match for finger chilies) | Salt (to taste) (ignored seasoning/water) | ground black pepper (to taste) (ignored seasoning/water) | steamed rice (to serve) (missing quantity),"2 tablespoons cooking oil => cooking oil [27.2g, FDC local:cooking oil] | 5 cloves Garlic (chopped) => garlic [15.0g, FDC local:garlic] | 1 Small red onion (chopped) => onion [110.0g, FDC local:onion] | 1 Cup coconut milk => coconut milk [240.0g, FDC local:coconut milk] | 2 medium-sized blue crabs (alimasag) (washed, cut in half) => -sized blue crabs [200.0g, FDC local:crab] | 1/4 Cup kalabasa (squash) (peeled, cubed) => squash [35.0g, FDC local:squash] | 1/4 Cup okra (halved) => okra [35.0g, FDC local:okra] | 1/4 Cup sitaw (string beans) (cut into 3-inch lengths) => yardlong beans [35.0g, FDC local:yardlong beans]"
ph_672,269,29.0,4.7,14.2,0.7,1094,1.3,local_reference_ingredient_sum_draft,api_estimate,pending_review,"Draft only: summed local reference ingredient profiles and divided by source_servings=4. Reviewer must verify ingredient matches, edible yield, oil absorption, and serving size before marking reviewed.",draft_partial_match,4,2 tablespoons Calamansi Juice (no FDC match for calamansi juice) | 3 tablespoons Oil (no FDC match for oil) | 1 1/2 cups water (no FDC match for water) | Salt (to taste) (ignored seasoning/water) | ground black pepper (to taste) (ignored seasoning/water) | sugar (to taste) (missing quantity),"4 pieces boneless pork chops (about 1/2-inch thick) => boneless pork chops [400.0g, FDC local:pork] | 5 tablespoons Soy Sauce => soy sauce [75.0g, FDC local:soy sauce] | 5 cloves Garlic (peeled and minced) => garlic [15.0g, FDC local:garlic] | 1 large white onion (peeled and sliced into rings) => onion [110.0g, FDC local:onion]"
ph_673,369,5.0,28.7,29.4,4.4,21,20.6,local_reference_ingredient_sum_draft,api_estimate,pending_review,"Draft only: summed local reference ingredient profiles and divided by source_servings=6. Reviewer must verify ingredient matches, edible yield, oil absorption, and serving size before marking reviewed.",draft_partial_match,5,"3 pieces bird's eye chili (siling labuyo) (chopped) (no FDC match for bird s eye chili) | 1/2 Cup smoked galunggong (tinapang galunggong) (skin and bones removed, flaked) (no FDC match for smoked galunggong) | 3/4 Cup water (ignored seasoning/water) | Salt (to taste) (ignored seasoning/water)","3 cups coconut milk or gata => coconut milk or gata [720.0g, FDC local:coconut milk] | 5 cloves Garlic (chopped) => garlic [15.0g, FDC local:garlic] | 1 large white onion (chopped) => onion [110.0g, FDC local:onion] | 1 Cup fresh malunggay leaves => moringa leaves leaves [30.0g, FDC local:moringa leaves] | 1/2 kilogram unripe jackfruit (langka) (peeled and chopped) => unripe jackfruit [500.0g, FDC local:jackfruit]"
ph_675,509,35.1,16.0,36.6,3.7,608,5.6,local_reference_ingredient_sum_draft,api_estimate,pending_review,"Draft only: summed local reference ingredient profiles and divided by source_servings=4. Reviewer must verify ingredient matches, edible yield, oil absorption, and serving size before marking reviewed.",draft_partial_match,7,3 pieces green finger chilies (siling mahaba) (sliced in half) (no FDC match for finger chilies) | 3 pieces red birds eye chilies (siling labuyo) (sliced in half) (no FDC match for birds eye chilies) | 100 Grams string beans (sitaw) (sliced into 2 1/2-inch pieces) (no FDC match for string beans),"2 tablespoons vegetable oil => cooking oil [27.2g, FDC local:cooking oil] | 1 medium red onion (chopped) => onion [110.0g, FDC local:onion] | 6 cloves Garlic (minced) => garlic [18.0g, FDC local:garlic] | 1 piece (1 1/2 inch) ginger (sliced into thin strips) => ginger [100.0g, FDC local:ginger] | 1 1/2 tablespoons shrimp paste (bagoong alamang) => shrimp paste [25.5g, FDC local:shrimp paste] | 2 cups coconut milk => coconut milk [480.0g, FDC local:coconut milk] | 500 Grams medium shrimp (cleaned) => shrimp [500.0g, FDC local:shrimp]"
ph_676,96,9.1,12.8,1.4,1.5,52,1.9,local_reference_ingredient_sum_draft,api_estimate,pending_review,"Draft only: summed local reference ingredient profiles and divided by source_servings=10. Reviewer must verify ingredient matches, edible yield, oil absorption, and serving size before marking reviewed.",draft_partial_match,7,"2 cups bean sprouts (togue) (no FDC match for bean sprouts) | 5 pieces Ilocos longganisa (casings removed and crumbled) (no FDC match for ilocos longganisa) | 1 tablespoon paprika (no FDC match for paprika) | 2 teaspoons Salt (ignored seasoning/water) | 2 teaspoons ground black pepper (no FDC match for pepper) | 1/2 Cup water (ignored seasoning/water) | vegetable oil (for frying) (ignored frying oil reserve) | spiced vinegar (or vinegar with soy sauce, red onions, and chilis, to serve) (missing quantity)","2 cups squash (kalabasa) (grated, squeeze to remove excess water) => squash [280.0g, FDC local:squash] | 2 Small carrots (peeled, sliced into thin strips or matchsticks) => carrots [120.0g, FDC local:carrot] | 250 Grams small shrimp => shrimp [250.0g, FDC local:shrimp] | 1 Cup malunggay leaves => moringa leaves leaves [30.0g, FDC local:moringa leaves] | 1 Cup cornstarch => cornstarch [150.0g, FDC local:corn] | 1/2 Cup all-purpose flour => all-purpose flour [62.5g, FDC local:flour] | 2 large eggs => eggs [100.0g, FDC local:egg]"
ph_677,357,17.6,11.1,28.6,2.5,62,5.9,local_reference_ingredient_sum_draft,api_estimate,pending_review,"Draft only: summed local reference ingredient profiles and divided by source_servings=6. Reviewer must verify ingredient matches, edible yield, oil absorption, and serving size before marking reviewed.",draft_partial_match,9,2 cups water (ignored seasoning/water) | 2 tablespoons patis (fish sauce) (no FDC match for patis) | ground black pepper (to taste) (ignored seasoning/water) | Salt (to taste) (ignored seasoning/water),"2 tablespoons vegetable oil => cooking oil [27.2g, FDC local:cooking oil] | 1 Small red onion (chopped) => onion [110.0g, FDC local:onion] | 4 cloves Garlic (minced) => garlic [12.0g, FDC local:garlic] | 2 cups coconut milk => coconut milk [480.0g, FDC local:coconut milk] | 1 kilo kalabasa (squash) (peeled, chopped) => kilo squash [100.0g, FDC local:squash] | 200 Grams ground pork => pork [200.0g, FDC local:pork] | 150 Grams Shrimp (peeled, chopped) => shrimp [150.0g, FDC local:shrimp] | 1 tablespoon sugar => sugar [12.5g, FDC local:sugar] | 1/2 Cup malunggay leaves => moringa leaves leaves [15.0g, FDC local:moringa leaves]"
ph_678,253,23.3,3.8,15.7,0.5,329,2.9,local_reference_ingredient_sum_draft,api_estimate,pending_review,"Draft only: summed local reference ingredient profiles and divided by source_servings=6. Reviewer must verify ingredient matches, edible yield, oil absorption, and serving size before marking reviewed.",draft_partial_match,5,"2 tablespoons Sampaloc Pods (pulp only, seeds removed) (no FDC match for sampaloc pods) | 3/4 Cup water (ignored seasoning/water) | 1 stalk lemongrass (tanglad) (no FDC match for stalk lemongrass) | 1/4 Cup chili paste (no FDC match for chili paste) | 2 tablespoons curry powder (no FDC match for curry powder) | 2-3 pieces fresh curry leaves (no FDC match for curry leaves) | 1 Cup water (ignored seasoning/water) | Salt (to taste) (ignored seasoning/water) | ground black pepper (to taste) (ignored seasoning/water)","1/4 Cup red onions (chopped) => onions [35.0g, FDC local:onion] | 500 Grams pork (cubed) => pork [500.0g, FDC local:pork] | 1 250-ml pack coconut milk (gata) => -ml pack coconut milk [100.0g, FDC local:coconut milk] | 2 tablespoons Soy Sauce => soy sauce [30.0g, FDC local:soy sauce] | 1 tablespoon sugar => sugar [12.5g, FDC local:sugar]"
ph_679,102,16.4,3.1,1.9,0.1,813,2.4,local_reference_ingredient_sum_draft,api_estimate,pending_review,"Draft only: summed local reference ingredient profiles and divided by source_servings=4. Reviewer must verify ingredient matches, edible yield, oil absorption, and serving size before marking reviewed.",draft_partial_match,8,"2 stalks Lemongrass (tanglad), (pounded) (no FDC match for stalks lemongrass) | 2 teaspoons Salt (ignored seasoning/water) | 1 teaspoon black pepper (no FDC match for pepper) | 3/4 cup of Atsuete oil (annatto oil) (ignored frying oil reserve)","1/2 cup of sinamak vinegar => of sinamak vinegar [70.0g, FDC local:vinegar] | 1/4 cup of white vinegar => of vinegar [35.0g, FDC local:vinegar] | 1/4 cup of Soy Sauce => of soy sauce [35.0g, FDC local:soy sauce] | 2 teaspoons brown sugar => brown sugar [8.3g, FDC local:sugar] | 1 clove Garlic (pounded) => garlic [3.0g, FDC local:garlic] | 1 tablespoon fish sauce (patis) => fish sauce [15.0g, FDC local:fish sauce] | 1 piece Knorr chicken cube => knorr chicken cube [100.0g, FDC local:chicken] | 1 kilo chicken legs => kilo chicken legs [100.0g, FDC local:chicken]"
ph_680,187,13.4,13.0,9.0,2.6,340,4.4,local_reference_ingredient_sum_draft,api_estimate,pending_review,"Draft only: summed local reference ingredient profiles and divided by source_servings=5.5. Reviewer must verify ingredient matches, edible yield, oil absorption, and serving size before marking reviewed.",draft_partial_match,12,"1 to 1 1/2 cups of water (no FDC match for of water) | ground black pepper, to taste (ignored seasoning/water)","3 tablespoons cooking oil => cooking oil [40.8g, FDC local:cooking oil] | 4 cloves Garlic (minced) => garlic [12.0g, FDC local:garlic] | 1 medium-sized onion (minced) => -sized onion [110.0g, FDC local:onion] | 1 kilo Chicken (chopped) => kilo chicken [100.0g, FDC local:chicken] | 1 piece Knorr chicken cube => knorr chicken cube [100.0g, FDC local:chicken] | 2 tablespoons Soy Sauce => soy sauce [30.0g, FDC local:soy sauce] | 1 (250-gram pack) Tomato sauce => tomato sauce [120.0g, FDC local:tomato] | 1/2 teaspoon sugar => sugar [2.1g, FDC local:sugar] | 1 medium-sized potato (cut into cubes) => -sized potato [170.0g, FDC local:potato] | 1 medium-sized carrot (cut into cubes) => -sized carrot [60.0g, FDC local:carrot] | 1 piece red bell pepper (sliced) => bell pepper [120.0g, FDC local:bell pepper] | 1 piece green bell pepper (sliced) => bell pepper [120.0g, FDC local:bell pepper]"
ph_681,177,9.0,29.6,3.1,6.3,905,5.6,local_reference_ingredient_sum_draft,api_estimate,pending_review,"Draft only: summed local reference ingredient profiles and divided by source_servings=5.5. Reviewer must verify ingredient matches, edible yield, oil absorption, and serving size before marking reviewed.",draft_partial_match,9,8 cups of water (no FDC match for of water) | 2 pieces radish (labanos) (peeled and sliced) (no FDC match for radish) | 1 bunch string beans (sitaw) (cut into 1-inch long pieces) (no FDC match for string beans) | 3 pieces green chili (siling tagalog) (no FDC match for chili),"2 medium-sized red onions (quartered) => -sized onions [220.0g, FDC local:onion] | 4 medium-sized tomatoes (quartered) => -sized tomatoes [480.0g, FDC local:tomato] | 1 kilo pork (cubed) => kilo pork [100.0g, FDC local:pork] | 1 pack (44 grams) Knorr Sinigang sa Sampaloc Mix with Gabi => pack knorr sinigang sa sampaloc mix with gabi [100.0g, FDC local:taro] | 3 pieces taro (gabi) (peeled and quartered) => taro [300.0g, FDC local:taro] | 6 to 8 pieces okra => okra [84.0g, FDC local:okra] | 2 pieces eggplants (sliced) => eggplants [100.0g, FDC local:eggplant] | 4 tablespoons fish sauce (patis) => fish sauce [60.0g, FDC local:fish sauce] | 1 bunch kangkong (water spinach) leaves (tender stems pinched off) => kangkong leaves [150.0g, FDC local:spinach]"
ph_682,288,3.6,8.8,28.8,3.5,18,4.2,local_reference_ingredient_sum_draft,api_estimate,pending_review,"Draft only: summed local reference ingredient profiles and divided by source_servings=6. Reviewer must verify ingredient matches, edible yield, oil absorption, and serving size before marking reviewed.",draft_partial_match,2,1 1/2 cups langka (roughly chopped) (no FDC match for langka) | 2 cups water (ignored seasoning/water) | dried fish (as needed) (missing quantity) | Salt (to taste) (ignored seasoning/water) | ground black pepper (to taste) (ignored seasoning/water),"1/2 Cup monggo beans => mung beans beans [70.0g, FDC local:mung beans] | 3 cups coconut milk => coconut milk [720.0g, FDC local:coconut milk]"
ph_683,933,18.8,13.6,88.9,1.0,1337,5.6,local_reference_ingredient_sum_draft,api_estimate,pending_review,"Draft only: summed local reference ingredient profiles and divided by source_servings=6. Reviewer must verify ingredient matches, edible yield, oil absorption, and serving size before marking reviewed.",draft_partial_match,7,2 pieces bay leaves (ignored seasoning/water) | cooking oil (for deep-frying) (ignored frying oil reserve) | spiced vinegar (for dipping) (missing quantity),"1 kilogram country-style boneless ribs or pork belly => country-style boneless ribs or pork belly [1000.0g, FDC local:pork belly] | 1 Cup Soy Sauce => soy sauce [140.0g, FDC local:soy sauce] | 1 Cup Vinegar => vinegar [140.0g, FDC local:vinegar] | 1 head Garlic (finely chopped) => garlic [50.0g, FDC local:garlic] | 2 tablespoons sugar => sugar [25.0g, FDC local:sugar] | 1 teaspoon whole black peppercorns => peppercorns [2.7g, FDC local:corn] | 1 Cup cornstarch => cornstarch [150.0g, FDC local:corn]"
ph_684,566,96.2,11.7,12.2,1.5,253,2.7,local_reference_ingredient_sum_draft,api_estimate,pending_review,"Draft only: summed local reference ingredient profiles and divided by source_servings=4. Reviewer must verify ingredient matches, edible yield, oil absorption, and serving size before marking reviewed.",draft_partial_match,9,1/3 cup of raisins (no FDC match for of raisins) | 4 pieces sausages (sliced) (no FDC match for sausages) | 2 pieces whole pickles (diced) (no FDC match for pickles) | 1/4 cup of Knorr Liquid Seasoning (no FDC match for of knorr liquid seasoning) | 2 tablespoons Oil (no FDC match for oil) | 1 cup of water (no FDC match for of water) | ground pepper (to taste) (missing quantity),"1 kilogram ground chicken => chicken [1000.0g, FDC local:chicken] | 1 piece small onion (diced) => onion [110.0g, FDC local:onion] | 1 piece small carrot (diced) => carrot [60.0g, FDC local:carrot] | 1 piece Knorr chicken cube => knorr chicken cube [100.0g, FDC local:chicken] | 1 piece raw egg (slightly beaten) => egg [50.0g, FDC local:egg] | 1/4 cup of Flour => of flour [31.2g, FDC local:flour] | 2 cloves Garlic (chopped) => garlic [6.0g, FDC local:garlic] | 1 pack (250gram) Italian-style tomato sauce => pack italian-style tomato sauce [120.0g, FDC local:tomato] | 1 piece Knorr chicken cube => knorr chicken cube [100.0g, FDC local:chicken]"
ph_685,453,49.7,4.6,25.1,0.5,749,0.7,local_reference_ingredient_sum_draft,api_estimate,pending_review,"Draft only: summed local reference ingredient profiles and divided by source_servings=6. Reviewer must verify ingredient matches, edible yield, oil absorption, and serving size before marking reviewed.",draft_partial_match,6,water (as needed) (ignored seasoning/water) | crushed black pepper (to taste) (missing quantity),"1 kilogram pork pigue (cut into chunks) => pork pigue [1000.0g, FDC local:pork] | 1 head Garlic (cloves separated but unpeeled) => garlic [50.0g, FDC local:garlic] | 1/2 Cup Soy Sauce => soy sauce [70.0g, FDC local:soy sauce] | 1/2 Cup Vinegar => vinegar [70.0g, FDC local:vinegar] | 2 blocks firm tofu => blocks tofu [200.0g, FDC local:tofu] | 1 400-gram can whole button mushrooms => - can button mushrooms [100.0g, FDC local:mushroom]"
ph_686,129,16.6,3.2,5.4,0.3,210,0.5,local_reference_ingredient_sum_draft,api_estimate,pending_review,"Draft only: summed local reference ingredient profiles and divided by source_servings=16. Reviewer must verify ingredient matches, edible yield, oil absorption, and serving size before marking reviewed.",draft_partial_match,8,1 teaspoon ground white pepper (no FDC match for pepper) | 1 1/2 teaspoons Salt (no FDC match for salt) | 3 tablespoons sesame oil (no FDC match for sesame oil) | Calamansi Juice (from 3 pieces of calamansi) (missing quantity) | 12 to 16 large Lumpia wrappers (no FDC match for lumpia wrappers) | vegetable oil (for frying) (ignored frying oil reserve) | Sweet chili sauce (to serve) (missing quantity),"1 tablespoon vegetable oil => cooking oil [13.6g, FDC local:cooking oil] | 1 medium red onion (diced) => onion [110.0g, FDC local:onion] | 1/2 kilogram ground pork => pork [500.0g, FDC local:pork] | 1/2 kilogram Shrimp (chopped) => shrimp [500.0g, FDC local:shrimp] | 50 Grams dried mushrooms (dehydrated) => dried mushrooms [50.0g, FDC local:mushroom] | 1 1 1/2-inch piece ginger (grated) => -inch ginger [100.0g, FDC local:ginger] | 3 tablespoons Soy Sauce => soy sauce [45.0g, FDC local:soy sauce] | 3 tablespoons all-purpose flour => all-purpose flour [24.0g, FDC local:flour]"
ph_687,286,5.1,43.4,10.8,2.5,9,12.5,local_reference_ingredient_sum_draft,api_estimate,pending_review,"Draft only: summed local reference ingredient profiles and divided by source_servings=8. Reviewer must verify ingredient matches, edible yield, oil absorption, and serving size before marking reviewed.",draft_partial_match,6,1/4 Cup small sago (no FDC match for sago) | 2 1/2 cups water (no FDC match for water) | 1/2 teaspoon ube flavoring (no FDC match for ube flavoring) | 1 1/2 cups water (no FDC match for water) | 2 saba bananas (binalatan at hiniwa) (no FDC match for saba bananas),"1 tablespoon sugar => sugar [12.5g, FDC local:sugar] | 1 Cup glutinous rice flour => glutinous rice flour [240.0g, FDC local:flour] | 1/2 Cup sugar => sugar [62.5g, FDC local:sugar] | 2 Small orange sweet potatoes (kamote) (binalatan at hiniwa) => orange sweet potatoes [340.0g, FDC local:potato] | 1 Cup coconut cream => coconut cream [240.0g, FDC local:coconut cream] | 1/2 Cup sweetened jackfruit (langka) => sweetened jackfruit [70.0g, FDC local:jackfruit]"
ph_688,117,6.2,6.1,7.7,0.8,464,1.2,local_reference_ingredient_sum_draft,api_estimate,pending_review,"Draft only: summed local reference ingredient profiles and divided by source_servings=5.5. Reviewer must verify ingredient matches, edible yield, oil absorption, and serving size before marking reviewed.",draft_partial_match,6,water (para sa pagkulo) (ignored seasoning/water) | 3 pieces green chili fingers (siling pang-sigang) (no FDC match for chili fingers) | 3-5 pieces calamansi (no FDC match for calamansi) | salt (asin) (ayon sa panlasa) (ignored seasoning/water) | ground black pepper (ayon sa panlasa) (ignored seasoning/water),"1 kilo Pork Jowl (Face) => kilo pork jowl [100.0g, FDC local:pork] | 2 tablespoons vegetable oil => cooking oil [27.2g, FDC local:cooking oil] | 1 large onion (tinadtad) => onion [110.0g, FDC local:onion] | 3 cloves Garlic => garlic [9.0g, FDC local:garlic] | 1 Small ginger (tinadtad) => ginger [100.0g, FDC local:ginger] | 3 tablespoons Soy Sauce => soy sauce [45.0g, FDC local:soy sauce]"
ph_689,87,6.5,8.2,3.2,0.9,233,1.3,local_reference_ingredient_sum_draft,api_estimate,pending_review,"Draft only: summed local reference ingredient profiles and divided by source_servings=5.5. Reviewer must verify ingredient matches, edible yield, oil absorption, and serving size before marking reviewed.",draft_partial_match,7,2 pieces red chili pepper (siling labuyo) (no FDC match for chili pepper) | 1 teaspoon Salt (ignored seasoning/water) | 1/2 teaspoon ground black pepper (no FDC match for pepper),"1/2 kilo beef tripe => kilo beef tripe [50.0g, FDC local:beef] | 1/4 kilo Beef (hiniwa nang manipis) => kilo beef [25.0g, FDC local:beef] | 1/4 Cup beef bile or apdo => beef bile or apdo [35.0g, FDC local:beef] | 1 medium red onion (hiniwa ng pino) => onion [110.0g, FDC local:onion] | 1 head Garlic (tinadtad) => garlic [50.0g, FDC local:garlic] | 1 Small ginger (luya) (hiniwa) => ginger [100.0g, FDC local:ginger] | 1 tablespoon Fish sauce => fish sauce [15.0g, FDC local:fish sauce]"
ph_690,599,64.3,17.4,29.7,2.3,1649,3.9,local_reference_ingredient_sum_draft,api_estimate,pending_review,"Draft only: summed local reference ingredient profiles and divided by source_servings=4. Reviewer must verify ingredient matches, edible yield, oil absorption, and serving size before marking reviewed.",draft_partial_match,13,1 tablespoon Atsuete Seeds (annatto seeds) (nakababad sa 1/4 cup pork broth) (no FDC match for atsuete seeds) | 1/2 Cup tinapa (smoked fish) flakes (no FDC match for tinapa flakes) | 1/2 Cup chicharon (tinadtad) (no FDC match for chicharon) | Garlic (tinadtad at pinirito) (missing quantity) | spring onions (missing quantity) | calamansi (missing quantity),"1 500-gram pack bihon noodles (thin rice noodles) => - pack bihon noodles [100.0g, FDC local:noodles] | 2 tablespoons cooking oil => cooking oil [27.2g, FDC local:cooking oil] | 3 cloves Garlic => garlic [9.0g, FDC local:garlic] | 1 medium red onion => onion [110.0g, FDC local:onion] | 1/2 kilogram ground pork => pork [500.0g, FDC local:pork] | 3 1/2 cups pork broth => pork broth [840.0g, FDC local:broth] | 1 piece shrimp bouillon cube => shrimp bouillon cube [20.0g, FDC local:broth] | 3 tablespoons fish sauce (patis) => fish sauce [45.0g, FDC local:fish sauce] | 4 tablespoons cornstarch (tinunaw sa 1/4 cup pork broth) => cornstarch [32.0g, FDC local:corn] | 1/4 kilogram Shrimp (niluto at binalatan) => shrimp [250.0g, FDC local:shrimp] | 3 pieces hardboiled eggs (binalatan at hiniwa) => hardboiled eggs [150.0g, FDC local:egg] | 1-2 cups cabbage (hiniwa ng manipis) => cabbage [210.0g, FDC local:cabbage] | 1 Cup squid (niluto) => squid [140.0g, FDC local:squid]"
ph_691,464,68.3,24.6,7.9,0.9,476,0.2,local_reference_ingredient_sum_draft,api_estimate,pending_review,"Draft only: summed local reference ingredient profiles and divided by source_servings=6. Reviewer must verify ingredient matches, edible yield, oil absorption, and serving size before marking reviewed.",draft_partial_match,5,1 piece bay leaf (no FDC match for bay leaf) | 1/4 teaspoon ground black pepper (no FDC match for pepper) | 1/2 Cup water (ignored seasoning/water) | Oil (for deep frying) (ignored frying oil reserve),"1/4 Cup Soy Sauce => soy sauce [35.0g, FDC local:soy sauce] | 1/4 Cup Vinegar => vinegar [35.0g, FDC local:vinegar] | 3 cloves Garlic (peeled, chopped) => garlic [9.0g, FDC local:garlic] | 1 1/4 kilogram whole chicken (cut into serving pieces) => chicken [1250.0g, FDC local:chicken] | 1 1/2 cups Flour => flour [187.5g, FDC local:flour]"
ph_692,196,13.9,9.8,10.4,0.5,33,7.6,local_reference_ingredient_sum_draft,api_estimate,pending_review,"Draft only: summed local reference ingredient profiles and divided by source_servings=4. Reviewer must verify ingredient matches, edible yield, oil absorption, and serving size before marking reviewed.",draft_partial_match,7,1 Cup water (ignored seasoning/water) | salt (asin) (ayon sa panlasa) (ignored seasoning/water) | 2 pieces long green chilies (siling pansigang) (no FDC match for chilies),"1 tablespoon Garlic (tinadtad) => garlic [8.0g, FDC local:garlic] | 1 medium onion (hiniwa ng pino) => onion [110.0g, FDC local:onion] | 1 tablespoon cooking oil => cooking oil [13.6g, FDC local:cooking oil] | 1 kilo pork (gumamit ng pork belly or pork loin, hiwain) => kilo pork [100.0g, FDC local:pork] | 1 Cup Vinegar => vinegar [140.0g, FDC local:vinegar] | 1 kilo pork blood => kilo pork blood [100.0g, FDC local:pork] | 2 tablespoons brown sugar => brown sugar [25.0g, FDC local:sugar]"
ph_693,204,8.5,12.6,14.2,3.4,71,6.9,local_reference_ingredient_sum_draft,api_estimate,pending_review,"Draft only: summed local reference ingredient profiles and divided by source_servings=5. Reviewer must verify ingredient matches, edible yield, oil absorption, and serving size before marking reviewed.",draft_partial_match,6,1 teaspoon salt (asin) (ignored seasoning/water) | 1 Daikon (Korean Radish) (hiwain nang 2/3-inch na kapal) (no FDC match for daikon) | 1 1/2 liters water (unsupported unit liter) | 1 tablespoon patis (fish sauce) (no FDC match for patis),"3-5 tablespoons vegetable oil => cooking oil [54.4g, FDC local:cooking oil] | 750 Grams tomatoes (hiniwa nang maliliit) => tomatoes [750.0g, FDC local:tomato] | 250 Grams white onion (hiniwa nang maliliit) => onion [250.0g, FDC local:onion] | 2-3 cloves Garlic (tinadtad) => garlic [7.5g, FDC local:garlic] | 1 kilo pork (gumamit ng buto-buto) => kilo pork [100.0g, FDC local:pork] | 2-3 bunches pechay leaves => bok choy leaves [375.0g, FDC local:bok choy]"
ph_694,147,9.1,7.3,9.4,1.7,951,3.3,local_reference_ingredient_sum_draft,api_estimate,pending_review,"Draft only: summed local reference ingredient profiles and divided by source_servings=6. Reviewer must verify ingredient matches, edible yield, oil absorption, and serving size before marking reviewed.",draft_partial_match,6,1 Pack Tamarind Soup Mix (no FDC match for pack tamarind soup mix) | 6 cups water (ignored seasoning/water) | salt (asin) (ignored seasoning/water) | 2 pieces long green chilies (siling pangsigang) (no FDC match for chilies) | 1 bunch Mustard Leaves (Mustasa) (no FDC match for mustard leaves),"2 tablespoons cooking oil => cooking oil [27.2g, FDC local:cooking oil] | 1 medium white onion (hiniwa) => onion [110.0g, FDC local:onion] | 3 medium tomatoes (hinati sa apat na bahagi ang bawat isa) => tomatoes [360.0g, FDC local:tomato] | 1/2 Cup miso (soybean paste) => soybean paste [70.0g, FDC local:soybean paste] | 2 milkfish (bangus) (nilinis at hiniwa) => milkfish [200.0g, FDC local:milkfish] | 2 1/2 tablespoons fish sauce (patis) => fish sauce [37.5g, FDC local:fish sauce]"
ph_695,34,5.4,1.5,0.6,0.1,13,0.1,local_reference_ingredient_sum_draft,api_estimate,pending_review,"Draft only: summed local reference ingredient profiles and divided by source_servings=6. Reviewer must verify ingredient matches, edible yield, oil absorption, and serving size before marking reviewed.",draft_partial_match,3,1/4 Cup Calamansi Juice (no FDC match for calamansi juice) | 1 bunch lemongrass (tanglad) (tadtarin ang ulo) (no FDC match for lemongrass) | bamboo sticks (pangtusok) (missing quantity) | 1/4 Cup Oil (no FDC match for oil) | 1 teaspoon anatto seeds (atsuete) (no FDC match for anatto seeds) | Salt (ayon sa panlasa) (ignored seasoning/water) | Soy Sauce (ayon sa panlasa) (missing quantity) | coconut sap vinegar (sukang tuba) (sa paghain) (missing quantity) | siling labuyo (sa paghain) (missing quantity),"6 cloves Garlic (tinadtad) => garlic [18.0g, FDC local:garlic] | 2 tablespoons ginger (kudkurin) => ginger [16.0g, FDC local:ginger] | 1 whole chicken (hiwain sa 6 na piraso) => chicken [100.0g, FDC local:chicken]"
ph_696,134,8.2,10.1,6.2,0.9,23,1.4,local_reference_ingredient_sum_draft,api_estimate,pending_review,"Draft only: summed local reference ingredient profiles and divided by source_servings=5. Reviewer must verify ingredient matches, edible yield, oil absorption, and serving size before marking reviewed.",draft_partial_match,11,Salt (to taste) (ignored seasoning/water),"1/4 kilo beef tripe => kilo beef tripe [25.0g, FDC local:beef] | 1/4 kilo Beef (gumamit ng paa) => kilo beef [25.0g, FDC local:beef] | 1/4 kilo Pork Intestine => kilo pork intestine [25.0g, FDC local:pork] | 1/4 kilo beef or pork kidney => kilo beef or pork kidney [25.0g, FDC local:beef] | 1 1/2 cups Vinegar (hatiin) => vinegar [210.0g, FDC local:vinegar] | 1/4 kilo Beef => kilo beef [25.0g, FDC local:beef] | 2 heads Garlic (durugin ang isang ulo, tadtarin ang isang ulo) => garlic [100.0g, FDC local:garlic] | 1 onion (tadtarin) => onion [110.0g, FDC local:onion] | 2 thumb-sized pieces ginger (hiwain sa maninipis na guhit) => -sized ginger [30.0g, FDC local:ginger] | 1 teaspoon Achuete Powder (annatto powder) (or 1 tablespoon annatto seeds in 1 tablespoon of water) => achuete powder [2.7g, FDC local:annatto oil] | 2 teaspoons cooking oil => cooking oil [9.1g, FDC local:cooking oil]"
ph_697,358,23.9,16.7,22.9,2.9,663,5.7,local_reference_ingredient_sum_draft,api_estimate,pending_review,"Draft only: summed local reference ingredient profiles and divided by source_servings=4. Reviewer must verify ingredient matches, edible yield, oil absorption, and serving size before marking reviewed.",draft_partial_match,11,3/4 Cup ice-cold water (no FDC match for ice-cold water) | 150 grams (1/2 package) sweet tamarind pods (no FDC match for sweet tamarind pods) | 1/4 teaspoon red pepper flakes (o ayon sa panlasa) (no FDC match for pepper flakes) | 1 Cup bean sprouts (togue) (hugasan) (no FDC match for bean sprouts) | ground black pepper (ayon sa panlasa) (ignored seasoning/water) | calamansi (panghain) (missing quantity),"1/4 Cup canola oil (hatiin) => cooking oil [54.5g, FDC local:cooking oil] | 100 Grams fresh suahe/shrimps (balatan at alisan ng ugat, itabi ang balat) => suahe/shrimps [100.0g, FDC local:shrimp] | 2 tablespoons fish sauce (patis) => fish sauce [30.0g, FDC local:fish sauce] | 1/2 400-gram package dried flat rice noodles ((dried hofan noodles)) => - package dried flat rice noodles [50.0g, FDC local:noodles] | 1 medium red onion (walang balat, tinadtad) => onion [110.0g, FDC local:onion] | 2 cloves Garlic (walang balat, tinadtad) => garlic [6.0g, FDC local:garlic] | 1 piece chicken breast fillet (hiwain nang manipis) => chicken breast fillet [100.0g, FDC local:chicken] | 1 large Egg (batiin) => egg [50.0g, FDC local:egg] | 2 squares firm tofu (hiwain nang pa-cube, pirituhin) => squares tofu [200.0g, FDC local:tofu] | 1/4 Cup peanuts (durugin) => peanuts [35.0g, FDC local:peanuts] | 3 stalks green onions (tinadtad) => stalks onions [330.0g, FDC local:onion]"
ph_698,601,58.7,22.9,28.4,1.3,1779,9.9,local_reference_ingredient_sum_draft,api_estimate,pending_review,"Draft only: summed local reference ingredient profiles and divided by source_servings=1. Reviewer must verify ingredient matches, edible yield, oil absorption, and serving size before marking reviewed.",draft_partial_match,14,1 250-ml clear soda (7-Up or Sprite) (no FDC match for -ml clear soda) | 3 bay leaf (no FDC match for bay leaf) | 1 tablespoon sea salt (pampalasa) (no FDC match for sea salt) | Garlic powder (pampalasa) (missing quantity) | vegetable oil (pang-prito) (missing quantity) | 1/2 teaspoon ground black pepper (no FDC match for pepper) | 1 red chili pepper (siling labuyo) (tinadtad) (no FDC match for chili pepper) | 1 250-ml clear soda (7-Up or Sprite) (no FDC match for -ml clear soda) | 3 bay leaf (no FDC match for bay leaf) | 1 tablespoon sea salt (pampalasa) (no FDC match for sea salt) | Garlic powder (pampalasa) (missing quantity) | vegetable oil (pang-prito) (missing quantity) | 1/2 teaspoon ground black pepper (no FDC match for pepper) | 1 red chili pepper (siling labuyo) (tinadtad) (no FDC match for chili pepper),"1 whole pork pata (nilinis) => pork pata [100.0g, FDC local:pork] | 5 cloves Garlic (dinurog) => garlic [15.0g, FDC local:garlic] | 1 teaspoon black peppercorns => peppercorns [2.7g, FDC local:corn] | 1/4 Cup Vinegar => vinegar [35.0g, FDC local:vinegar] | 1 tablespoon Soy Sauce (o ayon sa panlasa) => soy sauce [15.0g, FDC local:soy sauce] | 1 teaspoon sugar => sugar [4.2g, FDC local:sugar] | 1 tablespoon red onion (tinadtad) => onion [8.0g, FDC local:onion] | 1 whole pork pata (nilinis) => pork pata [100.0g, FDC local:pork] | 5 cloves Garlic (dinurog) => garlic [15.0g, FDC local:garlic] | 1 teaspoon black peppercorns => peppercorns [2.7g, FDC local:corn] | 1/4 Cup Vinegar => vinegar [35.0g, FDC local:vinegar] | 1 tablespoon Soy Sauce (o ayon sa panlasa) => soy sauce [15.0g, FDC local:soy sauce] | 1 teaspoon sugar => sugar [4.2g, FDC local:sugar] | 1 tablespoon red onion (tinadtad) => onion [8.0g, FDC local:onion]"
ph_699,484,38.7,30.1,23.4,4.6,462,5.9,local_reference_ingredient_sum_draft,api_estimate,pending_review,"Draft only: summed local reference ingredient profiles and divided by source_servings=2.5. Reviewer must verify ingredient matches, edible yield, oil absorption, and serving size before marking reviewed.",draft_partial_match,15,1/4 Cup water (ignored seasoning/water) | kinchay (pangbudbod) (missing quantity),"2 tablespoon canola oil => cooking oil [27.2g, FDC local:cooking oil] | 1 tablespoon Garlic (tinadtad) => garlic [8.0g, FDC local:garlic] | 1/4 Cup red onion (hiniwa) => onion [35.0g, FDC local:onion] | 1/2 Cup pork (hiniwa) => pork [70.0g, FDC local:pork] | 1/2 Cup Chicken Breast (hiniwa) => chicken breast [70.0g, FDC local:chicken] | 1/4 Cup Shrimp (tanggalan ng balat at itago ang ulo) => shrimp [35.0g, FDC local:shrimp] | 1 piece chorizo, (hiniwa) => pork [100.0g, FDC local:pork] | 1 Cup cabbage (gayatin) => cabbage [140.0g, FDC local:cabbage] | 1/4 Cup carrots (hiwain ng pahaba) => carrots [35.0g, FDC local:carrot] | 1/4 Cup lima beans (patani) => green peas [37.5g, FDC local:green peas] | 2 pieces wood ear mushrooms (tenga ng daga) (ibabad sa mainit na tubig tsaka hiwain) => mushroom [200.0g, FDC local:mushroom] | 1/4 piece chicken bouillon cube => chicken bouillon cube [25.0g, FDC local:broth] | 1 tablespoon Soy Sauce => soy sauce [15.0g, FDC local:soy sauce] | 120-140 Grams dried pancit canton => dried pancit canton [130.0g, FDC local:noodles] | 50 Grams vermicelli noodles (sotanghon), (ibabad sa mainit na tubig at tuyuin) => vermicelli noodles [50.0g, FDC local:noodles]"
ph_700,117,9.1,6.2,6.0,0.1,215,4.4,local_reference_ingredient_sum_draft,api_estimate,pending_review,"Draft only: summed local reference ingredient profiles and divided by source_servings=6. Reviewer must verify ingredient matches, edible yield, oil absorption, and serving size before marking reviewed.",draft_partial_match,6,1 teaspoon Salt (ignored seasoning/water) | 1 teaspoon Pepper (no FDC match for pepper) | vegetable oil (para sa pang-prito) (missing quantity) | garlic fried rice (sa paghain) (missing quantity),"1/2 kilo beef sirloin (hiwain sa 1/2 pulgada na pahaba) => kilo beef sirloin [50.0g, FDC local:beef] | 3 tablespoons Garlic (tinadtad) => garlic [24.0g, FDC local:garlic] | 2 tablespoons brown sugar => brown sugar [25.0g, FDC local:sugar] | 1 tablespoon Soy Sauce => soy sauce [15.0g, FDC local:soy sauce] | 1/4 Cup red cane vinegar => cane vinegar [35.0g, FDC local:vinegar] | 6 medium eggs (pinrito) => eggs [300.0g, FDC local:egg]"
ph_701,208,8.6,21.9,9.8,3.8,786,4.5,local_reference_ingredient_sum_draft,api_estimate,pending_review,"Draft only: summed local reference ingredient profiles and divided by source_servings=6. Reviewer must verify ingredient matches, edible yield, oil absorption, and serving size before marking reviewed.",draft_partial_match,10,Salt (ayon sa panlasa) (ignored seasoning/water),"3 tablespoons cooking oil => cooking oil [40.8g, FDC local:cooking oil] | 1/2 large red onion (tinadtad) => onion [55.0g, FDC local:onion] | 4 cloves Garlic (tinadtad nang pino) => garlic [12.0g, FDC local:garlic] | 1 kilo Beef ((gumamit ng brisket), hiniwa sa malalaking piraso) => kilo beef hiniwa sa malalaking piraso [100.0g, FDC local:beef] | 2 cups Tomato sauce => tomato sauce [280.0g, FDC local:tomato] | 1/2 Cup Soy Sauce => soy sauce [70.0g, FDC local:soy sauce] | 2 cups beef stock or 1 beef bouillon cube ((pinagkuluan ng karne ng baka)) => beef stock or beef bouillon cube [280.0g, FDC local:broth] | 3 Potatoes (hiniwa sa tig-aapat na bahagi) => potatoes [510.0g, FDC local:potato] | 1 medium carrot (hiniwa sa mga pirasong tig-iisang pulgadang haba) => carrot [60.0g, FDC local:carrot] | 2 red bell pepper (hiniwa) => bell pepper [240.0g, FDC local:bell pepper]"
ph_702,112,10.0,9.6,4.0,2.4,1060,4.9,local_reference_ingredient_sum_draft,api_estimate,pending_review,"Draft only: summed local reference ingredient profiles and divided by source_servings=5. Reviewer must verify ingredient matches, edible yield, oil absorption, and serving size before marking reviewed.",draft_partial_match,8,1 teaspoon Salt (ignored seasoning/water) | corn oil (para sa lubog na pagprito) (missing quantity) | 1/2 Cup kakang gata (no FDC match for kakang gata) | 1 green chilies (sili pangsigang) (no FDC match for chilies) | black pepper (pangtimpla) (missing quantity),"1 kilo pork (hiniwa sa 2-pulgada) => kilo pork [100.0g, FDC local:pork] | 1 medium red onion (hiniwa) => onion [110.0g, FDC local:onion] | 1 teaspoon Garlic (tinadtad) => garlic [2.7g, FDC local:garlic] | 5 tomatoes (hiniwa) => tomatoes [600.0g, FDC local:tomato] | 1/2 Cup shrimp paste (bagoong alamang) => shrimp paste [70.0g, FDC local:shrimp paste] | 1/2 Cup pork broth => pork broth [120.0g, FDC local:broth] | 3 teaspoons vinegar (suka) => vinegar [15.0g, FDC local:vinegar] | 2 talong (eggplant) (hiniwa 2-pulgada ang haba) => eggplant [100.0g, FDC local:eggplant]"
ph_703,880,16.8,3.3,88.6,1.3,76,1.7,local_reference_ingredient_sum_draft,api_estimate,pending_review,"Draft only: summed local reference ingredient profiles and divided by source_servings=6. Reviewer must verify ingredient matches, edible yield, oil absorption, and serving size before marking reviewed.",draft_partial_match,4,"8 cups water (or as needed) (ignored seasoning/water) | 1 tablespoon Salt (ignored seasoning/water) | 1 piece dried bay leaf (no FDC match for dried bay leaf) | 1 40-gram pack sinigang sa sampaloc mix (no FDC match for - pack sinigang sa sampaloc mix) | 1 Small radish (labanos) (peeled, cut into rounds) (no FDC match for radish) | 1 bunch string beans (sitaw) (cut into 3-inch lengths) (no FDC match for string beans) | 1 piece green finger chili (siling haba) (no FDC match for finger chili)","1 kilogram Pork belly (halved) => pork belly [1000.0g, FDC local:pork belly] | 1 teaspoon black peppercorns => peppercorns [2.7g, FDC local:corn] | 3 Small tomatoes (quartered) => tomatoes [360.0g, FDC local:tomato] | 1 bunch kangkong (water spinach) (tender stems and leaves only) => kangkong [150.0g, FDC local:spinach]"
ph_704,316,33.7,5.3,17.6,0.7,1023,0.9,local_reference_ingredient_sum_draft,api_estimate,pending_review,"Draft only: summed local reference ingredient profiles and divided by source_servings=2. Reviewer must verify ingredient matches, edible yield, oil absorption, and serving size before marking reviewed.",draft_partial_match,8,4-5 cups water (no FDC match for water) | 1/2 Cup green papaya (hiniwa) (no FDC match for papaya) | Salt (ayon sa panlasa) (ignored seasoning/water) | ground black pepper (ayon sa panlasa) (ignored seasoning/water),"2 pieces Chicken (gumamit ng hita ng manok) => chicken [200.0g, FDC local:chicken] | 2 tablespoons canola oil => cooking oil [27.2g, FDC local:cooking oil] | 2 tablespoons white onion (hiniwa) => onion [16.0g, FDC local:onion] | 1 tablespoon Garlic (hiniwa) => garlic [8.0g, FDC local:garlic] | 2 tablespoons ginger (hiniwa pahaba) => ginger [16.0g, FDC local:ginger] | 1 1/2 tablespoons fish sauce (patis) => fish sauce [22.5g, FDC local:fish sauce] | 1/2 piece chicken bouillon cube => chicken bouillon cube [50.0g, FDC local:broth] | 1 Cup malunggay leaves => moringa leaves leaves [30.0g, FDC local:moringa leaves]"
ph_705,131,11.2,3.3,7.8,0.1,230,2.5,local_reference_ingredient_sum_draft,api_estimate,pending_review,"Draft only: summed local reference ingredient profiles and divided by source_servings=25. Reviewer must verify ingredient matches, edible yield, oil absorption, and serving size before marking reviewed.",draft_partial_match,5,1 Cup ketchup (no FDC match for ketchup) | 1 tablespoon liquid seasoning (no FDC match for liquid seasoning) | 1/4 Cup Calamansi Juice (no FDC match for calamansi juice) | 1/2 Cup lemon-lime soda (no FDC match for lemon-lime soda) | 1/2 teaspoon hot sauce (no FDC match for hot sauce) | ground black pepper (ayon sa panlasa) (ignored seasoning/water),"2/3 Cup Soy Sauce => soy sauce [93.3g, FDC local:soy sauce] | 1 head Garlic (tinadtad) => garlic [50.0g, FDC local:garlic] | 1/2 Cup brown sugar => brown sugar [62.5g, FDC local:sugar] | 1 kilogram pork kasim (hiniwa sa 1-pulgadang kuwadrado) => pork kasim [1000.0g, FDC local:pork] | 1/4 Cup vegetable oil, divided => cooking oil divided [54.5g, FDC local:cooking oil]"
ph_706,118,0.6,4.7,11.0,0.3,111,2.1,local_reference_ingredient_sum_draft,api_estimate,pending_review,"Draft only: summed local reference ingredient profiles and divided by source_servings=2.5. Reviewer must verify ingredient matches, edible yield, oil absorption, and serving size before marking reviewed.",draft_partial_match,8,500 Grams leftover lechon (no FDC match for leftover lechon) | 1 piraso laurel leaf ((dahon ng laurel)) (no FDC match for piraso laurel leaf) | 1 Cup lechon sauce (no FDC match for lechon sauce) | 1/2 Cup water (ignored seasoning/water) | Salt (ayon sa panlasa) (ignored seasoning/water),"2 tablespoons canola oil => cooking oil [27.2g, FDC local:cooking oil] | 2 tablespoons white onion (tinadtad) => onion [16.0g, FDC local:onion] | 4 cloves Garlic (binalatan at dinikdik) => garlic [12.0g, FDC local:garlic] | 1/2 tablespoon ginger (luya) (hiniwa) => ginger [4.0g, FDC local:ginger] | 1/2 tablespoons black peppercorns ((pamintang buo)) => peppercorns [4.0g, FDC local:corn] | 2 tablespoons vinegar (suka) => vinegar [30.0g, FDC local:vinegar] | 1 teaspoon brown sugar => brown sugar [4.2g, FDC local:sugar] | 1 teaspoon Soy Sauce => soy sauce [5.0g, FDC local:soy sauce]"
ph_707,235,9.8,16.2,14.8,2.9,36,5.3,local_reference_ingredient_sum_draft,api_estimate,pending_review,"Draft only: summed local reference ingredient profiles and divided by source_servings=4. Reviewer must verify ingredient matches, edible yield, oil absorption, and serving size before marking reviewed.",draft_partial_match,9,1 Cup water (dagdagan kung kailangan) (ignored seasoning/water) | Salt (ayon sa panlasa) (ignored seasoning/water) | black pepper (ayon sa panlasa) (missing quantity),"4 tablespoons cooking oil => cooking oil [54.4g, FDC local:cooking oil] | 1 medium onion (nakahiwa ng maliliit na kwadrado) => onion [110.0g, FDC local:onion] | 4 cloves Garlic (tinadtad) => garlic [12.0g, FDC local:garlic] | 1 kilo Chicken (nakahiwa sa serving sizes) => kilo chicken [100.0g, FDC local:chicken] | 1 pack (200-gram) Tomato sauce => pack tomato sauce [120.0g, FDC local:tomato] | 1 large potato (akahiwa sa apat na piraso) => potato [170.0g, FDC local:potato] | 1 large carrot (naka-slice) => carrot [60.0g, FDC local:carrot] | 1 large red bell pepper (naka-slice) => bell pepper [120.0g, FDC local:bell pepper] | 1 teaspoon white sugar (o ayon sa panlasa) => sugar [4.2g, FDC local:sugar]"
ph_708,500,6.8,52.2,31.8,5.0,24,19.6,local_reference_ingredient_sum_draft,api_estimate,pending_review,"Draft only: summed local reference ingredient profiles and divided by source_servings=10. Reviewer must verify ingredient matches, edible yield, oil absorption, and serving size before marking reviewed.",draft_partial_match,8,"1/2 Cup water (maligamgam na tubig, dagdagan ng 1 teaspoon na tubig) (ignored seasoning/water) | 1/2 Cup Ube (nakahiwa ng maliliit na kwadrado) (no FDC match for ube) | 1 1/4 Cup Banana (saba variety), (nakahiwa) (no FDC match for banana) | 2 cups cooked tapioca pearls (sago) (no FDC match for tapioca pearls)","1 Cup glutinous rice flour => glutinous rice flour [240.0g, FDC local:flour] | 1 tablespoon rice flour => rice flour [8.0g, FDC local:flour] | 4 cups fresh coconut milk (gata) => coconut milk [960.0g, FDC local:coconut milk] | 1 Cup sugar => sugar [125.0g, FDC local:sugar] | 1 Cup ripe jackfruit (langka) (kinalas) => jackfruit [140.0g, FDC local:jackfruit] | 3 cups sweet potatoes (kamote) (nakahiwa ng maliliit na kwadrado) => sweet potatoes [420.0g, FDC local:potato] | 1 Cup taro root (gabi) (nakahiwa ng maliliit na kwadrado) => taro root [140.0g, FDC local:taro] | 1 Cup coconut cream ((kakang gata)) => coconut cream [240.0g, FDC local:coconut cream]"
ph_709,257,14.6,25.3,11.3,5.2,67,6.3,local_reference_ingredient_sum_draft,api_estimate,pending_review,"Draft only: summed local reference ingredient profiles and divided by source_servings=4. Reviewer must verify ingredient matches, edible yield, oil absorption, and serving size before marking reviewed.",draft_partial_match,12,2 tablespoons patis (fish sauce) (no FDC match for patis) | 2 cups water (ignored seasoning/water) | 3-4 pieces saba (no FDC match for saba) | Salt (ayon sa panlasa) (ignored seasoning/water),"2 tablespoons cooking oil => cooking oil [27.2g, FDC local:cooking oil] | 1 medium white onion (nakahiwa ng maliliit na kwadrado) => onion [110.0g, FDC local:onion] | 4 cloves Garlic (tinadtad) => garlic [12.0g, FDC local:garlic] | 1/2 kilo pork (gumamit ng country-style boneless ribs or pork belly, nakahiwa sa 1/2-inch na piraso) => kilo pork [50.0g, FDC local:pork] | 1/2 kilo Beef (gumamit ng chuck or brisket, nakahiwa ng 1/2-inch na piraso) => kilo beef [50.0g, FDC local:beef] | 1/2 kilo Chicken (nakahiwa sa maliliit na piraso) => kilo chicken [50.0g, FDC local:chicken] | 2 pieces tomatoes (tinadtad) => tomatoes [240.0g, FDC local:tomato] | 2 pieces Potatoes (nakahati sa 4 na piraso ang bawat isa) => potatoes [340.0g, FDC local:potato] | 1 pack (200-gram) Tomato sauce => pack tomato sauce [120.0g, FDC local:tomato] | 1 bunch bok choy => bok choy [150.0g, FDC local:bok choy] | 1 head cabbage => cabbage [100.0g, FDC local:cabbage] | 2 pieces eggplant (inihaw, opsyonal) => eggplant [100.0g, FDC local:eggplant]"
ph_710,87,6.2,3.9,5.3,0.9,290,1.9,local_reference_ingredient_sum_draft,api_estimate,pending_review,"Draft only: summed local reference ingredient profiles and divided by source_servings=6. Reviewer must verify ingredient matches, edible yield, oil absorption, and serving size before marking reviewed.",draft_partial_match,8,"1/2 piece dried bay leaf (no FDC match for dried bay leaf) | 1 bundle string beans (trimmed, cut into 3-inch lengths) (no FDC match for string beans)","2 tablespoons canola oil => cooking oil [27.2g, FDC local:cooking oil] | 2 cloves Garlic (chopped) => garlic [6.0g, FDC local:garlic] | 1 medium red onion (peeled, sliced) => onion [110.0g, FDC local:onion] | 2 Small tomatoes (chopped) => tomatoes [240.0g, FDC local:tomato] | 1 piece chicken breast fillet (cut into strips) => chicken breast fillet [100.0g, FDC local:chicken] | 1/4 Cup Vinegar => vinegar [35.0g, FDC local:vinegar] | 2 tablespoons Soy Sauce => soy sauce [30.0g, FDC local:soy sauce] | 1/8 teaspoon black peppercorns (crushed) => peppercorns [0.3g, FDC local:corn]"
ph_711,203,16.9,5.5,13.6,1.5,59,2.5,local_reference_ingredient_sum_draft,api_estimate,pending_review,"Draft only: summed local reference ingredient profiles and divided by source_servings=5. Reviewer must verify ingredient matches, edible yield, oil absorption, and serving size before marking reviewed.",draft_partial_match,5,1/2 Cup water (ignored seasoning/water) | 1 large upo (bottle gourd) (chopped) (no FDC match for upo) | Salt (to taste) (ignored seasoning/water) | ground black pepper (ignored seasoning/water),"4 cloves Garlic (chopped) => garlic [12.0g, FDC local:garlic] | 1 Small red onion (sliced) => onion [110.0g, FDC local:onion] | 6 pieces fresh suahe/shrimps (deveined) => suahe/shrimps [120.0g, FDC local:shrimp] | 1 Cup coconut milk => coconut milk [240.0g, FDC local:coconut milk] | 2 pieces dried fish (daing or labahita fillet) => dried fish [200.0g, FDC local:fish]"
ph_712,319,4.7,8.1,31.2,2.3,219,2.7,local_reference_ingredient_sum_draft,api_estimate,pending_review,"Draft only: summed local reference ingredient profiles and divided by source_servings=9. Reviewer must verify ingredient matches, edible yield, oil absorption, and serving size before marking reviewed.",draft_partial_match,6,4 pieces green chili fingers (siling pang-sigang) (no FDC match for chili fingers) | 2 pieces red chili pepper (siling labuyo) (hiwain nang manipis) (no FDC match for chili pepper),"100 Grams taro leaves (dahon ng gabi) (tuyo) => taro leaves [100.0g, FDC local:taro] | 2 slices Pork belly (hiwain sa 1/4 na pulgadang haba) => slices pork belly [200.0g, FDC local:pork belly] | 1-2 tablespoons shrimp paste (bagoong) => shrimp paste [25.5g, FDC local:shrimp paste] | 2 cloves Garlic (tinadtad) => garlic [6.0g, FDC local:garlic] | 3 cups coconut milk (gata) => coconut milk [720.0g, FDC local:coconut milk] | 1 thumb-sized ginger (hiwain nang pahaba) => -sized ginger [15.0g, FDC local:ginger]"
ph_713,306,10.1,26.0,19.1,4.5,189,5.1,local_reference_ingredient_sum_draft,api_estimate,pending_review,"Draft only: summed local reference ingredient profiles and divided by source_servings=5. Reviewer must verify ingredient matches, edible yield, oil absorption, and serving size before marking reviewed.",draft_partial_match,10,1 teaspoon Salt (ignored seasoning/water) | 1/2 teaspoon ground black pepper (ayon sa panlasa) (no FDC match for pepper) | 2 pieces bay leaf (no FDC match for bay leaf) | 1 Cup water (ignored seasoning/water) | 1/3 Cup pimiento strips (no FDC match for pimiento strips) | 1-3 pieces birds eye chilies (siling labuyo) (Optional) (no FDC match for birds eye chilies),"1 tablespoon cooking oil (para sa pag-prito) => cooking oil [13.6g, FDC local:cooking oil] | 1 kilo beef short ribs (hiwain nang tig-dadalawang pulgada) => kilo beef short ribs [100.0g, FDC local:beef] | 2 tablespoons Garlic (tinadtad) => garlic [16.0g, FDC local:garlic] | 1 Cup white onion (tinadtad) => onion [140.0g, FDC local:onion] | 1 1/4 cups Tomato sauce => tomato sauce [175.0g, FDC local:tomato] | 2 tablespoons tomato paste => tomato paste [34.0g, FDC local:tomato] | 2 teaspoons fish sauce (patis) (ayon sa panlasa) => fish sauce [10.0g, FDC local:fish sauce] | 2 tablespoons peanut butter => peanut butter [16.0g, FDC local:peanut butter] | 1 Cup coconut milk (gata) => coconut milk [240.0g, FDC local:coconut milk] | 3 medium Potatoes (hiwain sa dalawa) => potatoes [510.0g, FDC local:potato]"
ph_714,289,20.7,8.5,19.4,1.1,62,2.6,local_reference_ingredient_sum_draft,api_estimate,pending_review,"Draft only: summed local reference ingredient profiles and divided by source_servings=4. Reviewer must verify ingredient matches, edible yield, oil absorption, and serving size before marking reviewed.",draft_partial_match,6,1 tablespoon Salt (divided) (ignored seasoning/water) | 2 pieces dried bay leaves (ignored seasoning/water) | 1/2 teaspoon Salt (no FDC match for salt) | 1/2 teaspoon ground black pepper (no FDC match for pepper) | fried garlic (to serve) (missing quantity),"500 Grams squid (cleaned) => squid [500.0g, FDC local:squid] | 1/4 Cup cane vinegar => cane vinegar [35.0g, FDC local:vinegar] | 2 tablespoons vegetable oil => cooking oil [27.2g, FDC local:cooking oil] | 4 cloves Garlic (chopped) => garlic [12.0g, FDC local:garlic] | 3/4 cups fresh coconut milk (gata) => coconut milk [180.0g, FDC local:coconut milk] | 1 teaspoon sugar => sugar [4.2g, FDC local:sugar]"
ph_716,279,35.3,19.6,6.4,2.3,713,3.1,local_reference_ingredient_sum_draft,api_estimate,pending_review,"Draft only: summed local reference ingredient profiles and divided by source_servings=5. Reviewer must verify ingredient matches, edible yield, oil absorption, and serving size before marking reviewed.",draft_partial_match,12,vegetable oil (pang-gisa) (missing quantity),"250 Grams cooked rice vermicelli noodles (bihon) => rice vermicelli noodles [250.0g, FDC local:noodles] | 2 pieces boneless chicken thigh fillets (nakahiwa nang manipis) => boneless chicken thigh fillets [200.0g, FDC local:chicken] | 200 Grams Shrimp (nabalatan at nalinis) => shrimp [200.0g, FDC local:shrimp] | 1 Chinese chorizo (naka-slice ng manipis) => chinese pork [100.0g, FDC local:pork] | 1/2 Cup fish balls (naka-slice ng manipis) => fish balls [70.0g, FDC local:fish] | 1 Small red onion (naka-chop) => onion [110.0g, FDC local:onion] | 2-3 cloves Garlic (tinadtad) => garlic [7.5g, FDC local:garlic] | 2 large carrots (naka-slice ng manipis) => carrots [120.0g, FDC local:carrot] | 1 Small cabbage (naka-shred) => cabbage [100.0g, FDC local:cabbage] | 1 1/2 to 2 cups chicken broth => chicken broth [420.0g, FDC local:broth] | 1/4 Cup Soy Sauce => soy sauce [35.0g, FDC local:soy sauce] | 2 tablespoons green onions (naka-chop) => onions [16.0g, FDC local:onion]"
ph_717,510,40.1,25.7,25.6,1.1,891,3.6,local_reference_ingredient_sum_draft,api_estimate,pending_review,"Draft only: summed local reference ingredient profiles and divided by source_servings=7. Reviewer must verify ingredient matches, edible yield, oil absorption, and serving size before marking reviewed.",draft_partial_match,10,"4 liters water (divided) (ignored seasoning/water) | 12-14 cups soup (from bulalo) (no FDC match for soup) | 1 tablespoon kasubha (safflower) (no FDC match for kasubha) | 1 1/2 teaspoons ground black pepper (no FDC match for pepper) | Salt (to taste) (ignored seasoning/water) | fried garlic bits (to serve) (missing quantity) | green onions (chopped, to serve) (missing quantity) | calamansi (to serve) (missing quantity) | fish sauce (patis) (to serve) (missing quantity)","1 kilogram beef shank (bulalo) => beef shank [1000.0g, FDC local:beef] | 1/4 Cup fish sauce (patis) => fish sauce [35.0g, FDC local:fish sauce] | 1 medium white onion (quartered) => onion [110.0g, FDC local:onion] | 2 tablespoons vegetable oil => cooking oil [27.2g, FDC local:cooking oil] | 4 cloves Garlic (chopped) => garlic [12.0g, FDC local:garlic] | 2 medium white onion (chopped) => onion [220.0g, FDC local:onion] | 1 Cup Glutinous rice (malagkit) (rinsed) => glutinous rice [240.0g, FDC local:rice] | 1 Cup long-grain rice (rinsed) => -grain rice [240.0g, FDC local:rice] | 1/4 Cup fish sauce (patis) => fish sauce [35.0g, FDC local:fish sauce] | 2 teaspoons sugar => sugar [8.3g, FDC local:sugar]"
ph_718,239,15.5,21.8,10.5,3.1,270,10.4,local_reference_ingredient_sum_draft,api_estimate,pending_review,"Draft only: summed local reference ingredient profiles and divided by source_servings=10. Reviewer must verify ingredient matches, edible yield, oil absorption, and serving size before marking reviewed.",draft_partial_match,16,1 1/2 to 2 cups water (no FDC match for water) | 1/4 teaspoon Salt (no FDC match for salt) | vegetable oil (missing quantity) | 2 cups heart of palm (ubod) (kinalas) (no FDC match for heart of palm) | 1 teaspoon Salt (ignored seasoning/water) | 1/2 teaspoon black pepper (no FDC match for pepper) | green lettuce leaves (missing quantity) | Garlic (naka-chop) (missing quantity) | peanuts (dinurog) (missing quantity),"4 large eggs => eggs [200.0g, FDC local:egg] | 1 Cup cornstarch => cornstarch [150.0g, FDC local:corn] | 2 cups pork stock => pork stock [280.0g, FDC local:pork] | 1/2 Cup sugar => sugar [62.5g, FDC local:sugar] | 1/4 Cup Soy Sauce => soy sauce [35.0g, FDC local:soy sauce] | 2 tablespoons cornstarch => cornstarch [16.0g, FDC local:corn] | 2 tablespoons Garlic (tinadtad) => garlic [16.0g, FDC local:garlic] | 2 tablespoons vegetable oil => cooking oil [27.2g, FDC local:cooking oil] | 1 teaspoon Garlic (tinadtad) => garlic [2.7g, FDC local:garlic] | 1/2 Cup white onion (naka-chop) => onion [70.0g, FDC local:onion] | 1/2 Cup ground pork => pork [70.0g, FDC local:pork] | 1 Cup sitaw (naka-slice ng manipis) => yardlong beans [140.0g, FDC local:yardlong beans] | 2 cups sweet potatoes (camote) (kinalas) => sweet potatoes [280.0g, FDC local:potato] | 2 cups carrots (kinalas) => carrots [280.0g, FDC local:carrot] | 1 block extra firm tofu (naka-slice sa maliliit na piraso) => block extra tofu [100.0g, FDC local:tofu] | 2 cups cabbage (kinalas) => cabbage [280.0g, FDC local:cabbage]"
ph_719,109,4.4,5.2,8.6,0.8,328,1.0,local_reference_ingredient_sum_draft,api_estimate,pending_review,"Draft only: summed local reference ingredient profiles and divided by source_servings=6. Reviewer must verify ingredient matches, edible yield, oil absorption, and serving size before marking reviewed.",draft_partial_match,6,2 tablespoons Oil (no FDC match for oil) | 2 pieces dried bay leaves (ignored seasoning/water) | 1/2 Cup water (ignored seasoning/water) | cooking oil (for deep frying) (ignored frying oil reserve),"2 500-gram packs firm tofu (tokwa) (cut into squares) => - packs tofu [200.0g, FDC local:tofu] | 1 head Garlic (cloves separated) => garlic [50.0g, FDC local:garlic] | 1/2 teaspoon whole black peppercorns => peppercorns [1.3g, FDC local:corn] | 1/4 Cup Soy Sauce => soy sauce [35.0g, FDC local:soy sauce] | 1/2 Cup Vinegar => vinegar [70.0g, FDC local:vinegar] | 1/2 Cup coconut cream (gata) => coconut cream [120.0g, FDC local:coconut cream]"
ph_720,896,16.6,1.7,90.7,0.2,695,0.2,local_reference_ingredient_sum_draft,api_estimate,pending_review,"Draft only: summed local reference ingredient profiles and divided by source_servings=6. Reviewer must verify ingredient matches, edible yield, oil absorption, and serving size before marking reviewed.",draft_partial_match,6,2 cups water (ignored seasoning/water) | 4 pieces bird's eye chili (siling labuyo) (no FDC match for bird s eye chili) | 4 pieces dried bay leaves (ignored seasoning/water),"1 tablespoon cooking oil => cooking oil [13.6g, FDC local:cooking oil] | 5 cloves Garlic (crushed) => garlic [15.0g, FDC local:garlic] | 1 kilogram Pork belly (cut into cubes) => pork belly [1000.0g, FDC local:pork belly] | 1/2 Cup Soy Sauce => soy sauce [70.0g, FDC local:soy sauce] | 1/4 Cup Vinegar => vinegar [35.0g, FDC local:vinegar] | 1 tablespoon black peppercorns => peppercorns [8.0g, FDC local:corn]"
ph_721,65,6.5,3.9,2.5,0.3,26,2.9,local_reference_ingredient_sum_draft,api_estimate,pending_review,"Draft only: summed local reference ingredient profiles and divided by source_servings=13.5. Reviewer must verify ingredient matches, edible yield, oil absorption, and serving size before marking reviewed.",draft_partial_match,9,1 Small singkamas (naka slice na kwadrado) (no FDC match for singkamas) | 1 stalk celery (naka slice na kwadrado) (no FDC match for stalk celery) | 4 stalks kinchay (tinadtad) (no FDC match for stalks kinchay) | Salt (ignored seasoning/water) | 15 pieces lumpia wrapper (no FDC match for lumpia wrapper) | Oil (for frying) (ignored frying oil reserve) | 1/2 teaspoon Salt (no FDC match for salt) | 1/2 Cup water (ignored seasoning/water) | 2-3 tablespoons water (no FDC match for water),"205 Grams pork => pork [205.0g, FDC local:pork] | 100 Grams Shrimp (tinatad) => shrimp [100.0g, FDC local:shrimp] | 1/2 tablespoon Garlic (tinadtad) => garlic [4.0g, FDC local:garlic] | 1 medium white onion (tinadtad) => onion [110.0g, FDC local:onion] | 1 Small carrot (naka slice na kwadrado) => carrot [60.0g, FDC local:carrot] | 1 medium Egg => egg [50.0g, FDC local:egg] | 1/4 Cup brown sugar => brown sugar [31.2g, FDC local:sugar] | 2 tablespoons Vinegar => vinegar [30.0g, FDC local:vinegar] | 1/2 tablespoon all-purpose flour => all-purpose flour [4.0g, FDC local:flour]"
ph_723,464,45.0,10.5,25.6,1.6,124,3.0,local_reference_ingredient_sum_draft,api_estimate,pending_review,"Draft only: summed local reference ingredient profiles and divided by source_servings=6. Reviewer must verify ingredient matches, edible yield, oil absorption, and serving size before marking reviewed.",draft_partial_match,6,2 pieces green finger chili (siling haba) (no FDC match for finger chili) | 1 tablespoon patis (fish sauce) (no FDC match for patis) | 1 bundle bokchoy (no FDC match for bokchoy) | water (as needed) (ignored seasoning/water),"1 kilogram bone-in beef shank (bulalo) => bone-in beef shank [1000.0g, FDC local:beef] | 1 medium red onions => onions [110.0g, FDC local:onion] | 2 tablespoons whole black peppercorns => peppercorns [16.0g, FDC local:corn] | 2 ears corn (cut into 3) => ears corn [200.0g, FDC local:corn] | 1 small head cabbage (quartered) => cabbage [100.0g, FDC local:cabbage] | 2 tablespoons green onions (chopped) => onions [16.0g, FDC local:onion]"
ph_724,322,38.9,23.7,6.8,1.5,483,1.9,local_reference_ingredient_sum_draft,api_estimate,pending_review,"Draft only: summed local reference ingredient profiles and divided by source_servings=6. Reviewer must verify ingredient matches, edible yield, oil absorption, and serving size before marking reviewed.",draft_partial_match,9,2 caups water (no FDC match for caups water) | canola oil (for frying) (ignored frying oil reserve),"1 tablespoon canola oil => cooking oil [13.6g, FDC local:cooking oil] | 1 45-gram packet Hainanese chicken rice flavoring mix => - packet hainanese chicken rice flavoring mix [100.0g, FDC local:chicken] | 1 1/2 cups long grain rice (rinsed) => grain rice [360.0g, FDC local:rice] | 1 inch fresh ginger (peeled, cut into strips) => inch ginger [100.0g, FDC local:ginger] | 3 cloves Garlic (peeled, chopped) => garlic [9.0g, FDC local:garlic] | 1 medium red onion (peeled, chopped) => onion [110.0g, FDC local:onion] | 2 tablespoons fish sauce (patis) (or to taste) => fish sauce [30.0g, FDC local:fish sauce] | 1 piece sayote (peeled, cubed) => sayote [200.0g, FDC local:sayote] | 6 pieces chicken thighs => chicken thighs [600.0g, FDC local:chicken]"
ph_725,184,21.6,2.9,9.3,0.9,70,0.9,local_reference_ingredient_sum_draft,api_estimate,pending_review,"Draft only: summed local reference ingredient profiles and divided by source_servings=6. Reviewer must verify ingredient matches, edible yield, oil absorption, and serving size before marking reviewed.",draft_partial_match,5,"1 Cup radish (labanos) (peeled, sliced) (no FDC match for radish) | 2 piece green finger chilies (siling pangsigang) (no FDC match for finger chilies) | 4 cups water (ignored seasoning/water) | 1 44-gram pack sinigang sa sampaloc mix (no FDC match for - pack sinigang sa sampaloc mix) | 1 bunch string beans (sitaw) (cut into 3-inch lengths) (no FDC match for string beans)","3 tablespoons canola oil => cooking oil [40.8g, FDC local:cooking oil] | 1 medium red onion (peeled, quartered) => onion [110.0g, FDC local:onion] | 4 pieces chicken quarters (leg and thigh part) (separated) => chicken quarters [400.0g, FDC local:chicken] | 1/8 wedge squash (kalabasa) (peeled, cubed) => wedge squash [12.5g, FDC local:squash] | 1 bunch kangkong (water spinach) (leaves and tender stalks only) => kangkong [150.0g, FDC local:spinach]"
ph_726,90,8.9,2.3,4.8,0.2,687,0.3,local_reference_ingredient_sum_draft,api_estimate,pending_review,"Draft only: summed local reference ingredient profiles and divided by source_servings=6. Reviewer must verify ingredient matches, edible yield, oil absorption, and serving size before marking reviewed.",draft_partial_match,6,2 cups water (ignored seasoning/water),"1 kilo pork kasim (cubed) => kilo pork kasim [100.0g, FDC local:pork] | 6 cloves Garlic (whole) => garlic [18.0g, FDC local:garlic] | 1/2 Cup Soy Sauce => soy sauce [70.0g, FDC local:soy sauce] | 1/2 tesapoon black peppercorns (lightly crushed) => tesapoon peppercorns [10.0g, FDC local:corn] | 3 large eggs => eggs [150.0g, FDC local:egg] | 1/3 Cup coconut vinegar => coconut vinegar [46.7g, FDC local:vinegar]"
ph_727,1270,23.8,17.8,122.2,1.6,274,5.6,local_reference_ingredient_sum_draft,api_estimate,pending_review,"Draft only: summed local reference ingredient profiles and divided by source_servings=10. Reviewer must verify ingredient matches, edible yield, oil absorption, and serving size before marking reviewed.",draft_partial_match,8,"5 cups water (ignored seasoning/water) | 16 pieces birds eye chilies (siling labuyo), (chopped, dividedd) (no FDC match for birds eye chilies) | 2 stalks Lemongrass (tanglad) (no FDC match for stalks lemongrass) | 4 pieces star anise (no FDC match for star anise) | 4 pieces bay leaves (ignored seasoning/water) | 1/4 Cup Salt (no FDC match for salt) | 1 1/2 teaspoons Salt (no FDC match for salt) | 1 1/2 teaspoon black pepper (no FDC match for pepper) | 3 tablespoons evaporated milk (no FDC match for evaporated milk) | 1 tablespoon water (no FDC match for water)","4 heads Garlic (smashed, divided) => garlic [200.0g, FDC local:garlic] | 2 medium red onion => onion [220.0g, FDC local:onion] | 2 stalks green onion leaves (divided) => stalks onion leaves [220.0g, FDC local:onion] | 1 1/2 tablespoons peppercorn (divided) => peppercorn [12.0g, FDC local:corn] | 2 ginger (sliced thinly, divided) => ginger [200.0g, FDC local:ginger] | 1/4 cups Soy Sauce => soy sauce [35.0g, FDC local:soy sauce] | 1/4 Cup sugar => sugar [31.2g, FDC local:sugar] | 2.3 kilograms boneless pork belly, skin on => boneless pork belly skin on [2300.0g, FDC local:pork belly]"
ph_728,344,34.5,6.0,18.9,1.1,1053,2.4,local_reference_ingredient_sum_draft,api_estimate,pending_review,"Draft only: summed local reference ingredient profiles and divided by source_servings=4. Reviewer must verify ingredient matches, edible yield, oil absorption, and serving size before marking reviewed.",draft_partial_match,3,1/4 Cup Calamansi Juice (no FDC match for calamansi juice) | 1/2 Cup All-purpose cream (no FDC match for all-purpose cream) | ground black pepper (to taste) (ignored seasoning/water) | Oil (as needed) (missing quantity),"1/2 kilogram breakfast beef steaks ((thinly sliced sirloin)) => breakfast beef steaks [500.0g, FDC local:beef] | 1/2 Cup Soy Sauce => soy sauce [70.0g, FDC local:soy sauce] | 2 medium white onions (peeled, sliced) => onions [220.0g, FDC local:onion]"
ph_729,89,6.1,8.8,3.3,1.1,22,1.7,local_reference_ingredient_sum_draft,api_estimate,pending_review,"Draft only: summed local reference ingredient profiles and divided by source_servings=4. Reviewer must verify ingredient matches, edible yield, oil absorption, and serving size before marking reviewed.",draft_partial_match,6,1 Cup water (ignored seasoning/water) | 2 teaspoons Salt (ignored seasoning/water) | 3 green finger chilies (no FDC match for finger chilies),"1/2 Cup Vinegar => vinegar [70.0g, FDC local:vinegar] | 1 teaspoon black peppercorns => peppercorns [2.7g, FDC local:corn] | 1 medium-sized bangus (milkfish) (nilinis at hiniwa sa 4 na piraso) => -sized milkfish [100.0g, FDC local:milkfish] | 1 knob ginger (nakahiwa) => knob ginger [100.0g, FDC local:ginger] | 6 cloves Garlic => garlic [18.0g, FDC local:garlic] | 1 medium red onion (nakahiwa) => onion [110.0g, FDC local:onion]"
ph_730,414,7.3,14.9,38.8,3.0,389,4.7,local_reference_ingredient_sum_draft,api_estimate,pending_review,"Draft only: summed local reference ingredient profiles and divided by source_servings=4. Reviewer must verify ingredient matches, edible yield, oil absorption, and serving size before marking reviewed.",draft_partial_match,7,1/2 teapoon ground turmeric (no FDC match for teapoon turmeric) | 3 pieces green finger chilies (siling pangsigang) (halved) (no FDC match for finger chilies) | 1 Cup chili leaves (dahon ng sili) (no FDC match for chili leaves) | Salt (to taste) (ignored seasoning/water) | ground black pepper (to taste) (ignored seasoning/water),"2 tablespoons vegetable oil => cooking oil [27.2g, FDC local:cooking oil] | 1 Small red onion (sliced) => onion [110.0g, FDC local:onion] | 3 cloves Garlic (chopped) => garlic [9.0g, FDC local:garlic] | 1 1-inch piece ginger (sliced into strips) => -inch ginger [100.0g, FDC local:ginger] | 1 1/2 cups coconut cream (kakang gata) => coconut cream [360.0g, FDC local:coconut cream] | 1 tablespoon fish sauce (patis) => fish sauce [15.0g, FDC local:fish sauce] | 1 kilo green mussels (tahong) (Cleaned, beards removed) => kilo mussels [100.0g, FDC local:mussels]"
ph_731,705,5.0,4.7,75.4,0.6,425,1.2,local_reference_ingredient_sum_draft,api_estimate,pending_review,"Draft only: summed local reference ingredient profiles and divided by source_servings=4. Reviewer must verify ingredient matches, edible yield, oil absorption, and serving size before marking reviewed.",draft_partial_match,5,Salt (to taste) (ignored seasoning/water) | Pepper (to taste) (ignored seasoning/water),"3 tablespoonss cooking oil => tablespoonss cooking oil [300.0g, FDC local:cooking oil] | 4 cloves Garlic (tinadtad) => garlic [12.0g, FDC local:garlic] | 1 medium white onion (tinadtad) => onion [110.0g, FDC local:onion] | 1 kilo Squid (Pusit) (naka-slice at nakahiwalay ang squid ink) => kilo squid [100.0g, FDC local:squid] | 2 tablespoons Soy Sauce => soy sauce [30.0g, FDC local:soy sauce]"
ph_732,552,6.2,20.8,53.9,5.4,32,7.6,local_reference_ingredient_sum_draft,api_estimate,pending_review,"Draft only: summed local reference ingredient profiles and divided by source_servings=6. Reviewer must verify ingredient matches, edible yield, oil absorption, and serving size before marking reviewed.",draft_partial_match,7,1 piece green chili (siling pangsigang) (Optional) (no FDC match for chili) | fish sauce (patis) (to taste) (missing quantity) | ground black pepper (to taste) (ignored seasoning/water),"3 tablespoons cooking oil => cooking oil [40.8g, FDC local:cooking oil] | 3 cloves Garlic (finely chopped) => garlic [9.0g, FDC local:garlic] | 1 large red onion (finely chopped) => onion [110.0g, FDC local:onion] | 3 cups kalabasa (cubed, sliced thinly) => squash [420.0g, FDC local:squash] | 2 cups coconut milk => coconut milk [480.0g, FDC local:coconut milk] | 2 cups coconut cream => coconut cream [480.0g, FDC local:coconut cream] | 1 Cup fresh malunggay leaves => moringa leaves leaves [30.0g, FDC local:moringa leaves]"
ph_733,135,8.8,13.7,4.9,1.6,588,0.9,local_reference_ingredient_sum_draft,api_estimate,pending_review,"Draft only: summed local reference ingredient profiles and divided by source_servings=5. Reviewer must verify ingredient matches, edible yield, oil absorption, and serving size before marking reviewed.",draft_partial_match,6,1/4 Cup Oil (no FDC match for oil) | 2 pieces bay leaves (ignored seasoning/water) | 1 1/2 cups water (or as needed) (no FDC match for water) | Salt (to taste) (ignored seasoning/water),"2 medium Potatoes (peeled, cubed large) => potatoes [340.0g, FDC local:potato] | 5 cloves Garlic (lightly crushed) => garlic [15.0g, FDC local:garlic] | 1/3 Cup Soy Sauce => soy sauce [46.7g, FDC local:soy sauce] | 1/3 Cup Vinegar => vinegar [46.7g, FDC local:vinegar] | 1/4 teaspoon black peppercorns (crushed, more to taste) => peppercorns [0.7g, FDC local:corn] | 5 large eggs => eggs [250.0g, FDC local:egg]"
ph_734,72,7.4,2.8,4.1,0.4,434,0.6,local_reference_ingredient_sum_draft,api_estimate,pending_review,"Draft only: summed local reference ingredient profiles and divided by source_servings=6. Reviewer must verify ingredient matches, edible yield, oil absorption, and serving size before marking reviewed.",draft_partial_match,5,2 pieces bay leaves (ignored seasoning/water) | 1/4 teaspoon crushed black pepper (no FDC match for pepper) | 3 pieces bird's eye chili (siling labuyo) (no FDC match for bird s eye chili) | Oil (as needed) (missing quantity),"1/2 kilogram tofu (cut into squares) => tofu [500.0g, FDC local:tofu] | 3 cloves Garlic (chopped) => garlic [9.0g, FDC local:garlic] | 1/3 Cup Soy Sauce => soy sauce [46.7g, FDC local:soy sauce] | 1/3 Cup Vinegar => vinegar [46.7g, FDC local:vinegar] | 2 teaspoons chili garlic sauce => chili garlic sauce [5.3g, FDC local:garlic]"
ph_735,309,36.1,4.5,14.9,0.1,700,3.2,local_reference_ingredient_sum_draft,api_estimate,pending_review,"Draft only: summed local reference ingredient profiles and divided by source_servings=4. Reviewer must verify ingredient matches, edible yield, oil absorption, and serving size before marking reviewed.",draft_partial_match,6,Salt (to taste) (ignored seasoning/water) | ground black pepper (to taste) (ignored seasoning/water),"500 Grams fresh sashimi-grade tuna (cut into 1/2-inch cubes) => sashimi-grade tuna [500.0g, FDC local:tuna] | 4 tablespoons canola oil => cooking oil [54.4g, FDC local:cooking oil] | 3 cloves Garlic (peeled, sliced thinly) => garlic [9.0g, FDC local:garlic] | 1/3 Cup Soy Sauce => soy sauce [46.7g, FDC local:soy sauce] | 1/3 Cup Vinegar => vinegar [46.7g, FDC local:vinegar] | 1 tablespoon brown sugar (or to taste) => brown sugar [12.5g, FDC local:sugar]"
ph_736,454,55.1,17.6,17.0,2.9,559,2.0,local_reference_ingredient_sum_draft,api_estimate,pending_review,"Draft only: summed local reference ingredient profiles and divided by source_servings=6. Reviewer must verify ingredient matches, edible yield, oil absorption, and serving size before marking reviewed.",draft_partial_match,8,1 227-gram can Canned Pineapple Chunks (syrup reserved) (no FDC match for - can canned pineapple chunks) | 2 pieces dried bay leaves (ignored seasoning/water) | 1 Cup water (or as needed) (ignored seasoning/water),"3 tablespoons vegetable oil => cooking oil [40.8g, FDC local:cooking oil] | 1 kilogram chicken thighs and legs => chicken thighs and legs [1000.0g, FDC local:chicken] | 3 medium Potatoes (peeled, cubed large) => potatoes [510.0g, FDC local:potato] | 1/3 Cup Soy Sauce => soy sauce [46.7g, FDC local:soy sauce] | 1/4 Cup Vinegar => vinegar [35.0g, FDC local:vinegar] | 1/2 teaspoon black peppercorns (lightly crushed) => peppercorns [1.3g, FDC local:corn] | 1 400-ml can coconut milk => -ml can coconut milk [100.0g, FDC local:coconut milk] | 1/2 Cup green peas => green peas [75.0g, FDC local:green peas]"
ph_737,468,47.6,13.1,23.5,1.5,749,0.6,local_reference_ingredient_sum_draft,api_estimate,pending_review,"Draft only: summed local reference ingredient profiles and divided by source_servings=6. Reviewer must verify ingredient matches, edible yield, oil absorption, and serving size before marking reviewed.",draft_partial_match,5,1/4 teaspoon crushed black pepper (or to taste) (no FDC match for pepper) | 2 pieces dried bay leaves (ignored seasoning/water) | 2 cups water (or as needed) (ignored seasoning/water),"1 kilogram pork kasim (cut into cubes) => pork kasim [1000.0g, FDC local:pork] | 1/2 Cup Vinegar => vinegar [70.0g, FDC local:vinegar] | 1/2 Cup Soy Sauce => soy sauce [70.0g, FDC local:soy sauce] | 1 head Garlic (peeled) => garlic [50.0g, FDC local:garlic] | 2 medium Potatoes (peeled, cut into large cubes) => potatoes [340.0g, FDC local:potato]"
ph_738,199,36.4,7.8,1.5,2.5,65,3.9,local_reference_ingredient_sum_draft,api_estimate,pending_review,"Draft only: summed local reference ingredient profiles and divided by source_servings=4. Reviewer must verify ingredient matches, edible yield, oil absorption, and serving size before marking reviewed.",draft_partial_match,5,"1 40-gram pack sinigang sa sampaloc mix (no FDC match for - pack sinigang sa sampaloc mix) | 4 cups water (ignored seasoning/water) | 1 Small labanos (peeled, cut into rounds) (no FDC match for labanos) | 1 bunch string beans (cut into 3-inch lengths) (no FDC match for string beans) | Oil (as needed) (missing quantity)","1 Small red onion (peeled, quartered) => onion [110.0g, FDC local:onion] | 2 medium tomatoes (cored, quartered) => tomatoes [240.0g, FDC local:tomato] | 1/2 bunch okra (halved) => okra [75.0g, FDC local:okra] | 2 Small eggplants (cubed) => eggplants [100.0g, FDC local:eggplant] | 500 Grams fresh tuna (cubed large) => tuna [500.0g, FDC local:tuna]"
ph_739,307,30.9,16.4,12.5,1.0,1014,1.7,local_reference_ingredient_sum_draft,api_estimate,pending_review,"Draft only: summed local reference ingredient profiles and divided by source_servings=4. Reviewer must verify ingredient matches, edible yield, oil absorption, and serving size before marking reviewed.",draft_partial_match,5,1/2 Cup water (ignored seasoning/water) | ground black pepper (to taste) (ignored seasoning/water),"2 tablespoons cooking oil => cooking oil [27.2g, FDC local:cooking oil] | 1 medium red onion (peeled, sliced) => onion [110.0g, FDC local:onion] | 1 1-inch sized fresh ginger (peeled, sliced into sticks) => -inch sized ginger [100.0g, FDC local:ginger] | 1 kilogram green mussels (tahong) (cleaned, in cold water, beards removed shortly before cooking) => mussels [1000.0g, FDC local:mussels] | 1 tablespoon fish sauce (patis) (or to taste) => fish sauce [15.0g, FDC local:fish sauce]"
ph_740,214,6.0,17.5,15.1,4.0,1660,3.6,local_reference_ingredient_sum_draft,api_estimate,pending_review,"Draft only: summed local reference ingredient profiles and divided by source_servings=4.5. Reviewer must verify ingredient matches, edible yield, oil absorption, and serving size before marking reviewed.",draft_partial_match,7,1 1/2 kilo kuhol (no FDC match for kilo kuhol) | 2 tablespoons Salt (ignored seasoning/water) | 4 pieces green chilies (siling pangsigang) (no FDC match for chilies) | 3 cups water (ignored seasoning/water) | 1 teaspoon ground black pepper (no FDC match for pepper) | 2 pieces birds eye chilies (siling labuyo) (no FDC match for birds eye chilies),"3 tablespoons cooking oil => cooking oil [40.8g, FDC local:cooking oil] | 1 head Garlic (minced) => garlic [50.0g, FDC local:garlic] | 1 medium red onion (minced) => onion [110.0g, FDC local:onion] | 1 1/2 inch ginger (sliced thinly) => inch ginger [150.0g, FDC local:ginger] | 6 tablespoons fish sauce (patis) => fish sauce [90.0g, FDC local:fish sauce] | 1 100 gram pack coconut milk powder => pack coconut milk powder [100.0g, FDC local:coconut milk] | 3 bundles kangkong leaves => kangkong leaves [450.0g, FDC local:spinach]"
ph_741,177,7.0,11.6,12.1,2.4,1384,3.5,local_reference_ingredient_sum_draft,api_estimate,pending_review,"Draft only: summed local reference ingredient profiles and divided by source_servings=4.5. Reviewer must verify ingredient matches, edible yield, oil absorption, and serving size before marking reviewed.",draft_partial_match,8,3 cups water (ignored seasoning/water) | 4 pieces green chili fingers (siling pang-sigang) (no FDC match for chili fingers) | 1 bunch pepper leaves (dahon ng sili) (or malunggay leaves) (no FDC match for pepper leaves) | 1/2 teaspoon ground black pepper (or to taste) (no FDC match for pepper) | 1/2 teaspoon Salt (or to taste) (no FDC match for salt),"3 tablespoons cooking oil => cooking oil [40.8g, FDC local:cooking oil] | 3 cloves Garlic (minced) => garlic [9.0g, FDC local:garlic] | 1 medium red onion (sliced thinly) => onion [110.0g, FDC local:onion] | 1 (1-inch) piece ginger (sliced thinly) => ginger [100.0g, FDC local:ginger] | 2 pieces medium sayote (or green papaya, sliced) => sayote [400.0g, FDC local:sayote] | 5 tablespoons fish sauce (patis) => fish sauce [75.0g, FDC local:fish sauce] | 1 kilo bangus (sliced to 5 pieces, scaled, cleaned) => kilo milkfish [100.0g, FDC local:milkfish] | 1 piece chicken bouillon cube => chicken bouillon cube [100.0g, FDC local:broth]"
ph_742,429,64.2,12.1,15.3,2.6,3234,6.8,local_reference_ingredient_sum_draft,api_estimate,pending_review,"Draft only: summed local reference ingredient profiles and divided by source_servings=4. Reviewer must verify ingredient matches, edible yield, oil absorption, and serving size before marking reviewed.",draft_partial_match,9,2 cups water (ignored seasoning/water) | 1 teaspoon turmeric powder (no FDC match for turmeric powder) | 1 tablespoon curry powder (no FDC match for curry powder) | 1/4 Cup cilantro leaves (no FDC match for cilantro leaves) | Oil (for cooking) (missing quantity) | Salt (to taste) (ignored seasoning/water) | ground pepper (to taste) (missing quantity),"1 kilogram Shrimp (shelled, deveined, heads and shells reserved) => shrimp [1000.0g, FDC local:shrimp] | 3 cloves Garlic (minced) => garlic [9.0g, FDC local:garlic] | 1 Small red onion (sliced) => onion [110.0g, FDC local:onion] | 1 medium tomato (quartered) => tomato [120.0g, FDC local:tomato] | 1 thumb-sized piece ginger (sliced) => -sized ginger [15.0g, FDC local:ginger] | 1 Cup coconut milk => coconut milk [240.0g, FDC local:coconut milk] | 1 medium eggplant (sliced) => eggplant [50.0g, FDC local:eggplant] | 1 teaspoon sugar => sugar [4.2g, FDC local:sugar] | 1 1/2 tablpesoons Fish sauce => tablpesoons fish sauce [150.0g, FDC local:fish sauce]"
ph_744,188,31.4,15.5,0.5,0.8,280,9.1,local_reference_ingredient_sum_draft,api_estimate,pending_review,"Draft only: summed local reference ingredient profiles and divided by source_servings=4. Reviewer must verify ingredient matches, edible yield, oil absorption, and serving size before marking reviewed.",draft_partial_match,6,1 330-ml bottle orange soda (or lemon-lime soda) (no FDC match for -ml bottle orange soda) | 1/4 Cup banana ketchup (no FDC match for banana ketchup) | 1/4 Cup water (ignored seasoning/water) | 2 tablespoons Oil (no FDC match for oil) | 1/4 Cup Butter (no FDC match for butter) | 4 pieces birds eye chilies (siling labuyo) (Optional) (no FDC match for birds eye chilies) | Salt (to taste) (ignored seasoning/water) | ground pepper (to taste) (missing quantity),"1/2 kilogram Shrimp (heads removed, deveined) => shrimp [500.0g, FDC local:shrimp] | 1/4 Cup brown sugar => brown sugar [31.2g, FDC local:sugar] | 2 teaspoons Soy Sauce => soy sauce [10.0g, FDC local:soy sauce] | 1 tablespoon Garlic (minced) => garlic [8.0g, FDC local:garlic] | 1 head Garlic (minced) => garlic [50.0g, FDC local:garlic] | 1 Small red onion (chopped) => onion [110.0g, FDC local:onion]"
ph_745,106,3.1,8.3,7.4,2.4,333,3.7,local_reference_ingredient_sum_draft,api_estimate,pending_review,"Draft only: summed local reference ingredient profiles and divided by source_servings=4. Reviewer must verify ingredient matches, edible yield, oil absorption, and serving size before marking reviewed.",draft_partial_match,6,ground black pepper (to taste) (ignored seasoning/water) | Salt (to taste) (ignored seasoning/water),"2 tablespoons vegetable oil => cooking oil [27.2g, FDC local:cooking oil] | 1 medium red onion (peeled, sliced) => onion [110.0g, FDC local:onion] | 2 cloves Garlic (peeled, chopped) => garlic [6.0g, FDC local:garlic] | 3 Small native tomatoes (quartered) => native tomatoes [360.0g, FDC local:tomato] | 1 bunch kangkong (leaves and tender stalks only) => kangkong [150.0g, FDC local:spinach] | 1 tablespoon shrimp paste (bagoong alamang) => shrimp paste [17.0g, FDC local:shrimp paste]"
ph_746,631,69.3,4.5,35.2,0.9,800,1.7,local_reference_ingredient_sum_draft,api_estimate,pending_review,"Draft only: summed local reference ingredient profiles and divided by source_servings=4. Reviewer must verify ingredient matches, edible yield, oil absorption, and serving size before marking reviewed.",draft_partial_match,6,2 pieces bay leaves (ignored seasoning/water) | 2 cups water (or as needed) (ignored seasoning/water),"1 kilogram pork (adobo cut) => pork [1000.0g, FDC local:pork] | 1/3 Cup Vinegar => vinegar [46.7g, FDC local:vinegar] | 1/3 Cup Soy Sauce => soy sauce [46.7g, FDC local:soy sauce] | 6 cloves Garlic (peeled) => garlic [18.0g, FDC local:garlic] | 1/4 teaspoon black peppercorns (lightly crushed) => peppercorns [0.7g, FDC local:corn] | 2 medium tomatoes (quartered) => tomatoes [240.0g, FDC local:tomato]"
ph_747,204,10.4,9.1,14.9,3.2,55,3.4,local_reference_ingredient_sum_draft,api_estimate,pending_review,"Draft only: summed local reference ingredient profiles and divided by source_servings=4. Reviewer must verify ingredient matches, edible yield, oil absorption, and serving size before marking reviewed.",draft_partial_match,6,2 pieces green finger chili (siling haba) (no FDC match for finger chili) | 1 20-gram pack sinigang sa sampaloc mix (no FDC match for - pack sinigang sa sampaloc mix) | 1 bunch string beans (cut into 3-inch lengths) (no FDC match for string beans),"1/4 Cup vegetable oil (or as needed) => cooking oil [54.5g, FDC local:cooking oil] | 1 whole Chicken (cut into 8 pieces) => chicken [100.0g, FDC local:chicken] | 1 medium red onion (peeled quartered) => onion [110.0g, FDC local:onion] | 2 medium tomatoes (quartered) => tomatoes [240.0g, FDC local:tomato] | 1 bunch okra (halved) => okra [150.0g, FDC local:okra] | 1 bunch kangkong (leaves and tender stalks only) => kangkong [150.0g, FDC local:spinach]"
ph_748,267,12.4,14.8,19.0,2.5,695,3.5,local_reference_ingredient_sum_draft,api_estimate,pending_review,"Draft only: summed local reference ingredient profiles and divided by source_servings=4.5. Reviewer must verify ingredient matches, edible yield, oil absorption, and serving size before marking reviewed.",draft_partial_match,10,1 teaspoon ground black pepper (to taste) (no FDC match for pepper) | 1 medium size green papaya (sliced) (no FDC match for size papaya) | 1 Cup water (ignored seasoning/water) | 4 pieces (no usable quantity),"1/4 Cup vegetable oil => cooking oil [54.5g, FDC local:cooking oil] | 1/2 head Garlic (minced) => garlic [25.0g, FDC local:garlic] | 1 inch ginger (thinly sliced) => inch ginger [100.0g, FDC local:ginger] | 2 medium red onions (chopped) => onions [220.0g, FDC local:onion] | 1 kilo Chicken, (tinola cut) => kilo chicken [100.0g, FDC local:chicken] | 1/4 Cup fish sauce (patis) => fish sauce [35.0g, FDC local:fish sauce] | 2 tablespoons white vinegar => vinegar [30.0g, FDC local:vinegar] | 1 chicken bouillon cube => chicken bouillon cube [100.0g, FDC local:broth] | 1 50-gram pack coconut milk (gata) powder (dissolved in 1 cup water) => - pack coconut milk powder [100.0g, FDC local:coconut milk] | 1 bunch malunggay leaves => moringa leaves leaves [150.0g, FDC local:moringa leaves]"
ph_750,377,36.0,16.7,17.8,3.4,539,2.6,local_reference_ingredient_sum_draft,api_estimate,pending_review,"Draft only: summed local reference ingredient profiles and divided by source_servings=4. Reviewer must verify ingredient matches, edible yield, oil absorption, and serving size before marking reviewed.",draft_partial_match,8,water (for boiling) (ignored seasoning/water) | 1 piece green finger chili (siling pangsigang) (no FDC match for finger chili) | 1/2 Cup green beans (sitaw) (sliced into 2-inch sticks) (no FDC match for beans) | 1/4 Cup radish (labanos) (sliced) (no FDC match for radish) | Salt (to taste) (ignored seasoning/water),"500 Grams pork (sinigang cut (large chunks)) => pork [500.0g, FDC local:pork] | 1 medium tomatoes (quartered) => tomatoes [120.0g, FDC local:tomato] | 1 Small onion (quartered) => onion [110.0g, FDC local:onion] | 1 Cup gabi (taro root) (cubed) => gabi [140.0g, FDC local:taro] | 3 to 4 tablespoons Sinigang Na Gabi Mix => sinigang na gabi mix [28.0g, FDC local:taro] | 1 to 2 tablespoons fish sauce (patis) => fish sauce [22.5g, FDC local:fish sauce] | 1/2 Cup okra => okra [70.0g, FDC local:okra] | 2 cups kangkong (water spinach) leaves (washed and trimmed) => kangkong leaves [60.0g, FDC local:spinach]"
ph_751,260,12.9,19.4,16.5,6.8,69,3.6,local_reference_ingredient_sum_draft,api_estimate,pending_review,"Draft only: summed local reference ingredient profiles and divided by source_servings=8. Reviewer must verify ingredient matches, edible yield, oil absorption, and serving size before marking reviewed.",draft_partial_match,8,water (as needed) (ignored seasoning/water) | 1 tablespoon Salt (ignored seasoning/water) | 3 tablespoons Oil (for frying) (ignored frying oil reserve) | 2 tablespoons patis (no FDC match for patis) | ground black pepper (to taste) (ignored seasoning/water),"500 Grams dried green mung beans (monggo) => dried mung beans [500.0g, FDC local:mung beans] | 1 head Garlic (minced) => garlic [50.0g, FDC local:garlic] | 1/2 kilo medium shrimp (shelled, deveined) => kilo shrimp [10.0g, FDC local:shrimp] | 1 chicken bouillon cube => chicken bouillon cube [100.0g, FDC local:broth] | 5 tablespooons coconut milk powder => tablespooons coconut milk powder [500.0g, FDC local:coconut milk] | 1 bunch malunggay leaves => moringa leaves leaves [150.0g, FDC local:moringa leaves] | 1 bunch pechay Tagalog => bok choy tagalog [150.0g, FDC local:bok choy] | 1 Cup dried dilis => dried fish [140.0g, FDC local:fish]"
ph_752,79,6.7,7.3,2.9,2.0,245,3.0,local_reference_ingredient_sum_draft,api_estimate,pending_review,"Draft only: summed local reference ingredient profiles and divided by source_servings=6. Reviewer must verify ingredient matches, edible yield, oil absorption, and serving size before marking reviewed.",draft_partial_match,5,"2 40-gram packs sinigang sa sampaloc mix (no FDC match for - packs sinigang sa sampaloc mix) | 6 cups water (or as needed) (ignored seasoning/water) | 1 large labanos (peeled, cut into rounds) (no FDC match for labanos)","1 kilo pork pigue (adobo cut) => kilo pork pigue [100.0g, FDC local:pork] | 2 Small red onions (quartered) => onions [220.0g, FDC local:onion] | 2 medium native tomatoes (quartered) => native tomatoes [240.0g, FDC local:tomato] | 2 tablespoons Japanese white miso paste => japanese soybean paste paste [34.0g, FDC local:soybean paste] | 1 bunch kangkong (water spinach) (tender stalks and leaves only) => kangkong [150.0g, FDC local:spinach]"
ph_753,45,6.9,2.3,0.8,0.2,496,0.1,local_reference_ingredient_sum_draft,api_estimate,pending_review,"Draft only: summed local reference ingredient profiles and divided by source_servings=4. Reviewer must verify ingredient matches, edible yield, oil absorption, and serving size before marking reviewed.",draft_partial_match,7,2 Small laurel leaves (no FDC match for laurel leaves),"1/2 kilo chicken livers with hearts => kilo chicken livers with hearts [50.0g, FDC local:chicken] | 1/4 kilo chicken breast fillets (cubed) => kilo chicken breast fillets [25.0g, FDC local:chicken] | 1/4 Cup Soy Sauce => soy sauce [35.0g, FDC local:soy sauce] | 1/4 Cup Vinegar => vinegar [35.0g, FDC local:vinegar] | 2 cloves Garlic (peeled, minced) => garlic [6.0g, FDC local:garlic] | 5 cloves Garlic (peeled, whole (optional)) => garlic [15.0g, FDC local:garlic] | 1/4 teaspoon black peppercorns => peppercorns [0.7g, FDC local:corn]"
ph_754,290,34.7,7.4,14.1,1.0,89,1.6,local_reference_ingredient_sum_draft,api_estimate,pending_review,"Draft only: summed local reference ingredient profiles and divided by source_servings=4. Reviewer must verify ingredient matches, edible yield, oil absorption, and serving size before marking reviewed.",draft_partial_match,5,1 Small green papaya (no FDC match for papaya) | 2 tablespoons patis (fish sauce) (or to taste) (no FDC match for patis) | 4 Small tanigue steaks (no FDC match for tanigue steaks),"2 tablespoons canola oil => cooking oil [27.2g, FDC local:cooking oil] | 1 medium red onion (peeled, quartered) => onion [110.0g, FDC local:onion] | 1 1-inch piece ginger (peeled, cut into strips) => -inch ginger [100.0g, FDC local:ginger] | 4 cups fish stock (or water) => fish stock [560.0g, FDC local:fish] | 1/2 Cup malunggay leaves => moringa leaves leaves [15.0g, FDC local:moringa leaves]"
ph_755,88,6.5,7.1,3.7,0.5,934,0.3,local_reference_ingredient_sum_draft,api_estimate,pending_review,"Draft only: summed local reference ingredient profiles and divided by source_servings=6. Reviewer must verify ingredient matches, edible yield, oil absorption, and serving size before marking reviewed.",draft_partial_match,7,2 pieces bay leaves (ignored seasoning/water) | 2 cups water (or as needed) (ignored seasoning/water) | vegetable oil (for frying) (ignored frying oil reserve),"1 kilo pork ribs (chopped) => kilo pork ribs [100.0g, FDC local:pork ribs] | 1 60-ml sachet Soy Sauce => -ml sachet soy sauce [100.0g, FDC local:soy sauce] | 1 60-ml sachet Vinegar => -ml sachet vinegar [100.0g, FDC local:vinegar] | 3 cloves Garlic (peeled, lightly crushed) => garlic [9.0g, FDC local:garlic] | 1/4 teaspoon black peppercorns (crushed) => peppercorns [0.7g, FDC local:corn] | 1 teaspoon cornstarch (dissolved in 1 teaspoon water) => cornstarch [2.7g, FDC local:corn] | 1 tesapoon chili-garlic sauce => tesapoon chili-garlic sauce [100.0g, FDC local:garlic]"
ph_756,151,2.5,4.4,13.9,1.4,1375,1.5,local_reference_ingredient_sum_draft,api_estimate,pending_review,"Draft only: summed local reference ingredient profiles and divided by source_servings=4. Reviewer must verify ingredient matches, edible yield, oil absorption, and serving size before marking reviewed.",draft_partial_match,5,ground black pepper (to taste) (ignored seasoning/water),"1/4 Cup canola oil (or as needed) => cooking oil [54.5g, FDC local:cooking oil] | 3 medium eggplants (trimmed, halved, and sliced into 3-inch lengths) => eggplants [150.0g, FDC local:eggplant] | 3 cloves Garlic (peeled, chopped) => garlic [9.0g, FDC local:garlic] | 1 60-gram pack Soy Sauce => - pack soy sauce [100.0g, FDC local:soy sauce] | 1 60-grams pack Vinegar => - pack vinegar [100.0g, FDC local:vinegar]"
ph_757,280,10.4,26.5,14.2,0.7,180,6.6,local_reference_ingredient_sum_draft,api_estimate,pending_review,"Draft only: summed local reference ingredient profiles and divided by source_servings=24. Reviewer must verify ingredient matches, edible yield, oil absorption, and serving size before marking reviewed.",draft_partial_match,8,1/2 Cup water (warm) (ignored seasoning/water) | 1 tablespoon active dry yeast (no FDC match for active dry yeast) | 1 teaspoon baking powder (no FDC match for baking powder) | 3 tablespoons vegetable shortening (no FDC match for vegetable shortening) | 1 teaspoon Salt (ignored seasoning/water) | 1 piece bay leaf (no FDC match for bay leaf) | 1 piece star anise (no FDC match for star anise) | 1 piece cinnamon stick (no FDC match for cinnamon stick) | 2 cups water (ignored seasoning/water),"1/2 Cup sugar (plus 2 tablespoons (for yeast)) => sugar [62.5g, FDC local:sugar] | 5 cups all-purpose flour (divided, more as needed) => all-purpose flour [625.0g, FDC local:flour] | 1/2 kilogram pork liempo (cut into cubes) => pork liempo [500.0g, FDC local:pork belly] | 1/2 kilogram pork kasim (cut into cubes) => pork kasim [500.0g, FDC local:pork] | 1/4 Cup Vinegar => vinegar [35.0g, FDC local:vinegar] | 1/2 Cup Soy Sauce => soy sauce [70.0g, FDC local:soy sauce] | 3/4 Cup sugar => sugar [93.8g, FDC local:sugar] | 1 tablespoon cornstarch (dissolved in 3 tablespoons water) => cornstarch [8.0g, FDC local:corn]"
ph_758,116,2.9,2.5,10.4,0.2,419,0.1,local_reference_ingredient_sum_draft,api_estimate,pending_review,"Draft only: summed local reference ingredient profiles and divided by source_servings=4. Reviewer must verify ingredient matches, edible yield, oil absorption, and serving size before marking reviewed.",draft_partial_match,7,ground black pepper (to taste) (ignored seasoning/water) | siling labuyo (to taste) (missing quantity),"3 tablespoons canola oil => cooking oil [40.8g, FDC local:cooking oil] | 4 cloves Garlic (peeled, chopped) => garlic [12.0g, FDC local:garlic] | 2 tablespoons Soy Sauce => soy sauce [30.0g, FDC local:soy sauce] | 4 tablespoons coconut vinegar => coconut vinegar [60.0g, FDC local:vinegar] | 1 tablespoon chili-garlic sauce => chili-garlic sauce [8.0g, FDC local:garlic] | 1/4 teaspoon squid ink ((from the squid)) => squid ink [0.7g, FDC local:squid] | 1/2 kilo squid (cleaned, cut into bite-sized pieces) => kilo squid [50.0g, FDC local:squid]"
ph_759,213,3.5,9.3,18.1,0.4,649,5.8,local_reference_ingredient_sum_draft,api_estimate,pending_review,"Draft only: summed local reference ingredient profiles and divided by source_servings=6. Reviewer must verify ingredient matches, edible yield, oil absorption, and serving size before marking reviewed.",draft_partial_match,8,1 1/2 cups water (or as needed) (no FDC match for water) | 2 star anise (no FDC match for star anise),"1/4 Cup canola oil => cooking oil [54.5g, FDC local:cooking oil] | 1 kilo pork liempo (adobo cut) => kilo pork liempo [100.0g, FDC local:pork belly] | 1/2 Cup Soy Sauce => soy sauce [70.0g, FDC local:soy sauce] | 1 Cup coconut vinegar => coconut vinegar [140.0g, FDC local:vinegar] | 1/4 Cup brown sugar => brown sugar [31.2g, FDC local:sugar] | 1 head Garlic (separated) => garlic [50.0g, FDC local:garlic] | 1/2 teaspoon black peppercorns => peppercorns [1.3g, FDC local:corn] | 1 284-gram can shiitake mushrooms (drained) => - can shiitake mushrooms [100.0g, FDC local:mushroom]"
ph_760,58,3.6,10.0,0.3,0.2,714,7.3,local_reference_ingredient_sum_draft,api_estimate,pending_review,"Draft only: summed local reference ingredient profiles and divided by source_servings=3.5. Reviewer must verify ingredient matches, edible yield, oil absorption, and serving size before marking reviewed.",draft_partial_match,5,2 tablespoons Oil (no FDC match for oil) | 1 tablespoons black pepper (no FDC match for pepper) | 3 pieces green chili (no FDC match for chili) | 2 tablespoons oyster sauce (no FDC match for oyster sauce),"6 cloves Garlic (minced) => garlic [18.0g, FDC local:garlic] | 1/2 kilo medium bisaya squid (cleaned, ink sac intact, cut up) => kilo bisaya squid [50.0g, FDC local:squid] | 3 tablespoons Soy Sauce => soy sauce [45.0g, FDC local:soy sauce] | 3 tablespoons Vinegar => vinegar [45.0g, FDC local:vinegar] | 2 tablespoons sugar => sugar [25.0g, FDC local:sugar]"
ph_761,216,19.4,14.0,8.9,1.0,1005,0.7,local_reference_ingredient_sum_draft,api_estimate,pending_review,"Draft only: summed local reference ingredient profiles and divided by source_servings=4. Reviewer must verify ingredient matches, edible yield, oil absorption, and serving size before marking reviewed.",draft_ready_for_review,7,,"2 tablespoons cooking oil => cooking oil [27.2g, FDC local:cooking oil] | 3 heads of Garlic (peeled and minced) => of garlic [150.0g, FDC local:garlic] | 1 tablespoon whole black peppercorns => peppercorns [8.0g, FDC local:corn] | 1 kilo Chicken (cut into pieces) => kilo chicken [100.0g, FDC local:chicken] | 1 Knorr chicken cube => knorr chicken cube [100.0g, FDC local:chicken] | 1 Cup white vinegar => vinegar [140.0g, FDC local:vinegar] | 1/2 Cup Soy Sauce => soy sauce [70.0g, FDC local:soy sauce]"
ph_762,31,3.1,4.5,0.4,1.8,541,0.4,local_reference_ingredient_sum_draft,api_estimate,pending_review,"Draft only: summed local reference ingredient profiles and divided by source_servings=4. Reviewer must verify ingredient matches, edible yield, oil absorption, and serving size before marking reviewed.",draft_partial_match,4,2 tablespoons Oil (no FDC match for oil) | 1/4 Cup water (ignored seasoning/water) | Salt (to taste) (ignored seasoning/water) | black pepper (to taste) (missing quantity) | 1/2 Cup chicharon (crushed) (no FDC match for chicharon),"5 cloves Garlic (chopped) => garlic [15.0g, FDC local:garlic] | 2 bunches kangkong => kangkong [300.0g, FDC local:spinach] | 1/2 Cup Vinegar => vinegar [70.0g, FDC local:vinegar] | 1/4 Cup Soy Sauce => soy sauce [35.0g, FDC local:soy sauce]"
ph_763,610,11.0,7.9,59.2,0.8,41,1.6,local_reference_ingredient_sum_draft,api_estimate,pending_review,"Draft only: summed local reference ingredient profiles and divided by source_servings=9. Reviewer must verify ingredient matches, edible yield, oil absorption, and serving size before marking reviewed.",draft_partial_match,3,a pinch of Salt (no FDC match for pinch of salt) | 2 tablespoons Salt (more to taste) (ignored seasoning/water) | 2 teaspoons Chinese five-spice powder (no FDC match for chinese five-spice powder) | sea salt (for roasting) (missing quantity) | white vinegar (for roasting) (missing quantity) | water (as needed) (ignored seasoning/water),"1 kilogram boneless pork belly (skin on) => boneless pork belly [1000.0g, FDC local:pork belly] | 3 to 4 slices fresh ginger => slices ginger [350.0g, FDC local:ginger] | 2 teaspoons sugar => sugar [8.3g, FDC local:sugar]"
ph_764,40,1.0,9.2,0.1,0.5,482,7.4,local_reference_ingredient_sum_draft,api_estimate,pending_review,"Draft only: summed local reference ingredient profiles and divided by source_servings=4. Reviewer must verify ingredient matches, edible yield, oil absorption, and serving size before marking reviewed.",draft_partial_match,3,1/2 Cup Calamansi Juice (no FDC match for calamansi juice) | 1 kilo tanigue steaks (no FDC match for kilo tanigue steaks) | 1 tablespoon unsalted butter (no FDC match for unsalted butter) | Salt (to taste) (ignored seasoning/water) | ground black pepper (to taste) (ignored seasoning/water),"1/4 Cup Soy Sauce => soy sauce [35.0g, FDC local:soy sauce] | 2 tablespoons white sugar => sugar [25.0g, FDC local:sugar] | 1 medium red onion (sliced) => onion [110.0g, FDC local:onion]"
ph_765,358,23.9,16.7,22.9,2.9,663,5.7,local_reference_ingredient_sum_draft,api_estimate,pending_review,"Draft only: summed local reference ingredient profiles and divided by source_servings=4. Reviewer must verify ingredient matches, edible yield, oil absorption, and serving size before marking reviewed.",draft_partial_match,11,3/4 Cup water (ignored seasoning/water) | 150 grams (1/2 package) sweet tamarind pods (no FDC match for sweet tamarind pods) | 1/4 teaspoon red pepper flakes (or to taste) (no FDC match for pepper flakes) | 1 Cup bean sprouts (togue) (rinsed) (no FDC match for bean sprouts) | ground black pepper (to taste) (ignored seasoning/water) | calamansi (to serve) (missing quantity),"1/4 Cup canola oil (divided) => cooking oil [54.5g, FDC local:cooking oil] | 100 Grams fresh suahe/shrimps (peeled and deveined, shells reserved) => suahe/shrimps [100.0g, FDC local:shrimp] | 2 tablespoons fish sauce (patis) (divided, more to taste) => fish sauce [30.0g, FDC local:fish sauce] | 1/2 400-gram package dried flat rice noodles ((dried hofan noodles)) => - package dried flat rice noodles [50.0g, FDC local:noodles] | 1 medium red onion (peeled, chopped) => onion [110.0g, FDC local:onion] | 2 cloves Garlic (peeled, chopped) => garlic [6.0g, FDC local:garlic] | 1 chicken breast fillet (sliced thinly) => chicken breast fillet [100.0g, FDC local:chicken] | 1 large Egg (beaten) => egg [50.0g, FDC local:egg] | 2 squares firm tofu (cubed, fried) => squares tofu [200.0g, FDC local:tofu] | 1/4 Cup peanuts (crushed) => peanuts [35.0g, FDC local:peanuts] | 3 stalks spring onions (chopped) => stalks spring onions [330.0g, FDC local:onion]"
ph_766,136,5.9,18.5,4.0,0.4,13,0.3,local_reference_ingredient_sum_draft,api_estimate,pending_review,"Draft only: summed local reference ingredient profiles and divided by source_servings=4. Reviewer must verify ingredient matches, edible yield, oil absorption, and serving size before marking reviewed.",draft_partial_match,5,6 cups water (ignored seasoning/water) | Salt (to taste) (ignored seasoning/water) | Pepper (to taste) (ignored seasoning/water),"1 tablespoon cooking oil => cooking oil [13.6g, FDC local:cooking oil] | 1/4 Cup dried shitake mushrooms => dried shitake mushrooms [35.0g, FDC local:mushroom] | 1 Cup red rice (washed and rinsed) => rice [240.0g, FDC local:rice] | 1 thumb-sized ginger (peeled and sliced thickly) => -sized ginger [15.0g, FDC local:ginger] | 1 200-gram pack squid balls (fried) => - pack squid balls [100.0g, FDC local:squid]"
ph_767,121,15.9,7.3,3.5,0.7,377,4.6,local_reference_ingredient_sum_draft,api_estimate,pending_review,"Draft only: summed local reference ingredient profiles and divided by source_servings=6. Reviewer must verify ingredient matches, edible yield, oil absorption, and serving size before marking reviewed.",draft_partial_match,9,1 tablespoon sesame oil (no FDC match for sesame oil) | spring onions (sliced into 1-inch lengths) (missing quantity) | Oil (for frying) (ignored frying oil reserve),"1/2 Cup chicken stock => chicken stock [70.0g, FDC local:chicken] | 1 tablespoon cornstarch => cornstarch [8.0g, FDC local:corn] | 1/4 Cup Soy Sauce => soy sauce [35.0g, FDC local:soy sauce] | 1 1/2 tablespoons chili garlic sauce => chili garlic sauce [12.0g, FDC local:garlic] | 2 tablespoons sugar => sugar [25.0g, FDC local:sugar] | 1 tablespoon apple cider vinegar => apple cider vinegar [15.0g, FDC local:vinegar] | 5 cloves Garlic (peeled, chopped) => garlic [15.0g, FDC local:garlic] | 1/4 Cup peanuts => peanuts [35.0g, FDC local:peanuts] | 1/4 kilogram medium shrimp (peeled, deveined, tails intact) => shrimp [250.0g, FDC local:shrimp]"
ph_768,81,8.4,2.7,3.7,0.3,978,0.4,local_reference_ingredient_sum_draft,api_estimate,pending_review,"Draft only: summed local reference ingredient profiles and divided by source_servings=4. Reviewer must verify ingredient matches, edible yield, oil absorption, and serving size before marking reviewed.",draft_partial_match,6,2 tablespoons rock salt (ignored seasoning/water) | 3 bay leaves (no FDC match for bay leaves) | 4 cups Oil (for deep-frying) (ignored frying oil reserve) | 3 pieces birds eye chili (siling labuyo) (no FDC match for birds eye chili),"1 kilo pork leg (pata) => kilo pork leg [100.0g, FDC local:pork] | 2 tablespoons whole peppercorns => peppercorns [16.0g, FDC local:corn] | 1 tablespoon minced garlic => garlic [8.0g, FDC local:garlic] | 1 tablespoon minced onions => onions [8.0g, FDC local:onion] | 1/2 Cup Soy Sauce => soy sauce [70.0g, FDC local:soy sauce] | 1/2 Cup Vinegar => vinegar [70.0g, FDC local:vinegar]"
ph_769,53,2.6,10.5,0.4,1.2,181,2.2,local_reference_ingredient_sum_draft,api_estimate,pending_review,"Draft only: summed local reference ingredient profiles and divided by source_servings=7. Reviewer must verify ingredient matches, edible yield, oil absorption, and serving size before marking reviewed.",draft_partial_match,9,2 tablespoons Oil (no FDC match for oil) | 1 Cup basil leaves (no FDC match for basil leaves) | Mini-Meatballs (cooked) (missing quantity) | 5 to 6 cups water (no FDC match for water) | 1 large patola (peeled and sliced in half circles) (no FDC match for patola),"1 head Garlic (peeled and minced) => garlic [50.0g, FDC local:garlic] | 1 Cup shiitake mushrooms (thinly sliced) => shiitake mushrooms [140.0g, FDC local:mushroom] | 1 bunch spring onions (chopped) => spring onions [150.0g, FDC local:onion] | 1 tablespoon Garlic (minced) => garlic [8.0g, FDC local:garlic] | 1 medium white onion (chopped) => onion [110.0g, FDC local:onion] | 1 tablespoons dried shrimp (hibi) => dried shrimp [8.0g, FDC local:shrimp] | 1 shrimp bouillon cube => shrimp bouillon cube [20.0g, FDC local:broth] | 100 Grams misua noodles => misua noodles [100.0g, FDC local:noodles] | 1 tablespoon Fish sauce => fish sauce [15.0g, FDC local:fish sauce]"
ph_770,518,59.0,10.5,27.8,1.9,492,2.9,local_reference_ingredient_sum_draft,api_estimate,pending_review,"Draft only: summed local reference ingredient profiles and divided by source_servings=4. Reviewer must verify ingredient matches, edible yield, oil absorption, and serving size before marking reviewed.",draft_partial_match,10,salt and pepper (to taste) (ignored seasoning/water),"3 tablespoons canola oil => cooking oil [40.8g, FDC local:cooking oil] | 4 tablespoons Garlic (minced) => garlic [32.0g, FDC local:garlic] | 4 whole fillets tilapia => fillets tilapia [400.0g, FDC local:tilapia] | 3 tablespoons annatto oil => annatto oil [40.8g, FDC local:annatto oil] | 2 white onions (chopped finely) => onions [220.0g, FDC local:onion] | 1 tablespoon ginger (minced) => ginger [8.0g, FDC local:ginger] | 1 tablespoons bagoong alamang (sauteed) => shrimp paste [17.0g, FDC local:shrimp paste] | 4 tablespoons peanuts (chopped very finely) => peanuts [32.0g, FDC local:peanuts] | 2 cups fish or shrimp broth or water => fish or shrimp broth or water [480.0g, FDC local:shrimp] | 1 tablespoon cornstarch (dissolved in 1 cup cold water) => cornstarch [8.0g, FDC local:corn]"
ph_771,67,6.9,0.8,3.5,0.0,16,0.1,local_reference_ingredient_sum_draft,api_estimate,pending_review,"Draft only: summed local reference ingredient profiles and divided by source_servings=4. Reviewer must verify ingredient matches, edible yield, oil absorption, and serving size before marking reviewed.",draft_partial_match,3,"2 cups water (ignored seasoning/water) | salt and pepper (to taste) (ignored seasoning/water) | 2 pieces birds eye chilies (siling labuyo), (chopped) (no FDC match for birds eye chilies) | 1 1/2 cups pigs blood (no FDC match for pigs blood)","1 kilo pork (diced with the fat separated from the meat) => kilo pork [100.0g, FDC local:pork] | 1 tablespoon Garlic (crushed) => garlic [8.0g, FDC local:garlic] | 1/2 Cup Iloko vinegar (sukang Iloko) => iloko vinegar [70.0g, FDC local:vinegar]"
ph_772,249,10.9,12.5,17.0,0.5,26,9.3,local_reference_ingredient_sum_draft,api_estimate,pending_review,"Draft only: summed local reference ingredient profiles and divided by source_servings=3. Reviewer must verify ingredient matches, edible yield, oil absorption, and serving size before marking reviewed.",draft_partial_match,8,1/2 Cup clear soda (7-Up or Sprite) (no FDC match for clear soda) | 2 tablespoons Calamansi Juice (no FDC match for calamansi juice) | 1/2 tablespoon rock salt (ignored seasoning/water) | 1 teaspoon Pepper (no FDC match for pepper) | 1 teaspoon Salt (ignored seasoning/water) | 1 tablespoon Butter (no FDC match for butter),"2/3 Cup local white vinegar => local vinegar [93.3g, FDC local:vinegar] | 1 1/2 tablespoons ginger (chopped) => ginger [12.0g, FDC local:ginger] | 2 tablespoons brown sugar => brown sugar [25.0g, FDC local:sugar] | 1 tablespoon Onion powder => onion powder [8.0g, FDC local:onion] | 1 whole Chicken (cut in half) => chicken [100.0g, FDC local:chicken] | 3 tablespoon corn oil => corn oil [40.8g, FDC local:corn] | 1/3 Cup annatto seeds => annatto seeds [46.7g, FDC local:annatto oil] | 2 tablespoons local white vinegar => local vinegar [30.0g, FDC local:vinegar]"
ph_773,279,35.3,19.6,6.4,2.3,713,3.1,local_reference_ingredient_sum_draft,api_estimate,pending_review,"Draft only: summed local reference ingredient profiles and divided by source_servings=5. Reviewer must verify ingredient matches, edible yield, oil absorption, and serving size before marking reviewed.",draft_partial_match,12,vegetable oil (for cooking) (missing quantity),"250 Grams cooked rice vermicelli noodles (bihon) => rice vermicelli noodles [250.0g, FDC local:noodles] | 2 fillets boneless chicken thigh fillets (sliced thinly) => fillets boneless chicken thigh fillets [200.0g, FDC local:chicken] | 200 Grams Shrimp (large, peeled and deveined) => shrimp [200.0g, FDC local:shrimp] | 1 Chinese chorizo (sliced thinly on the bias) => chinese pork [100.0g, FDC local:pork] | 1/2 Cup fish balls (assorted, sliced into thin rounds) => fish balls [70.0g, FDC local:fish] | 1 onion (peeled and chopped) => onion [110.0g, FDC local:onion] | 2 to 3 cloves Garlic (peeled and minced) => garlic [7.5g, FDC local:garlic] | 2 large carrots (peeled and sliced thinly on the bias) => carrots [120.0g, FDC local:carrot] | 1 Small cabbage (shredded) => cabbage [100.0g, FDC local:cabbage] | 1 1/2 to 2 cups chicken broth => chicken broth [420.0g, FDC local:broth] | 1/4 Cup Soy Sauce => soy sauce [35.0g, FDC local:soy sauce] | 2 tablespoons green onions (chopped) => onions [16.0g, FDC local:onion]"
ph_775,530,5.7,57.1,33.9,5.3,27,30.3,local_reference_ingredient_sum_draft,api_estimate,pending_review,"Draft only: summed local reference ingredient profiles and divided by source_servings=6. Reviewer must verify ingredient matches, edible yield, oil absorption, and serving size before marking reviewed.",draft_partial_match,6,"1 Cup ube jam (no FDC match for ube jam) | 2 cups water (ignored seasoning/water) | 1 1/4 cups Banana (saba variety), (diced into 1/2-inch cubes) (no FDC match for banana) | 2 cups cooked small tapioca pearls (sago) (no FDC match for tapioca pearls)","1 Cup glutinous rice ((galapong), available at wet markets) => glutinous rice available at wet markets [240.0g, FDC local:rice] | 3 1/2 cups coconut milk ((second press), divided) => coconut milk divided [840.0g, FDC local:coconut milk] | 1 1/2 cups sweet potatoes ((preferably the orange variety), diced into 1/2-inch cubes) => sweet potatoes into -inch cubes [210.0g, FDC local:potato] | 1 Cup taro root (gabi) (diced into1/2-inch cubes) => taro root [140.0g, FDC local:taro] | 1 Cup white sugar => sugar [125.0g, FDC local:sugar] | 1 Cup ripe jackfruit (langka) (sliced into strips) => jackfruit [140.0g, FDC local:jackfruit]"
ph_776,218,7.9,14.6,14.9,3.3,716,6.2,local_reference_ingredient_sum_draft,api_estimate,pending_review,"Draft only: summed local reference ingredient profiles and divided by source_servings=2.5. Reviewer must verify ingredient matches, edible yield, oil absorption, and serving size before marking reviewed.",draft_partial_match,7,"5 grams, about 5 cups (no FDC match for about) | Fish sauce (to taste) (missing quantity) | 1/3 Cup tamarind paste (no FDC match for tamarind paste) | 1 Cup radishes (peeled and cut into 1/4-inch rounds) (no FDC match for radishes) | 3 green finger chilies (no FDC match for finger chilies) | 100 Grams mustard leaves (cleaned) (no FDC match for mustard leaves) | 1/4 Cup cilantro (chopped) (no FDC match for cilantro)","2 tablespoons cooking oil => cooking oil [27.2g, FDC local:cooking oil] | 1 teaspoon Garlic (minced) => garlic [2.7g, FDC local:garlic] | 1 large onion (peeled and sliced finely) => onion [110.0g, FDC local:onion] | 1 tablespoon ginger (finely julienned) => ginger [8.0g, FDC local:ginger] | 2 to 3 tomatoes (diced) => tomatoes [300.0g, FDC local:tomato] | 1/3 Cup miso (yellow) => soybean paste [46.7g, FDC local:soybean paste] | 1/2 kilo salmon head (cleaned, gills removed, and split open) => kilo salmon [50.0g, FDC local:salmon]"
ph_777,81,6.6,6.6,3.1,1.1,402,2.4,local_reference_ingredient_sum_draft,api_estimate,pending_review,"Draft only: summed local reference ingredient profiles and divided by source_servings=5. Reviewer must verify ingredient matches, edible yield, oil absorption, and serving size before marking reviewed.",draft_partial_match,4,1/4 teaspoon freshly ground black pepper (no FDC match for freshly pepper) | 3 tablespoons Calamansi Juice (no FDC match for calamansi juice) | 2 tablespoons Oil (no FDC match for oil) | 1 tablespoon Butter (no FDC match for butter) | 2 tablespoons water (no FDC match for water) | Salt (to taste) (ignored seasoning/water),"1 kilo beef tenderloin (sliced into 1-inch pieces) => kilo beef tenderloin [100.0g, FDC local:beef] | 2 cups onion rings => onion rings [280.0g, FDC local:onion] | 2 tablespoons Garlic (minced) => garlic [16.0g, FDC local:garlic] | 1/4 Cup Soy Sauce => soy sauce [35.0g, FDC local:soy sauce]"
ph_779,264,8.0,11.0,22.0,1.1,1022,7.7,local_reference_ingredient_sum_draft,api_estimate,pending_review,"Draft only: summed local reference ingredient profiles and divided by source_servings=6. Reviewer must verify ingredient matches, edible yield, oil absorption, and serving size before marking reviewed.",draft_partial_match,7,1/4 Cup water (ignored seasoning/water) | 4 bay leaves (no FDC match for bay leaves) | 2 finger chilies (no FDC match for finger chilies) | 1 teaspoon freshly ground black pepper (no FDC match for freshly pepper),"1 kilo beef short ribs => kilo beef short ribs [100.0g, FDC local:beef] | 2 tablespoons vegetable oil => cooking oil [27.2g, FDC local:cooking oil] | 6 cloves Garlic (smashed) => garlic [18.0g, FDC local:garlic] | 3/4 Cup Soy Sauce => soy sauce [105.0g, FDC local:soy sauce] | 4 tablespoons liver spread (or mashed chicken liver) => liver spread [32.0g, FDC local:liver spread] | 3 tablespoons brown sugar => brown sugar [37.5g, FDC local:sugar] | 1 Cup fresh coconut cream => coconut cream [240.0g, FDC local:coconut cream]"
ph_780,65,2.5,8.1,2.8,2.0,469,2.6,local_reference_ingredient_sum_draft,api_estimate,pending_review,"Draft only: summed local reference ingredient profiles and divided by source_servings=5.5. Reviewer must verify ingredient matches, edible yield, oil absorption, and serving size before marking reviewed.",draft_partial_match,6,1 Cup Baguio beans (sliced) (no FDC match for baguio beans) | 1 Cup adobo sauce (no FDC match for adobo sauce) | 1 Cup water (ignored seasoning/water) | 1 Cup Oil (for frying) (ignored frying oil reserve) | 1 1/2 cups leftover adobo (thinly sluced) (no FDC match for leftover adobo) | calamansi (to serve) (missing quantity),"1 tablespoon cooking oil => cooking oil [13.6g, FDC local:cooking oil] | 5 cloves Garlic (minced) => garlic [15.0g, FDC local:garlic] | 1 Cup sugar snap peas (or sitsaro) => sugar snap green peas [125.0g, FDC local:green peas] | 1 Cup carrots (julienned) => carrots [140.0g, FDC local:carrot] | 3 tablespoons Soy Sauce => soy sauce [45.0g, FDC local:soy sauce] | 1/4 kilo bihon noodles (thin rice noodles) (soaked in water) => kilo bihon noodles [25.0g, FDC local:noodles]"
ph_781,134,7.8,6.6,8.8,1.1,1203,2.2,local_reference_ingredient_sum_draft,api_estimate,pending_review,"Draft only: summed local reference ingredient profiles and divided by source_servings=4. Reviewer must verify ingredient matches, edible yield, oil absorption, and serving size before marking reviewed.",draft_partial_match,5,"1/2 kilo green beans (trimmed and cut into 1/4-inch lengths) (no FDC match for kilo beans) | 1/2 kilo sigarilyas (winged beans) (cut into 1/4-inch lenghts) (no FDC match for kilo sigarilyas) | 1/2 teaspoon Salt (no FDC match for salt) | 1/4 teaspoon Pepper (no FDC match for pepper) | 2 long green chilies (siling pansigang) (cut into 1/4-inch lengths, for garnish) (no FDC match for chilies) | 2 bird's eye chilies (for garnish) (no FDC match for bird s eye chilies)","4 cloves Garlic (minced) => garlic [12.0g, FDC local:garlic] | 1 medium-sized onion (diced) => -sized onion [110.0g, FDC local:onion] | 1/2 kilo ground pork => kilo pork [50.0g, FDC local:pork] | 4 tablespoons shrimp paste (bagoong alamang) => shrimp paste [68.0g, FDC local:shrimp paste] | 1 240 ml can coconut milk => ml can coconut milk [100.0g, FDC local:coconut milk]"
ph_782,175,4.8,6.5,16.0,1.5,304,1.2,local_reference_ingredient_sum_draft,api_estimate,pending_review,"Draft only: summed local reference ingredient profiles and divided by source_servings=4. Reviewer must verify ingredient matches, edible yield, oil absorption, and serving size before marking reviewed.",draft_partial_match,7,"250 Grams bamboo shoots (labong) (julienned, boiled until tender, and drained) (no FDC match for bamboo shoots) | 12 prawns (no FDC match for prawns) | 1 finger chili (sliced, to garnish) (no FDC match for finger chili)","2 tablespoons vegetable oil => cooking oil [27.2g, FDC local:cooking oil] | 2 tablespoons white onions (chopped) => onions [16.0g, FDC local:onion] | 1 tablespoon Garlic (chopped) => garlic [8.0g, FDC local:garlic] | 1 1/2 tablespoons ginger (minced) => ginger [12.0g, FDC local:ginger] | 1 tablespoon fish sauce (patis) => fish sauce [15.0g, FDC local:fish sauce] | 1 400-ml can coconut cream => -ml can coconut cream [100.0g, FDC local:coconut cream] | 1 bunch malunggay => moringa leaves [150.0g, FDC local:moringa leaves]"
ph_783,597,56.9,57.0,15.8,6.8,786,20.8,local_reference_ingredient_sum_draft,api_estimate,pending_review,"Draft only: summed local reference ingredient profiles and divided by source_servings=2. Reviewer must verify ingredient matches, edible yield, oil absorption, and serving size before marking reviewed.",draft_partial_match,10,"2 tablespoons peanut oil (no FDC match for peanut oil) | 6 pieces water chestnuts (apulid) (sliced in half) (no FDC match for water chestnuts) | 6 pieces chives (sliced into 1-inch lengths) (no FDC match for chives) | Salt (to taste) (ignored seasoning/water) | Pepper (to taste) (ignored seasoning/water) | 2 pieces calamansi (sliced in half, to serve) (no FDC match for calamansi)","1 tablespoon minced garlic => garlic [8.0g, FDC local:garlic] | 1 tablespoon sliced onions => onions [8.0g, FDC local:onion] | 1/4 Cup pork belly (liempo) (diced) => pork belly [35.0g, FDC local:pork belly] | 1 teaspoon peanuts (finely ground roast peanuts) => peanuts [2.7g, FDC local:peanuts] | 1 tablespoon brown sugar => brown sugar [12.5g, FDC local:sugar] | 6 medium Shrimp (deveined, shells and heads removed) => shrimp [120.0g, FDC local:shrimp] | 1 1/2 tablespoons Soy Sauce => soy sauce [22.5g, FDC local:soy sauce] | 1 1/2 cups chicken stock => chicken stock [210.0g, FDC local:chicken] | 1 Cup lomi noodles => lomi noodles [140.0g, FDC local:noodles] | 6 green onion stalks (sliced into 1-inch lengths) => onion stalks [660.0g, FDC local:onion]"
ph_784,528,67.8,22.4,17.1,2.6,161,5.2,local_reference_ingredient_sum_draft,api_estimate,pending_review,"Draft only: summed local reference ingredient profiles and divided by source_servings=2. Reviewer must verify ingredient matches, edible yield, oil absorption, and serving size before marking reviewed.",draft_partial_match,9,1 teaspoon atsuete oil (no FDC match for atsuete oil),"1 tablespoon vegetable oil => cooking oil [13.6g, FDC local:cooking oil] | 1 tablespoon Garlic (minced) => garlic [8.0g, FDC local:garlic] | 2 tablespoons onion (minced) => onion [16.0g, FDC local:onion] | 1/4 Cup pork shoulder (kasim) (diced) => pork shoulder [35.0g, FDC local:pork] | 1/4 Cup Chicken Breast (boiled, diced) => chicken breast [35.0g, FDC local:chicken] | 2 to 3 cups chicken stock => chicken stock [350.0g, FDC local:chicken] | 1/2 Cup fresh miki noodles => miki noodles [70.0g, FDC local:noodles] | 2 stalks green onion (cut into 1-inch pieces) => stalks onion [220.0g, FDC local:onion] | 1 tablespoon garlic chips (fried) => garlic chips [8.0g, FDC local:garlic]"
ph_785,330,26.4,8.4,22.3,1.4,95,2.2,local_reference_ingredient_sum_draft,api_estimate,pending_review,"Draft only: summed local reference ingredient profiles and divided by source_servings=2. Reviewer must verify ingredient matches, edible yield, oil absorption, and serving size before marking reviewed.",draft_partial_match,5,"2 cups coconut meat (shredded) (no FDC match for coconut meat) | clam meat (from 10 to 12 pieces steamed Manila clams) (missing quantity) | Salt (ignored seasoning/water) | white pepper (missing quantity) | 4 stems cilantro (wansoy) (coarsely chopped, to garnish) (no FDC match for stems cilantro)","1/2 Cup fresh coconut cream (kakang gata) => coconut cream [120.0g, FDC local:coconut cream] | 2 teaspoons minced garlic => garlic [5.3g, FDC local:garlic] | 1 tablespoon chopped onions => onions [8.0g, FDC local:onion] | 1/2 Cup Shrimp (shells and heads removed, then deveined) => shrimp [70.0g, FDC local:shrimp] | 2 pieces squid (skinned and sliced into rings (tentacles included)) => squid [200.0g, FDC local:squid]"
ph_786,159,27.1,4.7,3.5,1.6,515,2.2,local_reference_ingredient_sum_draft,api_estimate,pending_review,"Draft only: summed local reference ingredient profiles and divided by source_servings=3. Reviewer must verify ingredient matches, edible yield, oil absorption, and serving size before marking reviewed.",draft_partial_match,8,"3 tablespoons chives (chopped) (no FDC match for chives) | 2 cups miki lucban (noodles, cooked) (no FDC match for miki lucban) | calamansi (to serve) (missing quantity) | Vinegar (to serve) (missing quantity)","1 teaspoon vegetable oil => cooking oil [4.5g, FDC local:cooking oil] | 1 teaspoon Garlic (minced) => garlic [2.7g, FDC local:garlic] | 2 teaspoons red onions => onions [5.3g, FDC local:onion] | 1 Cup fresh shrimps or prawns (or mixed seafood, including fish balls and crabsticks) => shrimps or prawns [140.0g, FDC local:shrimp] | 1 to 2 tablespoons Soy Sauce => soy sauce [22.5g, FDC local:soy sauce] | 1 Cup chicken stock => chicken stock [140.0g, FDC local:chicken] | 1/4 Cup carrots (julienned) => carrots [35.0g, FDC local:carrot] | 1 Cup cabbage (shredded) => cabbage [140.0g, FDC local:cabbage]"
ph_787,1395,28.3,74.9,107.7,2.8,74,2.8,local_reference_ingredient_sum_draft,api_estimate,pending_review,"Draft only: summed local reference ingredient profiles and divided by source_servings=4. Reviewer must verify ingredient matches, edible yield, oil absorption, and serving size before marking reviewed.",draft_partial_match,13,2 bay leaves (crushed) (no FDC match for bay leaves) | 1 1/2 tablespoons rock salt (divided) (ignored seasoning/water) | vegetable oil (to deep-fry) (missing quantity) | 1/3 Cup ampalaya (sliced into half-moons) (no FDC match for ampalaya),"2 teaspoons whole black peppercorns => peppercorns [5.3g, FDC local:corn] | 750 Grams whole pork belly => pork belly [750.0g, FDC local:pork belly] | 2 tablespoons vegetable oil => cooking oil [27.2g, FDC local:cooking oil] | 1/2 Cup white onion (chopped) => onion [70.0g, FDC local:onion] | 2 teaspoons ginger (minced) => ginger [5.3g, FDC local:ginger] | 2 teaspoons Garlic (minced) => garlic [5.3g, FDC local:garlic] | 1/2 Cup native tomatoes (chopped) => native tomatoes [70.0g, FDC local:tomato] | 3 tablespoons fish paste (or to taste) => fish paste [51.0g, FDC local:fish] | 1/2 Cup squash (sliced into 1/2-inch cubes) => squash [70.0g, FDC local:squash] | 1/3 Cup eggplant (sliced into half-moons) => eggplant [46.7g, FDC local:eggplant] | 1/3 Cup sitaw (sliced diagonally into 1/2-inch lengths) => yardlong beans [46.7g, FDC local:yardlong beans] | 1/4 Cup okra (sliced into rounds) => okra [35.0g, FDC local:okra] | 4 cups jasmine rice (cooked, cooled) => jasmine rice [960.0g, FDC local:rice]"
ph_788,464,11.0,85.2,7.9,3.2,484,7.7,local_reference_ingredient_sum_draft,api_estimate,pending_review,"Draft only: summed local reference ingredient profiles and divided by source_servings=4. Reviewer must verify ingredient matches, edible yield, oil absorption, and serving size before marking reviewed.",draft_partial_match,5,5 pieces calamansi (juice only) (no FDC match for calamansi) | 1/2 teaspoon ground black pepper (no FDC match for pepper) | 1/2 kilo sirloin (thinly sliced into strips) (no FDC match for kilo sirloin) | 4 to 8 leaves Romaine lettuce (no FDC match for leaves romaine lettuce),"2 tablespoons brown sugar => brown sugar [25.0g, FDC local:sugar] | 1/4 Cup Soy Sauce => soy sauce [35.0g, FDC local:soy sauce] | 2 tablespoons vegetable oil (for sauteeing) => cooking oil [27.2g, FDC local:cooking oil] | 4 medium Flour tortillas => flour tortillas [400.0g, FDC local:flour] | 1 large white onion (sliced) => onion [110.0g, FDC local:onion]"
ph_789,657,26.0,39.5,45.2,4.8,1986,7.1,local_reference_ingredient_sum_draft,api_estimate,pending_review,"Draft only: summed local reference ingredient profiles and divided by source_servings=8. Reviewer must verify ingredient matches, edible yield, oil absorption, and serving size before marking reviewed.",draft_partial_match,15,2 teaspoons turmeric powder (no FDC match for turmeric powder) | 1 teaspoon atsuete oil (no FDC match for atsuete oil) | cooking oil (to deep-fry) (missing quantity),"2 tablespoons vegetable oil => cooking oil [27.2g, FDC local:cooking oil] | 1 clove Garlic (minced) => garlic [3.0g, FDC local:garlic] | 1 medium white onion (chopped) => onion [110.0g, FDC local:onion] | 1 medium native tomato (chopped) => native tomato [120.0g, FDC local:tomato] | 3 tablespoons minced ginger => ginger [24.0g, FDC local:ginger] | 1 green bell pepper (diced) => bell pepper [120.0g, FDC local:bell pepper] | 1 red bell pepper (diced) => bell pepper [120.0g, FDC local:bell pepper] | 2 cups Glutinous rice (malagkit) => glutinous rice [480.0g, FDC local:rice] | 1 Cup Jasponica rice => jasponica rice [240.0g, FDC local:rice] | 4 1/2 cups coconut milk => coconut milk [1080.0g, FDC local:coconut milk] | 500 Grams pork pigue (sliced) => pork pigue [500.0g, FDC local:pork] | 2 cups Soy Sauce => soy sauce [280.0g, FDC local:soy sauce] | 2 cups Vinegar => vinegar [280.0g, FDC local:vinegar] | 1/4 head Garlic (chopped) => garlic [12.5g, FDC local:garlic] | 1/2 teaspoon black peppercorns => peppercorns [1.3g, FDC local:corn]"
ph_790,74,2.5,2.0,6.3,0.4,56,0.8,local_reference_ingredient_sum_draft,api_estimate,pending_review,"Draft only: summed local reference ingredient profiles and divided by source_servings=4. Reviewer must verify ingredient matches, edible yield, oil absorption, and serving size before marking reviewed.",draft_partial_match,8,2 150-gram cans ready-to-cook sisig (no FDC match for - cans ready-to-cook sisig) | 4 taco shells (no FDC match for taco shells) | 2 cups Lettuce (shredded) (no FDC match for lettuce),"1 tablespoon canola oil => cooking oil [13.6g, FDC local:cooking oil] | 1 1/2 tablespoons red onions (chopped) => onions [12.0g, FDC local:onion] | 1/2 tablespoon Garlic (chopped) => garlic [4.0g, FDC local:garlic] | 1 1/2 teaspoons ginger (grated) => ginger [4.0g, FDC local:ginger] | 2 teaspoons Vinegar => vinegar [10.0g, FDC local:vinegar] | 1/2 Cup tomatoes (seeded and chopped) => tomatoes [70.0g, FDC local:tomato] | 2 tablespoons red onions (chopped) => onions [16.0g, FDC local:onion] | 1/4 Cup Cheese (grated) => cheese [35.0g, FDC local:cheese]"
ph_791,202,9.9,17.3,10.6,2.4,993,6.3,local_reference_ingredient_sum_draft,api_estimate,pending_review,"Draft only: summed local reference ingredient profiles and divided by source_servings=4. Reviewer must verify ingredient matches, edible yield, oil absorption, and serving size before marking reviewed.",draft_partial_match,9,3 pieces birds eye chilies (sliced) (no FDC match for birds eye chilies) | 1 Cup water (ignored seasoning/water) | Salt (to taste) (ignored seasoning/water),"2 tablespoons vegetable oil => cooking oil [27.2g, FDC local:cooking oil] | 3 cloves Garlic (minced) => garlic [9.0g, FDC local:garlic] | 1 Small onion (chopped) => onion [110.0g, FDC local:onion] | 1 kilo pork (sliced into cubes) => kilo pork [100.0g, FDC local:pork] | 1 Cup Tomato sauce => tomato sauce [140.0g, FDC local:tomato] | 1 tablespoon white sugar => sugar [12.5g, FDC local:sugar] | 1/2 Cup Soy Sauce => soy sauce [70.0g, FDC local:soy sauce] | 1 large potato (diced) => potato [170.0g, FDC local:potato] | 1 medium carrot (diced) => carrot [60.0g, FDC local:carrot]"
ph_792,558,12.8,15.1,53.0,3.6,47,5.5,local_reference_ingredient_sum_draft,api_estimate,pending_review,"Draft only: summed local reference ingredient profiles and divided by source_servings=4. Reviewer must verify ingredient matches, edible yield, oil absorption, and serving size before marking reviewed.",draft_partial_match,5,2 pieces turmeric (luyang dilaw) (sliced) (no FDC match for turmeric) | 3 pieces green chilies (siling pangsigang) (sliced) (no FDC match for chilies) | Salt (to taste) (ignored seasoning/water) | Pepper (to taste) (ignored seasoning/water),"3 tablespoons cooking oil => cooking oil [40.8g, FDC local:cooking oil] | 1 medium red onion (sliced) => onion [110.0g, FDC local:onion] | 1 1-inch ginger (sliced) => -inch ginger [100.0g, FDC local:ginger] | 1 kilo whole chicken (cut into pieces) => kilo chicken [100.0g, FDC local:chicken] | 2 cups coconut cream => coconut cream [480.0g, FDC local:coconut cream]"
ph_793,152,9.6,11.2,8.1,2.1,322,4.1,local_reference_ingredient_sum_draft,api_estimate,pending_review,"Draft only: summed local reference ingredient profiles and divided by source_servings=4. Reviewer must verify ingredient matches, edible yield, oil absorption, and serving size before marking reviewed.",draft_partial_match,7,5 cups water (ignored seasoning/water) | 3 pieces green chilies (siling pangsigang) (no FDC match for chilies) | 1 Cup tamarind leaves (no FDC match for tamarind leaves) | Salt (to taste) (ignored seasoning/water) | Pepper (to taste) (ignored seasoning/water),"2 tablespoons cooking oil => cooking oil [27.2g, FDC local:cooking oil] | 1 medium red onion (sliced) => onion [110.0g, FDC local:onion] | 2 cloves Garlic => garlic [6.0g, FDC local:garlic] | 1 1-inch ginger (sliced) => -inch ginger [100.0g, FDC local:ginger] | 1 kilo whole chicken (cut into pieces) => kilo chicken [100.0g, FDC local:chicken] | 3 ripe tomatoes (sliced) => tomatoes [360.0g, FDC local:tomato] | 1 tablespoon fish sauce (patis) => fish sauce [15.0g, FDC local:fish sauce]"
ph_794,312,6.5,67.2,0.7,1.0,2,0.2,local_reference_ingredient_sum_draft,api_estimate,pending_review,"Draft only: summed local reference ingredient profiles and divided by source_servings=4. Reviewer must verify ingredient matches, edible yield, oil absorption, and serving size before marking reviewed.",draft_partial_match,1,"1/2 Cup vegetable oil (ignored frying oil reserve) | 2 cups mixed vegetables (we used kangkong, eggplant, okra, and tomatoes) (no FDC match for mixed vegetables) | 1 tablespoon sinigang mix (we used Maggi Sinigang Green Mango) (no FDC match for sinigang mix)","4 cups day-old rice => day-old rice [960.0g, FDC local:rice]"
ph_795,484,39.3,11.3,29.4,0.3,1204,7.5,local_reference_ingredient_sum_draft,api_estimate,pending_review,"Draft only: summed local reference ingredient profiles and divided by source_servings=3.5. Reviewer must verify ingredient matches, edible yield, oil absorption, and serving size before marking reviewed.",draft_partial_match,6,"1 teaspoon ground black pepper (freshly ground) (no FDC match for pepper) | 3 birds eye chilies (chopped, plus whole chilies for garnish) (no FDC match for birds eye chilies) | Salt (to taste) (ignored seasoning/water) | steamed rice (to serve) (missing quantity) | green onions (chopped, to garnish) (missing quantity)","2 tablespoons vegetable oil => cooking oil [27.2g, FDC local:cooking oil] | 10 cloves Garlic (peeled) => garlic [30.0g, FDC local:garlic] | 500 Grams beef brisket (sliced into cubes) => beef brisket [500.0g, FDC local:beef] | 1 Cup Vinegar => vinegar [140.0g, FDC local:vinegar] | 1/2 Cup Soy Sauce => soy sauce [70.0g, FDC local:soy sauce] | 2 tablespoons sugar => sugar [25.0g, FDC local:sugar]"
ph_796,448,11.7,15.9,40.2,4.5,42,6.4,local_reference_ingredient_sum_draft,api_estimate,pending_review,"Draft only: summed local reference ingredient profiles and divided by source_servings=4. Reviewer must verify ingredient matches, edible yield, oil absorption, and serving size before marking reviewed.",draft_partial_match,6,1 Cup water (ignored seasoning/water) | 1 Cup pepper leaves (dahon ng sili) (no FDC match for pepper leaves) | Salt (to taste) (ignored seasoning/water) | Pepper (to taste) (ignored seasoning/water),"3 tablespoons cooking oil => cooking oil [40.8g, FDC local:cooking oil] | 1 medium onion (sliced) => onion [110.0g, FDC local:onion] | 1 1-inch ginger (sliced) => -inch ginger [100.0g, FDC local:ginger] | 1 kilo whole chicken (cut into pieces) => kilo chicken [100.0g, FDC local:chicken] | 1 medium sayote (chayote) (cut into 8 pieces) => sayote [200.0g, FDC local:sayote] | 2 cups coconut milk => coconut milk [480.0g, FDC local:coconut milk]"
ph_797,352,11.8,5.7,31.3,0.9,89,2.5,local_reference_ingredient_sum_draft,api_estimate,pending_review,"Draft only: summed local reference ingredient profiles and divided by source_servings=2. Reviewer must verify ingredient matches, edible yield, oil absorption, and serving size before marking reviewed.",draft_partial_match,3,"2 tablespoons Oil (no FDC match for oil) | 2 tablespoons liquid seasoning (no FDC match for liquid seasoning) | 1 teaspoon Calamansi Juice (no FDC match for calamansi juice) | 3 pieces siling labuyo (chopped) (no FDC match for siling labuyo) | calamansi (halved, to serve) (missing quantity) | ground black pepper (to taste) (ignored seasoning/water)","1 medium red onion (peeled, diced) => onion [110.0g, FDC local:onion] | 1 slab Pork belly (lechon kawali cut (around 1/2 kg), tenderized, cubed) => slab pork belly tenderized [100.0g, FDC local:pork belly] | 2 large eggs => eggs [100.0g, FDC local:egg]"
ph_798,238,13.2,13.6,14.5,2.3,39,4.1,local_reference_ingredient_sum_draft,api_estimate,pending_review,"Draft only: summed local reference ingredient profiles and divided by source_servings=6. Reviewer must verify ingredient matches, edible yield, oil absorption, and serving size before marking reviewed.",draft_partial_match,10,Oil (for deep-frying) (ignored frying oil reserve) | Salt (to taste) (ignored seasoning/water) | ground black pepper (to taste) (ignored seasoning/water) | calamansi (to serve) (missing quantity) | Onions (to serve) (missing quantity) | Soy Sauce (to serve) (missing quantity),"1 Pack miki noodles (rinsed, dried) => pack miki noodles [100.0g, FDC local:noodles] | 1 slab Pork belly (lechon kawali cut (around 1/2 kg), tenderized, cubed) => slab pork belly tenderized [100.0g, FDC local:pork belly] | 1 medium red onion (peeled, sliced thinly) => onion [110.0g, FDC local:onion] | 1 Small carrot (peeled, cut into strips) => carrot [60.0g, FDC local:carrot] | 1 Pack young corn (cut diagonally) => pack young corn [100.0g, FDC local:corn] | 1 Small red bell pepper (seeded, sliced into strips) => bell pepper [120.0g, FDC local:bell pepper] | 1 Small green bell pepper (seeded, sliced into strips) => bell pepper [120.0g, FDC local:bell pepper] | 1/2 head small cabbage (shredded) => cabbage [50.0g, FDC local:cabbage] | 1 1/2 cups pork stock (from lechon kawali) => pork stock [210.0g, FDC local:pork] | 1 1/2 tablespoon cornstarch => cornstarch [12.0g, FDC local:corn]"
ph_799,575,42.7,32.7,29.0,3.5,114,5.3,local_reference_ingredient_sum_draft,api_estimate,pending_review,"Draft only: summed local reference ingredient profiles and divided by source_servings=6. Reviewer must verify ingredient matches, edible yield, oil absorption, and serving size before marking reviewed.",draft_partial_match,13,2 tablespoons Oil (no FDC match for oil) | Salt (to taste) (ignored seasoning/water) | ground black pepper (to taste) (ignored seasoning/water) | lemon wedges (for serving) (missing quantity) | Oil (for deep frying) (ignored frying oil reserve),"2 pieces Chorizo de Bilbao (sliced diagonally) => pork de bilbao [200.0g, FDC local:pork] | 1 Small red onion (peeled, chopped) => onion [110.0g, FDC local:onion] | 2 cloves Garlic (peeled, chopped) => garlic [6.0g, FDC local:garlic] | 2 tomatoes (cored, diced small) => tomatoes [240.0g, FDC local:tomato] | 1/2 teaspoon annatto powder => annatto powder [1.3g, FDC local:annatto oil] | 1 red bell pepper (seeded, sliced into strips) => bell pepper [120.0g, FDC local:bell pepper] | 1 green bell pepper (seeded, sliced into strips) => bell pepper [120.0g, FDC local:bell pepper] | 1/2 Cup frozen green peas (thawed) => green peas [75.0g, FDC local:green peas] | 1 Pack snow peas (chicharo) (halved diagonally) => pack snow green peas [100.0g, FDC local:green peas] | 4 cups pork stock => pork stock [560.0g, FDC local:pork] | 2 cups rice (rinsed) => rice [480.0g, FDC local:rice] | 1 slab Pork belly (around 1/2 kilo, lechon kawali cut, tenderized) => slab pork belly [100.0g, FDC local:pork belly] | 2 large eggs (hard boiled, quartered) => eggs [100.0g, FDC local:egg]"
ph_800,374,40.0,7.4,19.9,2.5,122,3.1,local_reference_ingredient_sum_draft,api_estimate,pending_review,"Draft only: summed local reference ingredient profiles and divided by source_servings=4. Reviewer must verify ingredient matches, edible yield, oil absorption, and serving size before marking reviewed.",draft_partial_match,5,"1 slab (lechon kawali cut (around 1/2 kg), tenderized, cubed) (no FDC match for slab tenderized) | 2 tablespoons Oil (no FDC match for oil) | 1 large green mango (thinly sliced) (no FDC match for mango) | 1 siling pangsigang (no FDC match for siling pangsigang) | 1 teaspoon patis (or to taste) (no FDC match for patis) | Oil (for deep frying) (ignored frying oil reserve)","1 red onion (peeled, quartered) => onion [110.0g, FDC local:onion] | 4 cups pork stock (from lechon kawali) => pork stock [560.0g, FDC local:pork] | 2 ripe tomatoes (cored, cut into wedges) => tomatoes [240.0g, FDC local:tomato] | 5 pieces okra (halved diagonally) => okra [60.0g, FDC local:okra] | 1 bunch kangkong (leaves and tender stems, rinsed) => kangkong [150.0g, FDC local:spinach]"
ph_801,128,2.8,9.4,9.0,1.7,17,2.5,local_reference_ingredient_sum_draft,api_estimate,pending_review,"Draft only: summed local reference ingredient profiles and divided by source_servings=6. Reviewer must verify ingredient matches, edible yield, oil absorption, and serving size before marking reviewed.",draft_partial_match,6,1/4 Cup Oil (no FDC match for oil) | Salt (to taste) (ignored seasoning/water) | ground black pepper (to taste) (ignored seasoning/water),"1 slab Pork belly (lechon kawali cut (around 1/2 kg), tenderized, cubed) => slab pork belly tenderized [100.0g, FDC local:pork belly] | 1 medium potato (peeled, cubed) => potato [170.0g, FDC local:potato] | 1 Small red onion (peeled, diced) => onion [110.0g, FDC local:onion] | 2 cloves Garlic (peeled, minced) => garlic [6.0g, FDC local:garlic] | 2 tomatoes (cored, diced) => tomatoes [240.0g, FDC local:tomato] | 1 Small carrot (peeled, cubed) => carrot [60.0g, FDC local:carrot]"
ph_802,152,3.1,5.0,13.3,0.2,489,4.2,local_reference_ingredient_sum_draft,api_estimate,pending_review,"Draft only: summed local reference ingredient profiles and divided by source_servings=8. Reviewer must verify ingredient matches, edible yield, oil absorption, and serving size before marking reviewed.",draft_partial_match,5,1/4 Cup Salt (no FDC match for salt) | 1 bay leaf (no FDC match for bay leaf) | water (as needed) (ignored seasoning/water) | Oil (for deep-frying) (ignored frying oil reserve) | 1/2 Cup cilantro leaves (chopped) (no FDC match for cilantro leaves) | 1/4 Cup Calamansi Juice (no FDC match for calamansi juice),"2 slabs Pork belly (about 1 kg, lechon kawali cut) => slabs pork belly [200.0g, FDC local:pork belly] | 1 teaspoon black peppercorns => peppercorns [2.7g, FDC local:corn] | 1/2 Cup Soy Sauce => soy sauce [70.0g, FDC local:soy sauce] | 1/4 Cup brown sugar => brown sugar [31.2g, FDC local:sugar] | 1/2 medium red onion (peeled, chopped) => onion [55.0g, FDC local:onion]"
ph_803,60,5.2,5.7,2.3,1.8,36,3.0,local_reference_ingredient_sum_draft,api_estimate,pending_review,"Draft only: summed local reference ingredient profiles and divided by source_servings=6. Reviewer must verify ingredient matches, edible yield, oil absorption, and serving size before marking reviewed.",draft_partial_match,5,"3 cups water (divided) (ignored seasoning/water) | 2 150-gram packs Tamarind (Sampalok) (no FDC match for - packs tamarind) | 2 tablespoons Oil (no FDC match for oil) | 1 radish (labanos) (lightly peeled, sliced into rounds) (no FDC match for radish) | 1 green finger chili (siling pangsigang) (no FDC match for finger chili) | patis (to taste) (missing quantity)","1 medium red onion (peeled, quartered) => onion [110.0g, FDC local:onion] | 4 tomatoes (cored) => tomatoes [480.0g, FDC local:tomato] | 1/4 kilo fresh suahe/shrimps (antennae and veins removed) => kilo suahe/shrimps [5.0g, FDC local:shrimp] | 1 medium boneless bangus (quartered) => boneless milkfish [100.0g, FDC local:milkfish] | 1 bunch kangkong (leaves and tender stems) => kangkong [150.0g, FDC local:spinach]"
ph_804,81,4.8,3.6,4.8,0.3,652,0.2,local_reference_ingredient_sum_draft,api_estimate,pending_review,"Draft only: summed local reference ingredient profiles and divided by source_servings=6. Reviewer must verify ingredient matches, edible yield, oil absorption, and serving size before marking reviewed.",draft_partial_match,5,1/4 Cup Oil (no FDC match for oil) | 2 laurel leaves (no FDC match for laurel leaves) | 1 1/2 Cup water (no FDC match for water) | ground black pepper (to taste) (ignored seasoning/water),"1/2 kilo chicken legs (about 8 pieces) => kilo chicken legs [50.0g, FDC local:chicken] | 1/2 kilo Pork belly (cubed) => kilo pork belly [50.0g, FDC local:pork belly] | 1/2 Cup Soy Sauce => soy sauce [70.0g, FDC local:soy sauce] | 1 1/4 Cup white vinegar => vinegar [175.0g, FDC local:vinegar] | 1 head Garlic (cloves separated) => garlic [50.0g, FDC local:garlic]"
ph_805,286,5.1,43.4,10.8,2.5,9,12.5,local_reference_ingredient_sum_draft,api_estimate,pending_review,"Draft only: summed local reference ingredient profiles and divided by source_servings=8. Reviewer must verify ingredient matches, edible yield, oil absorption, and serving size before marking reviewed.",draft_partial_match,6,"1/4 Cup small sago (no FDC match for sago) | 2 1/2 cups water (divided) (no FDC match for water) | 1/2 teaspoon ube flavoring (no FDC match for ube flavoring) | 1 1/2 Cup water (no FDC match for water) | 2 saba bananas (peeled, sliced) (no FDC match for saba bananas)","1 tablespoon sugar => sugar [12.5g, FDC local:sugar] | 1 Cup glutinous rice flour => glutinous rice flour [240.0g, FDC local:flour] | 1/2 Cup sugar => sugar [62.5g, FDC local:sugar] | 2 Small sweet potatoes (kamote) (peeled, sliced into half moons) => sweet potatoes [340.0g, FDC local:potato] | 1 Cup coconut cream => coconut cream [240.0g, FDC local:coconut cream] | 1/2 Cup sweetened jackfruit (langka) (preserved) => sweetened jackfruit [70.0g, FDC local:jackfruit]"
ph_806,34,5.4,1.5,0.6,0.1,13,0.1,local_reference_ingredient_sum_draft,api_estimate,pending_review,"Draft only: summed local reference ingredient profiles and divided by source_servings=6. Reviewer must verify ingredient matches, edible yield, oil absorption, and serving size before marking reviewed.",draft_partial_match,3,1/4 Cup Calamansi Juice (no FDC match for calamansi juice) | 1 bunch lemongrass (tanglad) (bulb finely chopped) (no FDC match for lemongrass) | bamboo sticks (for spearing) (missing quantity) | 1/4 Cup Oil (no FDC match for oil) | 1 teaspoon anatto seeds (atsuete) (no FDC match for anatto seeds) | Salt (to taste) (ignored seasoning/water) | Soy Sauce (to taste) (missing quantity) | coconut sap vinegar (sukang tuba) (to serve) (missing quantity) | siling labuyo (to serve) (missing quantity),"6 cloves Garlic (peeled, chopped) => garlic [18.0g, FDC local:garlic] | 2 tablespoons ginger (peeled, grated) => ginger [16.0g, FDC local:ginger] | 1 whole Chicken (cut into 6 pieces) => chicken [100.0g, FDC local:chicken]"
ph_807,267,27.4,5.7,14.0,0.5,64,3.8,local_reference_ingredient_sum_draft,api_estimate,pending_review,"Draft only: summed local reference ingredient profiles and divided by source_servings=4. Reviewer must verify ingredient matches, edible yield, oil absorption, and serving size before marking reviewed.",draft_partial_match,6,"2 stalks Lemongrass (white part only) (no FDC match for stalks lemongrass) | 1/4 teaspoon Pepper (no FDC match for pepper) | 1/2 teaspoon Salt (no FDC match for salt) | 1 1/2 tablespoons patis (no FDC match for patis) | 1 teaspoon Calamansi Juice (no FDC match for calamansi juice) | 1 400-gram can garbanzos (rinsed, drained) (no FDC match for - can garbanzos) | 1/2 Cucumber (seeds removed and diced) (no FDC match for cucumber) | 1/4 teaspoon ground cumin (no FDC match for cumin) | Oil (for frying) (ignored frying oil reserve)","2 cloves Garlic (peeled) => garlic [6.0g, FDC local:garlic] | 1 Small onion (peeled) => onion [110.0g, FDC local:onion] | 2 teaspoons sugar => sugar [8.3g, FDC local:sugar] | 4 pork chops (skins removed) => pork chops [400.0g, FDC local:pork] | 2 tablespoons Vinegar => vinegar [30.0g, FDC local:vinegar] | 1/2 teaspoon sugar => sugar [2.1g, FDC local:sugar]"
ph_808,411,4.8,38.5,29.5,3.7,19,21.3,local_reference_ingredient_sum_draft,api_estimate,pending_review,"Draft only: summed local reference ingredient profiles and divided by source_servings=4. Reviewer must verify ingredient matches, edible yield, oil absorption, and serving size before marking reviewed.",draft_partial_match,4,condensed milk (for topping (optional)) (missing quantity),"2 cups coconut milk => coconut milk [480.0g, FDC local:coconut milk] | 1/2 Cup malagkit rice (or glutinous rice) => malagkit rice [120.0g, FDC local:rice] | 1/2 Cup sugar => sugar [62.5g, FDC local:sugar] | 1 Cup Corn kernels (plus more, for topping) => corn kernels [150.0g, FDC local:corn]"
ph_809,115,2.8,3.4,10.5,0.9,269,1.5,local_reference_ingredient_sum_draft,api_estimate,pending_review,"Draft only: summed local reference ingredient profiles and divided by source_servings=5. Reviewer must verify ingredient matches, edible yield, oil absorption, and serving size before marking reviewed.",draft_partial_match,9,"Leeks (use one bunch, green parts only) (missing quantity) | 2 tablespoons yellow curry powder (no FDC match for curry powder) | 1 green finger chili (siling pangsigang) (no FDC match for finger chili) | Salt (ignored seasoning/water) | Pepper (ignored seasoning/water) | cilantro leaves (to garnish) (missing quantity)","2 cloves Garlic (crushed, plus 1 tablespoon chopped garlic) => garlic [6.0g, FDC local:garlic] | 1 teaspoon black peppercorns => peppercorns [2.7g, FDC local:corn] | 1/2 kilo mud crabs (alimango) (cleaned) => kilo mud crabs [50.0g, FDC local:crab] | 2 tablespoons vegetable oil => cooking oil [27.2g, FDC local:cooking oil] | 2 tablespoons white onion (chopped) => onion [16.0g, FDC local:onion] | 2 tablespoons sliced ginger => ginger [16.0g, FDC local:ginger] | 1 can coconut milk (use 400-gram can) => can coconut milk [100.0g, FDC local:coconut milk] | 1/2 Cup red bell peppers (cubed) => bell peppers [70.0g, FDC local:bell pepper] | 2 teaspoons fish sauce (patis) => fish sauce [10.0g, FDC local:fish sauce]"
ph_810,53,8.7,1.8,1.0,0.2,500,0.1,local_reference_ingredient_sum_draft,api_estimate,pending_review,"Draft only: summed local reference ingredient profiles and divided by source_servings=4. Reviewer must verify ingredient matches, edible yield, oil absorption, and serving size before marking reviewed.",draft_partial_match,4,"2 tablespoons Worcestershire sauce (no FDC match for worcestershire sauce) | 1/4 Cup water (ignored seasoning/water) | 1 tablespoon Jalapenos (canned, chopped) (no FDC match for jalapenos) | 1 bay leaf (no FDC match for bay leaf) | 1/4 Cup atsuete oil (no FDC match for atsuete oil)","1 kilo chicken wings => kilo chicken wings [100.0g, FDC local:chicken] | 1/4 Cup Soy Sauce => soy sauce [35.0g, FDC local:soy sauce] | 1/4 Cup white vinegar => vinegar [35.0g, FDC local:vinegar] | 2 tablespoons Garlic (chopped) => garlic [16.0g, FDC local:garlic]"
ph_811,53,5.4,6.0,1.2,1.6,507,1.7,local_reference_ingredient_sum_draft,api_estimate,pending_review,"Draft only: summed local reference ingredient profiles and divided by source_servings=6. Reviewer must verify ingredient matches, edible yield, oil absorption, and serving size before marking reviewed.",draft_partial_match,8,3 scallions (thinly sliced) (no FDC match for scallions) | 1 tablespoon liquid seasoning (no FDC match for liquid seasoning) | 2 teaspoons sesame oil (no FDC match for sesame oil) | Salt (to taste) (ignored seasoning/water) | ground black pepper (to taste) (ignored seasoning/water),"1/4 kilo ground pork => kilo pork [25.0g, FDC local:pork] | 1/4 kilo Shrimp (peeled, deveined, coarsely chopped) => kilo shrimp [5.0g, FDC local:shrimp] | 3 cloves Garlic (minced) => garlic [9.0g, FDC local:garlic] | 1 teaspoon fresh ginger (grated) => ginger [2.7g, FDC local:ginger] | 5 cups pork broth => pork broth [1200.0g, FDC local:broth] | 1 Cup frozen green peas (thawed) => green peas [150.0g, FDC local:green peas] | 1/2 small head cabbage (shredded) => cabbage [50.0g, FDC local:cabbage] | 1 Cup malunggay leaves => moringa leaves leaves [30.0g, FDC local:moringa leaves]"
ph_812,423,32.6,42.8,16.2,7.7,113,14.7,local_reference_ingredient_sum_draft,api_estimate,pending_review,"Draft only: summed local reference ingredient profiles and divided by source_servings=4. Reviewer must verify ingredient matches, edible yield, oil absorption, and serving size before marking reviewed.",draft_partial_match,14,Salt (ignored seasoning/water) | 4 to 5 cups water (or rice washing) (no FDC match for water) | patis (fish sauce) (missing quantity) | Soy Sauce (to taste) (missing quantity),"4 pieces (about 500 grams each) white fish steaks (like maya-maya, cleaned) => fish steaks [400.0g, FDC local:fish] | 1 tablespoon vegetable oil => cooking oil [13.6g, FDC local:cooking oil] | 5 cloves Garlic (peeled and crushed) => garlic [15.0g, FDC local:garlic] | 1 Small white onion (sliced) => onion [110.0g, FDC local:onion] | 2 pieces ginger (Thumb-sized, peeled sliced into thin rounds) => ginger [200.0g, FDC local:ginger] | 6 to 8 black peppercorns => peppercorns [140.0g, FDC local:corn] | 1 small head cabbage (cleaned and quartered) => cabbage [100.0g, FDC local:cabbage] | 1 bunch Baguio pechay (cleaned and ends removed) => baguio bok choy [150.0g, FDC local:bok choy] | 4 stalks green onions (trimmed and cut into 1/2-inch pieces) => stalks onions [440.0g, FDC local:onion] | 1 1/2 tablespoons vegetable oil => cooking oil [20.4g, FDC local:cooking oil] | 1 (250-gram) block firm tofu (tokwa) (or fermented soybean (tahure), mashed) => block tofu mashed [100.0g, FDC local:tofu] | 5 cloves Garlic (peeled and crushed) => garlic [15.0g, FDC local:garlic] | 1 red onion (small, sliced) => onion [110.0g, FDC local:onion] | 5 red native tomatoes (medium, sliced) => native tomatoes [600.0g, FDC local:tomato]"
ph_814,984,11.5,31.2,97.4,7.3,63,11.1,local_reference_ingredient_sum_draft,api_estimate,pending_review,"Draft only: summed local reference ingredient profiles and divided by source_servings=2. Reviewer must verify ingredient matches, edible yield, oil absorption, and serving size before marking reviewed.",draft_partial_match,6,3 pieces green finger chili (siling haba) (sliced) (no FDC match for finger chili) | Salt (to taste) (ignored seasoning/water) | ground black pepper (to taste) (ignored seasoning/water),"2 tablespoons cooking oil => cooking oil [27.2g, FDC local:cooking oil] | 2 cloves Garlic (minced) => garlic [6.0g, FDC local:garlic] | 1 piece ginger ((thumb-sized), sliced) => ginger [100.0g, FDC local:ginger] | 1 medium red onion (sliced) => onion [110.0g, FDC local:onion] | 1/2 kilo Shrimp (medium-sized) => kilo shrimp [10.0g, FDC local:shrimp] | 2 cups coconut cream (kakang gata) => coconut cream [480.0g, FDC local:coconut cream]"
ph_815,130,2.4,0.0,13.3,0.0,8,0.0,local_reference_ingredient_sum_draft,api_estimate,pending_review,"Draft only: summed local reference ingredient profiles and divided by source_servings=4. Reviewer must verify ingredient matches, edible yield, oil absorption, and serving size before marking reviewed.",draft_partial_match,2,Salt (to taste) (ignored seasoning/water) | Pepper (to taste) (ignored seasoning/water) | Oil (for deep-frying) (ignored frying oil reserve) | 1 Cup honey (no FDC match for honey) | 1/2 tablespoon patis (no FDC match for patis) | Calamansi Juice (from 3 pieces of calamansi) (missing quantity),"1 kilo whole pork belly (liempo) => kilo pork belly [100.0g, FDC local:pork belly] | 1/4 teaspoon Knorr SavorRich Pork => knorr savorrich pork [0.7g, FDC local:pork]"
ph_816,267,21.2,39.1,1.8,1.9,1241,2.4,local_reference_ingredient_sum_draft,api_estimate,pending_review,"Draft only: summed local reference ingredient profiles and divided by source_servings=4. Reviewer must verify ingredient matches, edible yield, oil absorption, and serving size before marking reviewed.",draft_partial_match,11,"2 tablespoons olive oil (no FDC match for olive oil) | prawns (heads only, crushed) (missing quantity) | 2 20-gram packs sinigang sa sampaloc mix (no FDC match for - packs sinigang sa sampaloc mix) | 1 siling pansigang (no FDC match for siling pansigang) | Salt (to taste) (ignored seasoning/water) | ground black pepper (to taste) (ignored seasoning/water) | 1/3 Cup radish (sliced) (no FDC match for radish) | 1/4 Cup string beans (sliced) (no FDC match for string beans) | 1 green finger chili (siling pangsigang) (no FDC match for finger chili) | 500 Grams prawns (cleaned and trimmed, reserve heads of half the prawns) (no FDC match for prawns) | 1/4 Cup olive oil (no FDC match for olive oil)","1/2 Cup tomato (sliced into wedges) => tomato [70.0g, FDC local:tomato] | 1/4 Cup red onion (cut into wedges) => onion [35.0g, FDC local:onion] | 2 cloves Garlic (crushed) => garlic [6.0g, FDC local:garlic] | 300 to 400 Grams blue crabs (alimasag) => blue crabs [350.0g, FDC local:crab] | 1 tablespoon Fish sauce => fish sauce [15.0g, FDC local:fish sauce] | 1/3 Cup okra (sliced) => okra [46.7g, FDC local:okra] | 1/2 Cup kangkong leaves => kangkong leaves [15.0g, FDC local:spinach] | 2 tablespoons red onions (chopped) => onions [16.0g, FDC local:onion] | 1 tablespoon Garlic => garlic [8.0g, FDC local:garlic] | 1 Cup tomatoes (chopped) => tomatoes [140.0g, FDC local:tomato] | 2 cups paella rice => paella rice [480.0g, FDC local:rice]"
ph_817,733,78.2,21.7,37.2,4.0,669,5.5,local_reference_ingredient_sum_draft,api_estimate,pending_review,"Draft only: summed local reference ingredient profiles and divided by source_servings=2.5. Reviewer must verify ingredient matches, edible yield, oil absorption, and serving size before marking reviewed.",draft_partial_match,8,"Salt (to taste) (ignored seasoning/water) | ground black pepper (to taste) (ignored seasoning/water) | 1/4 Cup Leeks (sliced) (no FDC match for leeks) | 1/4 Cup water (ignored seasoning/water) | ground black pepper (to taste) (ignored seasoning/water) | spring onions (Chopped, for garnish) (missing quantity)","600 Grams chicken parts (legs and thighs) => chicken parts [600.0g, FDC local:chicken] | 2 tablespoons canola oil => cooking oil [27.2g, FDC local:cooking oil] | 1/2 medium red onion (sliced) => onion [55.0g, FDC local:onion] | 1 knob ginger (sliced) => knob ginger [100.0g, FDC local:ginger] | 4 cloves Garlic (crushed) => garlic [12.0g, FDC local:garlic] | 1 tablespoon Fish sauce => fish sauce [15.0g, FDC local:fish sauce] | 1 Cup squash (or kalabasa, cut into 1-inch cubes) => squash [140.0g, FDC local:squash] | 3/4 cups coconut milk => coconut milk [180.0g, FDC local:coconut milk]"
ph_818,80,7.4,4.2,3.6,0.4,337,2.9,local_reference_ingredient_sum_draft,api_estimate,pending_review,"Draft only: summed local reference ingredient profiles and divided by source_servings=6. Reviewer must verify ingredient matches, edible yield, oil absorption, and serving size before marking reviewed.",draft_partial_match,6,"2 tablespoons Salt (ignored seasoning/water) | water (as needed) (ignored seasoning/water) | 1 1/2 liters Oil (for deep frying, or as needed) (ignored frying oil reserve)","1 1/2 kilos pork pata (whole) => kilos pork pata [150.0g, FDC local:pork] | 1 teaspoon black peppercorns => peppercorns [2.7g, FDC local:corn] | 1 medium red onion (peeled, quartered) => onion [110.0g, FDC local:onion] | 1/4 Cup Soy Sauce => soy sauce [35.0g, FDC local:soy sauce] | 1/4 Cup Vinegar => vinegar [35.0g, FDC local:vinegar] | 1 tablespoon sugar => sugar [12.5g, FDC local:sugar]"
ph_819,459,46.3,2.4,28.0,0.2,745,0.1,local_reference_ingredient_sum_draft,api_estimate,pending_review,"Draft only: summed local reference ingredient profiles and divided by source_servings=6. Reviewer must verify ingredient matches, edible yield, oil absorption, and serving size before marking reviewed.",draft_partial_match,7,3 cups water (or as needed) (ignored seasoning/water) | black pepper (to taste) (missing quantity),"2 tablespoons canola oil => cooking oil [27.2g, FDC local:cooking oil] | 2 cloves Garlic (peeled, finely chopped) => garlic [6.0g, FDC local:garlic] | 1 kilogram pork pigue (cubed) => pork pigue [1000.0g, FDC local:pork] | 1/2 Cup Soy Sauce => soy sauce [70.0g, FDC local:soy sauce] | 1/4 Cup Vinegar => vinegar [35.0g, FDC local:vinegar] | 5 cloves Garlic (peeled, lightly smashed) => garlic [15.0g, FDC local:garlic] | 1 1/2 tablespoons chili-garlic sauce => chili-garlic sauce [12.0g, FDC local:garlic]"
ph_820,633,80.6,14.7,26.5,2.9,1615,6.7,local_reference_ingredient_sum_draft,api_estimate,pending_review,"Draft only: summed local reference ingredient profiles and divided by source_servings=2.5. Reviewer must verify ingredient matches, edible yield, oil absorption, and serving size before marking reviewed.",draft_partial_match,9,1 to 2 pieces green chilies (siling pangsigang) (no FDC match for chilies) | ground black pepper (to taste) (ignored seasoning/water),"3 tablespoons canola oil => cooking oil [40.8g, FDC local:cooking oil] | 600 Grams Chicken (cut into serving pieces) => chicken [600.0g, FDC local:chicken] | 1 medium onion (quartered) => onion [110.0g, FDC local:onion] | 1 tablespoon Garlic (chopped) => garlic [8.0g, FDC local:garlic] | 2 medium tomatoes (quartered) => tomatoes [240.0g, FDC local:tomato] | 3 tablespoons shrimp paste (or bagoong alamang) => shrimp paste [51.0g, FDC local:shrimp paste] | 2 teaspoons white vinegar => vinegar [10.0g, FDC local:vinegar] | 1 teaspoon white sugar => sugar [4.2g, FDC local:sugar] | 1/2 Cup okra (sliced) => okra [70.0g, FDC local:okra]"
ph_821,291,4.9,8.1,28.8,2.4,653,3.8,local_reference_ingredient_sum_draft,api_estimate,pending_review,"Draft only: summed local reference ingredient profiles and divided by source_servings=2.5. Reviewer must verify ingredient matches, edible yield, oil absorption, and serving size before marking reviewed.",draft_partial_match,5,1 kilogram tanigue steaks (no FDC match for tanigue steaks) | Salt (to taste) (ignored seasoning/water) | ground black pepper (to taste) (ignored seasoning/water) | 2 teaspoons Leeks (sliced) (no FDC match for leeks) | 1 to 2 pieces green chilies (siling pangsigang) (no FDC match for chilies) | ground black pepper (to taste) (ignored seasoning/water),"1 tablespoon ginger (julienned) => ginger [8.0g, FDC local:ginger] | 1/3 Cup tomatoes (sliced into strips) => tomatoes [46.7g, FDC local:tomato] | 4 teaspoons shrimp paste (bagoong alamang) => shrimp paste [22.7g, FDC local:shrimp paste] | 1/2 Cup coconut cream => coconut cream [120.0g, FDC local:coconut cream] | 1/2 Cup coconut milk => coconut milk [120.0g, FDC local:coconut milk]"
ph_822,343,18.7,64.3,1.0,4.6,84,4.0,local_reference_ingredient_sum_draft,api_estimate,pending_review,"Draft only: summed local reference ingredient profiles and divided by source_servings=3. Reviewer must verify ingredient matches, edible yield, oil absorption, and serving size before marking reviewed.",draft_partial_match,6,"650 Grams Tamarind (Sampalok) (fresh, unripe, washed) (no FDC match for tamarind) | fish sauce (patis) (missing quantity) | 2 tablespoons Butter (no FDC match for butter) | 1 green finger chili (siling pangsigang) (minced, plus more for garnish (optional)) (no FDC match for finger chili)","150 Grams Shrimp (medium, trimmed) => shrimp [150.0g, FDC local:shrimp] | 1 medium red onion (minced) => onion [110.0g, FDC local:onion] | 2 cups red rice (uncooked) => rice [480.0g, FDC local:rice] | 1 Cup taro (gabi) (peeled and diced) => taro [140.0g, FDC local:taro] | 2 ripe native tomatoes (diced) => native tomatoes [240.0g, FDC local:tomato] | 2 cups kangkong leaves (sliced into thin strips; plus more leaves, blanced) => kangkong leaves [60.0g, FDC local:spinach]"
ph_823,774,75.8,61.7,24.0,4.5,985,15.2,local_reference_ingredient_sum_draft,api_estimate,pending_review,"Draft only: summed local reference ingredient profiles and divided by source_servings=11. Reviewer must verify ingredient matches, edible yield, oil absorption, and serving size before marking reviewed.",draft_partial_match,23,20 pieces calamansi (juice only) (no FDC match for calamansi) | 4 bulbs lemongrass (tanglad) (pounded) (no FDC match for bulbs lemongrass) | 1 Cup Achuete Oil (annatto oil) (ignored frying oil reserve) | 1 Cup clear soda (we used Sprite) (no FDC match for clear soda) | 500 Grams Prawns (Sugpo) (cleaned) (no FDC match for prawns) | Calamansi Juice (missing quantity) | 2 tablespoons chives (chopped) (no FDC match for chives) | 2 red finger chilies (siling haba) (no FDC match for finger chilies) | 1 Cup olive oil (ignored frying oil reserve) | 1/4 Cup dry white wine (Optional) (no FDC match for dry wine) | paella seasoning (to taste) (missing quantity) | 1 teaspoon Italian seasoning (no FDC match for italian seasoning) | 1 teaspoon Spanish paprika (pimenton) (no FDC match for spanish paprika) | 2 teaspoons liquid seasoning (Optional) (no FDC match for liquid seasoning) | 2 teaspoons fresh basil leaves (chopped) (no FDC match for basil leaves) | Salt (to taste) (ignored seasoning/water) | black pepper (to taste) (missing quantity) | 250 Grams clams (cleaned and steamed) (no FDC match for clams) | 2 lemon (sliced into wedges) (no FDC match for lemon) | 1 8-ounce can pimiento (sliced into strips) (no FDC match for - can pimiento) | 12 pieces chicharon (no FDC match for chicharon),"1 Cup Soy Sauce => soy sauce [140.0g, FDC local:soy sauce] | 3 tablespoons Garlic (minced) => garlic [24.0g, FDC local:garlic] | 1/2 Cup brown sugar => brown sugar [62.5g, FDC local:sugar] | 1/2 Cup Vinegar => vinegar [70.0g, FDC local:vinegar] | 500 Grams pork (or liempo, sliced into 3-inch pieces) => pork [500.0g, FDC local:pork] | 500 Grams pork ((use pork chops), sliced into 3-inch pieces) => pork into -inch [500.0g, FDC local:pork] | 500 Grams Chicken (thighs and breasts, cut into 3-inch pieces) => chicken [500.0g, FDC local:chicken] | 1 kilo Squid (Pusit) (cleaned and sliced into rings) => kilo squid [100.0g, FDC local:squid] | 3 tablespoons Achuete Oil (annatto oil) => achuete oil [40.8g, FDC local:annatto oil] | 3 cloves Garlic (chopped) => garlic [9.0g, FDC local:garlic] | 3 tablespoons Vinegar => vinegar [45.0g, FDC local:vinegar] | 3 teaspoons sugar => sugar [12.5g, FDC local:sugar] | 2 tablespoons Garlic (minced) => garlic [16.0g, FDC local:garlic] | 3 Small white onion (chopped) => onion [330.0g, FDC local:onion] | 3 medium tomatoes (chopped) => tomatoes [360.0g, FDC local:tomato] | 5 cups Spanish bomba rice (or calrose rice) => spanish bomba rice [1200.0g, FDC local:rice] | 1/2 Cup Tomato sauce => tomato sauce [70.0g, FDC local:tomato] | 5 to 7CUPS cups chicken stock => chicken stock [840.0g, FDC local:chicken] | 2 cubes chicken bouillon cube (crushed) => cubes chicken bouillon cube [200.0g, FDC local:broth] | 250 Grams mussels (cleaned and steamed) => mussels [250.0g, FDC local:mussels] | 6 pieces baby corn (sliced in half) => baby corn [600.0g, FDC local:corn] | 2 Salted Egg (itlog na maalat) (peeled and sliced into wedges) => salted egg [100.0g, FDC local:egg] | 12 Cherry tomatoes (sauteed) => cherry tomatoes [1440.0g, FDC local:tomato]"
ph_824,88,6.6,13.3,0.7,0.6,731,0.1,local_reference_ingredient_sum_draft,api_estimate,pending_review,"Draft only: summed local reference ingredient profiles and divided by source_servings=8. Reviewer must verify ingredient matches, edible yield, oil absorption, and serving size before marking reviewed.",draft_partial_match,6,"1 teaspoon ground black pepper (no FDC match for pepper) | 2 tablespoons canola oil (or more, for deep-frying) (ignored frying oil reserve) | 3 tablespoons adobo flavored mix (no FDC match for adobo flavored mix) | 3/4 Cup water (ignored seasoning/water) | Salt (tot aste) (ignored seasoning/water) | ground black pepper (to taste) (ignored seasoning/water)","3 cloves Garlic (peeled, smashed) => garlic [9.0g, FDC local:garlic] | 3/4 Cup Soy Sauce => soy sauce [105.0g, FDC local:soy sauce] | 1 2 1/2 kilo Chicken (cut into 8 pieces) => kilo chicken [100.0g, FDC local:chicken] | 3 cloves Garlic (peeled, sliced thinly) => garlic [9.0g, FDC local:garlic] | 1 Cup all-purpose flour => all-purpose flour [125.0g, FDC local:flour] | 1 teaspoon Vinegar => vinegar [5.0g, FDC local:vinegar]"
ph_826,395,28.4,14.6,24.1,2.9,557,5.5,local_reference_ingredient_sum_draft,api_estimate,pending_review,"Draft only: summed local reference ingredient profiles and divided by source_servings=4. Reviewer must verify ingredient matches, edible yield, oil absorption, and serving size before marking reviewed.",draft_partial_match,7,"1/2 Cup bottled tamarind pulp (or 1 small sachet sinigang na sampaloc mix) (no FDC match for bottled tamarind pulp) | 1 medium radish (labanos) (sliced) (no FDC match for radish) | 5 green finger chili (siling pangsigang) (or to taste) (no FDC match for finger chili) | 1/2 Cup cilantro (wansoy) (chopped, plus extra to garnish) (no FDC match for cilantro) | Salt (to taste) (ignored seasoning/water) | black pepper (to taste) (missing quantity) | fish sauce (patis) (to taste) (missing quantity) | 2 bunches Mustard Leaves (Mustasa) (no FDC match for mustard leaves)","2 tablespoons vegetable oil (divded) => cooking oil [27.2g, FDC local:cooking oil] | 2 medium onion (chopped) => onion [220.0g, FDC local:onion] | 3 tablespoons Garlic (minced) => garlic [24.0g, FDC local:garlic] | 1 thumb-sized piece ginger (chopped) => -sized ginger [15.0g, FDC local:ginger] | 3 native tomatoes (chopped) => native tomatoes [360.0g, FDC local:tomato] | 3 tablespoons miso paste (local) => soybean paste paste [51.0g, FDC local:soybean paste] | 500 Grams salmon (use salmon steaks) => salmon [500.0g, FDC local:salmon]"
ph_827,493,27.3,11.8,38.7,2.0,80,6.2,local_reference_ingredient_sum_draft,api_estimate,pending_review,"Draft only: summed local reference ingredient profiles and divided by source_servings=10. Reviewer must verify ingredient matches, edible yield, oil absorption, and serving size before marking reviewed.",draft_partial_match,10,2 pieces green finger chili (siling pangsigang) (no FDC match for finger chili) | Salt (to taste) (ignored seasoning/water) | black pepper (to taste) (missing quantity) | siling labuyo (birds eye chili) (sliced) (missing quantity) | 1 Cup vegetable oil (ignored frying oil reserve),"2 tablespoons vegetable oil => cooking oil [27.2g, FDC local:cooking oil] | 500 Grams pork (diced) => pork [500.0g, FDC local:pork] | 2 tablespoons Garlic (chopped) => garlic [16.0g, FDC local:garlic] | 2 tablespoons ginger (cut into strips) => ginger [16.0g, FDC local:ginger] | 3 cups coconut cream (kakang gata) => coconut cream [720.0g, FDC local:coconut cream] | 3 cups taro leaves (dahon ng gabi) (use dried leaves) => taro leaves [90.0g, FDC local:taro] | 2 cups pork stock => pork stock [280.0g, FDC local:pork] | 1 Cup dried shrimp (hibe) (or hibe) => dried shrimp [140.0g, FDC local:shrimp] | 3 tablespoons sugar => sugar [37.5g, FDC local:sugar] | 1 tablespoon Vinegar => vinegar [15.0g, FDC local:vinegar]"
ph_828,35,3.9,0.2,2.0,0.0,9,0.0,local_reference_ingredient_sum_draft,api_estimate,pending_review,"Draft only: summed local reference ingredient profiles and divided by source_servings=7. Reviewer must verify ingredient matches, edible yield, oil absorption, and serving size before marking reviewed.",draft_partial_match,2,1 tablespoon rock salt (ignored seasoning/water) | 2 bay leaf (no FDC match for bay leaf) | vegetable oil (to deep-fry) (missing quantity),"1 kilo pork (whole) => kilo pork [100.0g, FDC local:pork] | 2 teaspoons peppercorns (whole) => peppercorns [5.3g, FDC local:corn]"
ph_829,561,23.0,20.1,47.3,5.6,464,7.9,local_reference_ingredient_sum_draft,api_estimate,pending_review,"Draft only: summed local reference ingredient profiles and divided by source_servings=4. Reviewer must verify ingredient matches, edible yield, oil absorption, and serving size before marking reviewed.",draft_partial_match,8,Salt (to taste) (ignored seasoning/water) | black pepper (to taste) (missing quantity),"1/2 Cup onion (chopped) => onion [70.0g, FDC local:onion] | 1 1/2 tablespoons vegetable oil (or annatto oil) => cooking oil [20.4g, FDC local:cooking oil] | 2 teaspoons Garlic (minced) => garlic [5.3g, FDC local:garlic] | 2 cups pork broth (reserved) => pork broth [480.0g, FDC local:broth] | 1/4 Cup peanuts (roasted and finely chopped) => peanuts [35.0g, FDC local:peanuts] | 3 heaping tablespoons peanut butter (creamy) => heaping peanut butter [300.0g, FDC local:peanut butter] | 1/2 tablespoon bagoong alamang => shrimp paste [8.5g, FDC local:shrimp paste] | 1 1/2 tablespoons rice (ground and toasted) => rice [12.0g, FDC local:rice]"
ph_830,532,30.9,60.1,17.3,1.7,653,2.7,local_reference_ingredient_sum_draft,api_estimate,pending_review,"Draft only: summed local reference ingredient profiles and divided by source_servings=4. Reviewer must verify ingredient matches, edible yield, oil absorption, and serving size before marking reviewed.",draft_partial_match,15,"2 tablespoons Salt (coarse, to taste) (ignored seasoning/water) | 4 stalks lemongrass (tanglad) (trimmed and pounded) (no FDC match for stalks lemongrass) | 1 tablespoons Butter (melted) (no FDC match for butter) | 1 1/2 tablespoons Calamansi Juice (no FDC match for calamansi juice) | 1/2 teaspoon black pepper (no FDC match for pepper) | 1 teaspoon black pepper (no FDC match for pepper) | 3 tablespoons liquid seasoning (no FDC match for liquid seasoning) | Salt (to taste) (ignored seasoning/water) | black pepper (to taste) (missing quantity)","1 1.2 kilo Chicken (whole) => kilo chicken [100.0g, FDC local:chicken] | 2 tablespoons fish sauce (patis) => fish sauce [30.0g, FDC local:fish sauce] | 1 tablespoon Garlic (chopped) => garlic [8.0g, FDC local:garlic] | 1 teaspoon sugar => sugar [4.2g, FDC local:sugar] | 250 Grams pork face => pork face [250.0g, FDC local:pork] | 1 1-inch piece ginger (sliced into rounds) => -inch ginger [100.0g, FDC local:ginger] | 1/4 medium red onion (sliced into wedges) => onion [27.5g, FDC local:onion] | 2 cloves Garlic (crushed) => garlic [6.0g, FDC local:garlic] | 1/2 tablespoons peppercorns => peppercorns [4.0g, FDC local:corn] | 2 tablespoons vegetable oil => cooking oil [27.2g, FDC local:cooking oil] | 4 tablespoons onion (chopped, divided) => onion [32.0g, FDC local:onion] | 1 tablespoon Garlic (chopped) => garlic [8.0g, FDC local:garlic] | 1 tablespoon ginger (grated) => ginger [8.0g, FDC local:ginger] | 3 tablespoons white vinegar => vinegar [45.0g, FDC local:vinegar] | 3 cups long-grain rice (cooked and cooled) => -grain rice [720.0g, FDC local:rice]"
ph_831,133,8.7,23.7,1.2,1.8,2257,1.7,local_reference_ingredient_sum_draft,api_estimate,pending_review,"Draft only: summed local reference ingredient profiles and divided by source_servings=1. Reviewer must verify ingredient matches, edible yield, oil absorption, and serving size before marking reviewed.",draft_partial_match,6,2 bay leaf (no FDC match for bay leaf) | crispy garlic chips (missing quantity),"1/4 Cup coconut vinegar => coconut vinegar [35.0g, FDC local:vinegar] | 2 tablespoons Soy Sauce => soy sauce [30.0g, FDC local:soy sauce] | 1 tablespoon peppercorns => peppercorns [8.0g, FDC local:corn] | 1 head Garlic (cloves separated and crushed) => garlic [50.0g, FDC local:garlic] | 1 Cup pork broth (reserved) => pork broth [240.0g, FDC local:broth] | 1 1/2 tablespoons cornstarch (dissolved in 1 tablespoon water) => cornstarch [12.0g, FDC local:corn]"
ph_832,1023,84.1,32.9,59.4,5.6,1089,11.8,local_reference_ingredient_sum_draft,api_estimate,pending_review,"Draft only: summed local reference ingredient profiles and divided by source_servings=2. Reviewer must verify ingredient matches, edible yield, oil absorption, and serving size before marking reviewed.",draft_partial_match,11,"1 tablespoon sinigang sa sampalok mix (no FDC match for sinigang sa sampalok mix) | Salt (to taste) (ignored seasoning/water) | black pepper (to taste) (missing quantity) | 1 tablespoon Butter (no FDC match for butter) | 4 stalks Leeks (dark green part only, sliced into 2-inch lengths) (no FDC match for stalks leeks) | 1 green finger chili (siling pangsigang) (no FDC match for finger chili) | 3 tablespoons sinigang sa sampalok mix (no FDC match for sinigang sa sampalok mix) | 1 tablespoons Butter (no FDC match for butter) | black pepper (to taste) (missing quantity) | 100 Grams winged beans (sigarilyas) (blanched) (no FDC match for winged beans) | crispy garlic chips (to garnish) (missing quantity) | green onion (chopped, to garnish) (missing quantity)","2 tablespoons all-purpose flour => all-purpose flour [16.0g, FDC local:flour] | 600 Grams Beef ((use short ribs), fat trimmed) => beef fat trimmed [600.0g, FDC local:beef] | 2 tablespoons canola oil => cooking oil [27.2g, FDC local:cooking oil] | 1 medium red onion (sliced into wedges) => onion [110.0g, FDC local:onion] | 4 cloves Garlic (crushed) => garlic [12.0g, FDC local:garlic] | 1 medium tomatoes (sliced into wedges) => tomatoes [120.0g, FDC local:tomato] | 1/4 cube beef bouillon => cube beef bouillon [25.0g, FDC local:broth] | 2 tablespoons Soy Sauce (or to taste) => soy sauce [30.0g, FDC local:soy sauce] | 2 1/2 tablespoons Potato starch (or cornstarch, dissolved in 2 tablespoons water) => potato starch [20.0g, FDC local:potato] | 2 Small onion (sliced into thin wedges, sauteed) => onion [220.0g, FDC local:onion] | 2 Small tomatoes (sliced into wedges) => tomatoes [240.0g, FDC local:tomato]"
ph_833,482,48.9,12.7,25.2,0.5,1264,7.9,local_reference_ingredient_sum_draft,api_estimate,pending_review,"Draft only: summed local reference ingredient profiles and divided by source_servings=5. Reviewer must verify ingredient matches, edible yield, oil absorption, and serving size before marking reviewed.",draft_partial_match,9,"2 bay leaf (no FDC match for bay leaf) | Salt (ignored seasoning/water) | Pepper (ignored seasoning/water) | garlic chips (to garnish) (missing quantity) | parsley sprigs (chopped, to garnish) (missing quantity)","3/4 Cup Soy Sauce => soy sauce [105.0g, FDC local:soy sauce] | 1/4 Cup white vinegar => vinegar [35.0g, FDC local:vinegar] | 3 tablespoons brown sugar => brown sugar [37.5g, FDC local:sugar] | 2 tablespoons peppercorns (use whole peppercorns) => peppercorns [16.0g, FDC local:corn] | 1/8 Cup Garlic (chopped) => garlic [17.5g, FDC local:garlic] | 400 Grams pork (belly part (liempo), cut into 2-inch pieces) => pork [400.0g, FDC local:pork] | 400 Grams Chicken (wings, legs, and thigh parts) => chicken [400.0g, FDC local:chicken] | 1/4 Cup Achuete Oil (annatto oil) => achuete oil [54.5g, FDC local:annatto oil] | 1/4 Cup Garlic (cloves) => garlic [35.0g, FDC local:garlic]"
ph_834,2083,210.9,18.1,120.5,2.6,932,3.5,local_reference_ingredient_sum_draft,api_estimate,pending_review,"Draft only: summed local reference ingredient profiles and divided by source_servings=7. Reviewer must verify ingredient matches, edible yield, oil absorption, and serving size before marking reviewed.",draft_partial_match,11,2 bulbs lemongrass (tanglad) (trimmed and pounded) (no FDC match for bulbs lemongrass) | 2 saba banana (peeled and sliced) (no FDC match for saba banana) | 150 Grams Baguio beans (abitsuelas) (no FDC match for baguio beans) | Salt (to taste) (ignored seasoning/water),"1 whole Beef ((use shanks), bone-in, cut crosswise into large chucnks to expose marrow) => beef bone-in cut crosswise into chucnks to expose marrow [100.0g, FDC local:beef] | 500 gram Beef ((use kneecap), cut into cubes) => beef [500.0g, FDC local:beef] | 5000 Grams Beef (use short ribs) => beef [5000.0g, FDC local:beef] | 2 white onion (sliced) => onion [220.0g, FDC local:onion] | 3 cloves Garlic (minced) => garlic [9.0g, FDC local:garlic] | 1 teaspoon peppercorns => peppercorns [2.7g, FDC local:corn] | 2 tablespoons fish sauce (patis) => fish sauce [30.0g, FDC local:fish sauce] | 2 cobs corn (cut into 1-inch thick pieces) => corn [180.0g, FDC local:corn] | 1/2 head cabbage (cut into large chunks) => cabbage [50.0g, FDC local:cabbage] | 1 bunch pechay leaves (native) => bok choy leaves [150.0g, FDC local:bok choy] | 2 large Potatoes (peeled and cut into large chunks) => potatoes [340.0g, FDC local:potato]"
ph_835,505,82.8,5.0,15.0,0.8,697,1.9,local_reference_ingredient_sum_draft,api_estimate,pending_review,"Draft only: summed local reference ingredient profiles and divided by source_servings=9. Reviewer must verify ingredient matches, edible yield, oil absorption, and serving size before marking reviewed.",draft_partial_match,17,"3 bay leaf (no FDC match for bay leaf) | 2 teaspoons Salt (ignored seasoning/water) | 1 teaspoon sesame oil (no FDC match for sesame oil) | 1/4 teaspoon Salt (no FDC match for salt) | black pepper (freshly ground) (missing quantity) | 1 Pack wonton wrappers (3-inch) (no FDC match for pack wonton wrappers) | green onion (Chopped, for garnish) (missing quantity) | Garlic (fried, to serve) (missing quantity)","8 cups chicken stock => chicken stock [1120.0g, FDC local:chicken] | 2 medium white onion (diced) => onion [220.0g, FDC local:onion] | 6 cloves Garlic (peeled) => garlic [18.0g, FDC local:garlic] | 2 teaspoons peppercorns => peppercorns [5.3g, FDC local:corn] | 400 Grams Chicken ((use breast part), bone-in) => chicken bone-in [400.0g, FDC local:chicken] | 2 tablespoons fish sauce (patis) (or more to taste) => fish sauce [30.0g, FDC local:fish sauce] | 500 Grams pork (use ground pork) => pork [500.0g, FDC local:pork] | 125 Grams Shrimp (minced) => shrimp [125.0g, FDC local:shrimp] | 1/2 Cup crab fat (or taba ng talangka) => crab fat [70.0g, FDC local:crab] | 1/2 Cup green onion (finely chopped) => onion [70.0g, FDC local:onion] | 1/2 Cup white onion (chopped) => onion [70.0g, FDC local:onion] | 2 cloves Garlic (minced) => garlic [6.0g, FDC local:garlic] | 1 large Egg => egg [50.0g, FDC local:egg] | 1 tablespoon fish sauce (patis) => fish sauce [15.0g, FDC local:fish sauce] | 250 Grams Shrimp (shelled) => shrimp [250.0g, FDC local:shrimp] | 1/4 Cup chicken liver (cooked and shredded) => chicken liver [35.0g, FDC local:chicken] | 1/4 Cup chicken gizzard (balunbalunan) (cooked and shredded) => chicken gizzard [35.0g, FDC local:chicken]"
ph_836,583,34.6,74.1,15.5,1.5,196,1.0,local_reference_ingredient_sum_draft,api_estimate,pending_review,"Draft only: summed local reference ingredient profiles and divided by source_servings=2. Reviewer must verify ingredient matches, edible yield, oil absorption, and serving size before marking reviewed.",draft_partial_match,8,"1/4 Cup Leeks (thinly sliced, white parts only) (no FDC match for leeks) | 250 Grams clams (no FDC match for clams) | 2 teaspoons Calamansi Juice (or lemon juice) (no FDC match for calamansi juice) | Salt (to taste) (ignored seasoning/water) | black pepper (to taste) (missing quantity) | kinchay (parsley) (for garnish) (missing quantity)","2 tablespoons vegetable oil => cooking oil [27.2g, FDC local:cooking oil] | 3 tablespoons white onion (chopped) => onion [24.0g, FDC local:onion] | 2 tablespoons Garlic (chopped) => garlic [16.0g, FDC local:garlic] | 2 tablespoons ginger (grated) => ginger [16.0g, FDC local:ginger] | 150 Grams Shrimp (peeled) => shrimp [150.0g, FDC local:shrimp] | 100 Grams Squid (Pusit) (cleaned and sliced) => squid [100.0g, FDC local:squid] | 2 tablespoons crab fat (aligue) (or to taste) => crab fat [16.0g, FDC local:crab] | 2 cups long-grain rice (cooked) => -grain rice [480.0g, FDC local:rice]"
ph_837,500,6.8,52.2,31.8,5.0,24,19.6,local_reference_ingredient_sum_draft,api_estimate,pending_review,"Draft only: summed local reference ingredient profiles and divided by source_servings=10. Reviewer must verify ingredient matches, edible yield, oil absorption, and serving size before marking reviewed.",draft_partial_match,8,"1/2 Cup water (warm, plus 1 tablespoon) (ignored seasoning/water) | 1 1/2 Cup Ube (cubed) (no FDC match for ube) | 1 1/4 cups banana ((saba variety), sliced (you may also use plantains)) (no FDC match for banana) | 2 cups Mini Tapioca (Sago) (cooked) (no FDC match for mini tapioca)","1 Cup glutinous rice flour => glutinous rice flour [240.0g, FDC local:flour] | 1 tablespoon rice flour => rice flour [8.0g, FDC local:flour] | 4 cups coconut milk (gata) (gata, fresh is best) => coconut milk [960.0g, FDC local:coconut milk] | 1 Cup sugar => sugar [125.0g, FDC local:sugar] | 1 Cup jackfruit (langka) (shredded) => jackfruit [140.0g, FDC local:jackfruit] | 3 cups sweet potato (kamote) (cubed) => sweet potato [420.0g, FDC local:potato] | 1 Cup taro root (gabi) (cubed) => taro root [140.0g, FDC local:taro] | 1 Cup coconut cream (kakang gata) (kakang gata, fresh is best) => coconut cream [240.0g, FDC local:coconut cream]"
ph_839,112,14.4,4.0,4.0,1.1,585,1.8,local_reference_ingredient_sum_draft,api_estimate,pending_review,"Draft only: summed local reference ingredient profiles and divided by source_servings=6. Reviewer must verify ingredient matches, edible yield, oil absorption, and serving size before marking reviewed.",draft_partial_match,5,"vegetable oil (to fry) (missing quantity) | Salt (ignored seasoning/water) | Pepper (ignored seasoning/water) | half a bunch cilantro (wansoy) (leaves picked and chopped roughly, plus more leaves to garnish) (missing quantity) | green onion (sliced, to garnish) (missing quantity)","3 long eggplant ((Asian)) => eggplant [150.0g, FDC local:eggplant] | 1 Small white onion (chopped) => onion [110.0g, FDC local:onion] | 3 cloves Garlic (peeled and minced finely) => garlic [9.0g, FDC local:garlic] | 300 Grams crabmeat => crabmeat [300.0g, FDC local:crab] | 4 Egg (beaten, divided into 2 eggs per bowl) => egg [200.0g, FDC local:egg]"
ph_841,716,53.4,58.9,32.5,8.5,126,12.4,local_reference_ingredient_sum_draft,api_estimate,pending_review,"Draft only: summed local reference ingredient profiles and divided by source_servings=4. Reviewer must verify ingredient matches, edible yield, oil absorption, and serving size before marking reviewed.",draft_partial_match,8,1 teaspoon Salt (divided) (ignored seasoning/water) | 1 tablespoon lemongrass (tanglad) (finely chopped (white part only)) (no FDC match for lemongrass),"1 tablespoon canola oil => cooking oil [13.6g, FDC local:cooking oil] | 1/2 Cup white onion (chopped) => onion [70.0g, FDC local:onion] | 2 medium Potatoes (peeled and cut into 1/2-inch cubes) => potatoes [340.0g, FDC local:potato] | 4 cups grilled corn kernels (plus extra to garnish) => grilled corn kernels [600.0g, FDC local:corn] | 1 Tablespooon bell pepper (finely chopped) => tablespooon bell pepper [120.0g, FDC local:bell pepper] | 3 tablespoons all-purpose flour => all-purpose flour [24.0g, FDC local:flour] | 4 cups chicken stock => chicken stock [560.0g, FDC local:chicken] | 1 1/2 cups coconut milk (gata) => coconut milk [360.0g, FDC local:coconut milk]"
ph_842,121,7.3,9.8,5.7,0.4,784,5.4,local_reference_ingredient_sum_draft,api_estimate,pending_review,"Draft only: summed local reference ingredient profiles and divided by source_servings=5. Reviewer must verify ingredient matches, edible yield, oil absorption, and serving size before marking reviewed.",draft_partial_match,7,"2 cups water (ignored seasoning/water) | 1 bay leaf (no FDC match for bay leaf) | Pandesal (toasted, to serve) (missing quantity) | Pickled Vegetables (Atsara) (to serve) (missing quantity)","1 kilo pork (use kasim) => kilo pork [100.0g, FDC local:pork] | 1 head Garlic (unpeeled, halved crosswise) => garlic [50.0g, FDC local:garlic] | 1/2 Cup Soy Sauce => soy sauce [70.0g, FDC local:soy sauce] | 3/4 Cup white vinegar => vinegar [105.0g, FDC local:vinegar] | 2 tablespoons peppercorns (black) => peppercorns [16.0g, FDC local:corn] | 1 tablespoon vegetable oil => cooking oil [13.6g, FDC local:cooking oil] | 2 tablespoons brown sugar => brown sugar [25.0g, FDC local:sugar]"
ph_843,270,10.4,26.8,13.9,2.8,611,8.0,local_reference_ingredient_sum_draft,api_estimate,pending_review,"Draft only: summed local reference ingredient profiles and divided by source_servings=4. Reviewer must verify ingredient matches, edible yield, oil absorption, and serving size before marking reviewed.",draft_partial_match,8,"1/2 teaspoon black pepper (no FDC match for pepper) | 2 tablespoons curry powder (or red curry paste) (no FDC match for curry powder) | cilantro (wansoy) (Chopped, for garnish) (missing quantity)","1 kilo tilapia ((use fillet), (or 4 whole tilapias) filleted) => kilo tilapia filleted [100.0g, FDC local:tilapia] | 2/3 Cup all-purpose flour => all-purpose flour [83.3g, FDC local:flour] | 2 tablespoons vegetable oil => cooking oil [27.2g, FDC local:cooking oil] | 1 can (250-gram) coconut milk (gata) (divided) => can coconut milk [100.0g, FDC local:coconut milk] | 1 tablespoon brown sugar => brown sugar [12.5g, FDC local:sugar] | 2 tablespoons fish sauce (patis) => fish sauce [30.0g, FDC local:fish sauce] | 2 medium bell pepper (cored, seeded, and sliced into strips) => bell pepper [240.0g, FDC local:bell pepper] | 1 red onion (sliced into strips) => onion [110.0g, FDC local:onion]"
ph_844,65,4.3,13.2,0.4,1.3,391,8.4,local_reference_ingredient_sum_draft,api_estimate,pending_review,"Draft only: summed local reference ingredient profiles and divided by source_servings=5. Reviewer must verify ingredient matches, edible yield, oil absorption, and serving size before marking reviewed.",draft_partial_match,4,"2 tablespoons Calamansi Juice (or vinegar) (no FDC match for calamansi juice) | 1 teaspoon black pepper (no FDC match for pepper) | vegetable oil (missing quantity) | Garlic (sliced and fried, to serve) (missing quantity) | garlic rice (to serve) (missing quantity) | tomatoes (sliced, to serve) (missing quantity)","1/4 Cup Soy Sauce => soy sauce [35.0g, FDC local:soy sauce] | 1/4 Cup muscovado sugar (or white sugar) => muscovado sugar [31.2g, FDC local:sugar] | 1 head Garlic (crushed or chopped finely) => garlic [50.0g, FDC local:garlic] | 500 Grams oyster mushrooms (separted (about 6 to 7 lightly packed cups)) => oyster mushrooms [500.0g, FDC local:mushroom]"
ph_845,253,4.1,34.7,11.1,4.5,12,1.6,local_reference_ingredient_sum_draft,api_estimate,pending_review,"Draft only: summed local reference ingredient profiles and divided by source_servings=2.5. Reviewer must verify ingredient matches, edible yield, oil absorption, and serving size before marking reviewed.",draft_partial_match,2,1 tablespoon Salt (ignored seasoning/water),"3 medim Potatoes (cut into 1-inch wedges) => medim potatoes [510.0g, FDC local:potato] | 2 tablespoons vegetable oil => cooking oil [27.2g, FDC local:cooking oil]"
ph_847,187,15.5,3.8,11.9,0.6,64,1.6,local_reference_ingredient_sum_draft,api_estimate,pending_review,"Draft only: summed local reference ingredient profiles and divided by source_servings=4. Reviewer must verify ingredient matches, edible yield, oil absorption, and serving size before marking reviewed.",draft_partial_match,5,1 teaspoon Salt (ignored seasoning/water) | 1 teaspoon Pepper (no FDC match for pepper) | 1 tablespoon Calamansi Juice (no FDC match for calamansi juice) | 1 teaspoon liquid seasoning (no FDC match for liquid seasoning) | rice (to serve) (missing quantity),"1 tablespoon vegetable oil => cooking oil [13.6g, FDC local:cooking oil] | 1 3/4 kilo portion pork inasal (minced) => kilo portion pork inasal [175.0g, FDC local:pork] | 1 Cup white onion (finely chopped) => onion [140.0g, FDC local:onion] | 1 teaspoon Garlic (finely chopped) => garlic [2.7g, FDC local:garlic] | 2 Egg (slightly beaten) => egg [100.0g, FDC local:egg]"
ph_848,333,27.9,18.1,14.1,0.9,68,12.5,local_reference_ingredient_sum_draft,api_estimate,pending_review,"Draft only: summed local reference ingredient profiles and divided by source_servings=6. Reviewer must verify ingredient matches, edible yield, oil absorption, and serving size before marking reviewed.",draft_partial_match,6,1/4 Cup Salt (no FDC match for salt) | 1 tablespoon black pepper (no FDC match for pepper),"5 tablespoons ginger (grated) => ginger [40.0g, FDC local:ginger] | 1 1/2 cups onion => onion [210.0g, FDC local:onion] | 5 tablespoons Garlic (finely-chopped) => garlic [40.0g, FDC local:garlic] | 5 cups coconut sap vinegar (sukang tuba) => coconut sap vinegar [700.0g, FDC local:vinegar] | 1/2 Cup sugar => sugar [62.5g, FDC local:sugar] | 6 kilos pork ((use kasim), sliced) => kilos pork [600.0g, FDC local:pork]"
ph_850,586,38.2,59.5,21.6,11.9,130,13.0,local_reference_ingredient_sum_draft,api_estimate,pending_review,"Draft only: summed local reference ingredient profiles and divided by source_servings=5. Reviewer must verify ingredient matches, edible yield, oil absorption, and serving size before marking reviewed.",draft_partial_match,11,Salt (ignored seasoning/water) | Salt (ignored seasoning/water) | chili leaves (dahon ng sili) (to garnish (optional)) (missing quantity),"1 tablespoon vegetable oil => cooking oil [13.6g, FDC local:cooking oil] | 1 head Garlic (sliced, divided) => garlic [50.0g, FDC local:garlic] | 500 Grams pork (sliced into 1-inch pieces) => pork [500.0g, FDC local:pork] | 1/2 Cup white vinegar => vinegar [70.0g, FDC local:vinegar] | 7 native tomatoes (chopped) => native tomatoes [840.0g, FDC local:tomato] | 1 tablespoon vegetable oil => cooking oil [13.6g, FDC local:cooking oil] | 1 Cup white onion => onion [140.0g, FDC local:onion] | 3 cloves Garlic (chopped) => garlic [9.0g, FDC local:garlic] | 500 Grams Banana Blossoms (Puso ng saging) (outer covering removed, chopped, and soaked in cold salted water) => banana blossoms [500.0g, FDC local:banana blossom] | 5 cups native tomatoes => native tomatoes [700.0g, FDC local:tomato] | 500 Grams fettuccine noodles (cooked according to package directions) => pasta [500.0g, FDC local:pasta]"
ph_851,353,33.5,9.3,18.8,0.1,988,8.1,local_reference_ingredient_sum_draft,api_estimate,pending_review,"Draft only: summed local reference ingredient profiles and divided by source_servings=4. Reviewer must verify ingredient matches, edible yield, oil absorption, and serving size before marking reviewed.",draft_partial_match,5,2 1/2 teaspoons Calamansi Juice (no FDC match for calamansi juice) | 1/2 teaspoon Baking soda (no FDC match for baking soda) | black pepper (to taste) (missing quantity),"1/4 Cup coconut sugar => coconut sugar [31.2g, FDC local:sugar] | 2 tablespoons fish sauce (patis) => fish sauce [30.0g, FDC local:fish sauce] | 1 1/2 tablespoons Light soy sauce => light soy sauce [22.5g, FDC local:soy sauce] | 1 1/2 tablespoons Garlic (minced) => garlic [12.0g, FDC local:garlic] | 500 Grams Beef ((use sirloin cut), sliced into thin strips) => beef into thin strips [500.0g, FDC local:beef]"
ph_852,58,5.4,5.8,1.8,0.7,967,0.9,local_reference_ingredient_sum_draft,api_estimate,pending_review,"Draft only: summed local reference ingredient profiles and divided by source_servings=6. Reviewer must verify ingredient matches, edible yield, oil absorption, and serving size before marking reviewed.",draft_partial_match,6,1 teaspoon black pepper (no FDC match for pepper) | vegetable oil (missing quantity) | 2 bay leaf (no FDC match for bay leaf),"1 Cup dried shiitake mushrooms => dried shiitake mushrooms [140.0g, FDC local:mushroom] | 2 300-gram blocks firm tofu (tokwa) (rinsed and drained) => - blocks tofu [200.0g, FDC local:tofu] | 3/4 Cup Soy Sauce => soy sauce [105.0g, FDC local:soy sauce] | 3/4 Cup cane vinegar => cane vinegar [105.0g, FDC local:vinegar] | 20 cloves Garlic (peeled and minced, divided) => garlic [60.0g, FDC local:garlic] | 1 teaspoon peppercorns => peppercorns [2.7g, FDC local:corn]"
ph_853,155,14.0,11.3,6.7,3.3,1003,5.1,local_reference_ingredient_sum_draft,api_estimate,pending_review,"Draft only: summed local reference ingredient profiles and divided by source_servings=5. Reviewer must verify ingredient matches, edible yield, oil absorption, and serving size before marking reviewed.",draft_partial_match,9,1 medim bittermelon (sliced) (no FDC match for medim bittermelon) | 1 bunch winged beans (sigarilyas) (sliced into bite-sized pieces) (no FDC match for winged beans) | lima beans (patani) (missing quantity) | olive oil (to drizzle) (missing quantity) | Salt (to taste) (ignored seasoning/water) | 1 small bunch corkwood tree flowers (katuray) (Optional) (no FDC match for corkwood tree flowers) | 1 tablespoon Calamansi Juice (no FDC match for calamansi juice) | 1 green finger chili (siling pangsigang) (no FDC match for finger chili) | 5 tablespoons olive oil (no FDC match for olive oil) | 1 tablespoon Calamansi Juice (no FDC match for calamansi juice) | 1 green finger chili (siling pangsigang) (no FDC match for finger chili) | 5 tablespoons olive oil (no FDC match for olive oil) | 1 Cup plain yogurt (no FDC match for plain yogurt),"10 medium Shrimp => shrimp [200.0g, FDC local:shrimp] | 1/2 medium squash (kalabasa) (peeled and sliced into squares) => squash [50.0g, FDC local:squash] | 3 medium native tomatoes (sliced in half) => native tomatoes [360.0g, FDC local:tomato] | 1 medium red onion (sliced into rings) => onion [110.0g, FDC local:onion] | 5 Small eggplant (sliced in half) => eggplant [250.0g, FDC local:eggplant] | 5 Small okra => okra [60.0g, FDC local:okra] | 2 tablespoons vegetable oil => cooking oil [27.2g, FDC local:cooking oil] | 2 tablespoons bottled bagoong alamang => bottled shrimp paste [34.0g, FDC local:shrimp paste] | 2 tablespoons bottled bagoong alamang => bottled shrimp paste [34.0g, FDC local:shrimp paste]"
ph_854,453,9.9,12.5,43.6,4.2,529,5.4,local_reference_ingredient_sum_draft,api_estimate,pending_review,"Draft only: summed local reference ingredient profiles and divided by source_servings=2. Reviewer must verify ingredient matches, edible yield, oil absorption, and serving size before marking reviewed.",draft_partial_match,9,2 finger chilies (siling pangsigang) (deseeded and diced) (no FDC match for finger chilies),"1 tablespoon vegetable oil => cooking oil [13.6g, FDC local:cooking oil] | 1 thumb-sized knob ginger (peeled and sliced into sticks) => -sized knob ginger [15.0g, FDC local:ginger] | 2 cloves Garlic (crushed) => garlic [6.0g, FDC local:garlic] | 2 cups kangkong (water spinach) leaves ((stalks), diced into thin rounds) => kangkong leaves into thin rounds [60.0g, FDC local:spinach] | 1/4 Cup mussels (out of the shell) => mussels [35.0g, FDC local:mussels] | 1/4 kilo Shrimp (peeled) => kilo shrimp [5.0g, FDC local:shrimp] | 1/4 kilo crabmeat => kilo crabmeat [25.0g, FDC local:crab] | 1 1/4 Cup coconut milk (gata) => coconut milk [300.0g, FDC local:coconut milk] | 1/2 tablespoon fish sauce (patis) => fish sauce [7.5g, FDC local:fish sauce]"
ph_856,867,58.0,74.7,33.5,2.4,475,2.2,local_reference_ingredient_sum_draft,api_estimate,pending_review,"Draft only: summed local reference ingredient profiles and divided by source_servings=4. Reviewer must verify ingredient matches, edible yield, oil absorption, and serving size before marking reviewed.",draft_partial_match,9,1 teaspoon Salt (ignored seasoning/water) | calamansi (to serve) (missing quantity),"1 1-inch knob ginger (sliced into rounds) => -inch knob ginger [100.0g, FDC local:ginger] | 1/2 white onion => onion [55.0g, FDC local:onion] | 1/4 teaspoon peppercorns => peppercorns [0.7g, FDC local:corn] | 4 cups Rice Washing (Hugas Bigas) => rice washing [960.0g, FDC local:rice] | 1/2 kilogram salmon head => salmon [500.0g, FDC local:salmon] | 1/2 kilogram salmon (use belly) => salmon [500.0g, FDC local:salmon] | 1 bunch pechay leaves (about 1 cup) => bok choy leaves [150.0g, FDC local:bok choy] | 1/2 head cabbage (cut into quarters) => cabbage [50.0g, FDC local:cabbage] | 1 tablespoon fish sauce (patis) (to serve) => fish sauce [15.0g, FDC local:fish sauce]"
ph_857,303,21.2,31.3,10.0,1.2,1008,26.0,local_reference_ingredient_sum_draft,api_estimate,pending_review,"Draft only: summed local reference ingredient profiles and divided by source_servings=4. Reviewer must verify ingredient matches, edible yield, oil absorption, and serving size before marking reviewed.",draft_partial_match,7,8 pieces dried bay leaf (no FDC match for dried bay leaf) | 1 kilo lechon kawali ((leftovers may be used)) (no FDC match for kilo lechon kawali) | 3 cups store-bought lechon sauce (no FDC match for store-bought lechon sauce) | Salt (to taste) (ignored seasoning/water),"2 cups pork stock => pork stock [280.0g, FDC local:pork] | 6 cloves Garlic (crushed) => garlic [18.0g, FDC local:garlic] | 2 large onion (chopped) => onion [220.0g, FDC local:onion] | 1 teaspoon peppercorns => peppercorns [2.7g, FDC local:corn] | 1/2 Cup Soy Sauce => soy sauce [70.0g, FDC local:soy sauce] | 3/4 Cup Vinegar => vinegar [105.0g, FDC local:vinegar] | 3/4 Cup sugar => sugar [93.8g, FDC local:sugar]"
ph_858,83,2.6,2.0,7.0,0.2,575,0.2,local_reference_ingredient_sum_draft,api_estimate,pending_review,"Draft only: summed local reference ingredient profiles and divided by source_servings=4. Reviewer must verify ingredient matches, edible yield, oil absorption, and serving size before marking reviewed.",draft_partial_match,7,"8 large Prawns (Sugpo) (about 500 grams) (no FDC match for prawns) | 1 bay leaf (no FDC match for bay leaf) | Salt (to garnish) (ignored seasoning/water) | green onion (Chopped, for garnish) (missing quantity)","1 1/2 tablespoons Garlic (chopped) => garlic [12.0g, FDC local:garlic] | 1/4 Cup Soy Sauce => soy sauce [35.0g, FDC local:soy sauce] | 1/2 Cup Vinegar => vinegar [70.0g, FDC local:vinegar] | 1 tablespoon peppercorns => peppercorns [8.0g, FDC local:corn] | 2 tablespoons vegetable oil => cooking oil [27.2g, FDC local:cooking oil] | 1/4 Cup crab fat (aligue) => crab fat [35.0g, FDC local:crab] | 1 teaspoon Vinegar => vinegar [5.0g, FDC local:vinegar]"
ph_859,722,72.1,81.7,9.2,2.2,1051,21.7,local_reference_ingredient_sum_draft,api_estimate,pending_review,"Draft only: summed local reference ingredient profiles and divided by source_servings=4. Reviewer must verify ingredient matches, edible yield, oil absorption, and serving size before marking reviewed.",draft_partial_match,8,"2 tablespoons calamansi Juice (no FDC match for calamansi juice) | vegetable oil (to deep-fry) (missing quantity) | shallots (sibuyas Tagalog) ((fried), to garnish) (missing quantity) | fried chili leaves (to garnish) (missing quantity) | 1/4 cup water (ignored seasoning/water) | 1 1/2 teaspoons chili flakes (or to taste) (no FDC match for chili flakes)","8 pieces chicken (drumstick, wings, breast, or thigh) => chicken [800.0g, FDC local:chicken] | 1 tablespoon fish sauce (patis) => fish sauce [15.0g, FDC local:fish sauce] | 1 egg (beaten with 1 tablespoon water) => egg [50.0g, FDC local:egg] | 2 1/2 cups all-purpose flour => all-purpose flour [312.5g, FDC local:flour] | 2/3 cup brown sugar => brown sugar [83.3g, FDC local:sugar] | 1/4 cup cane vinegar => cane vinegar [35.0g, FDC local:vinegar] | 2 tablespoons fish sauce (patis) (or to taste) => fish sauce [30.0g, FDC local:fish sauce] | 2 tablespoons cornstarch (dissolved in 2 tablespoons water) => cornstarch [16.0g, FDC local:corn]"
ph_860,68,4.2,9.7,1.8,1.3,418,4.8,local_reference_ingredient_sum_draft,api_estimate,pending_review,"Draft only: summed local reference ingredient profiles and divided by source_servings=6. Reviewer must verify ingredient matches, edible yield, oil absorption, and serving size before marking reviewed.",draft_partial_match,8,1 siling labuyo (bird's eye chili) (minced) (no FDC match for siling labuyo) | vegetable oil (as needed) (missing quantity) | 1/2 teaspoon black pepper (no FDC match for pepper) | 1 teaspoon coarse salt (no FDC match for coarse salt) | 1 teaspoon black pepper (no FDC match for pepper) | 1 tablespoon Calamansi Juice (no FDC match for calamansi juice),"2 blocks, around 300 grams each` firm tofu (tokwa) (rinsed and patted dry) => blocks around each tofu [200.0g, FDC local:tofu] | 2 onion (diced, divided) => onion [220.0g, FDC local:onion] | 10 cloves Garlic (minced, divided) => garlic [30.0g, FDC local:garlic] | 1 red bell pepper (seeded and diced) => bell pepper [120.0g, FDC local:bell pepper] | 3 tablespoons Soy Sauce => soy sauce [45.0g, FDC local:soy sauce] | 1 tablespoon ginger (grated or finely minced) => ginger [8.0g, FDC local:ginger] | 3 tablespoons cane vinegar => cane vinegar [45.0g, FDC local:vinegar] | 1 tablespoon muscovado sugar => muscovado sugar [12.5g, FDC local:sugar]"
ph_861,117,5.8,3.9,8.5,0.2,16,0.6,local_reference_ingredient_sum_draft,api_estimate,pending_review,"Draft only: summed local reference ingredient profiles and divided by source_servings=5. Reviewer must verify ingredient matches, edible yield, oil absorption, and serving size before marking reviewed.",draft_partial_match,6,1 1-inch knob turmeric (luyang dilaw) (minced or grated) (no FDC match for -inch knob turmeric) | 1 Cup water (ignored seasoning/water) | Salt (to taste) (ignored seasoning/water),"2 tablespoons cooking oil => cooking oil [27.2g, FDC local:cooking oil] | 1 head Garlic (peeled and minced) => garlic [50.0g, FDC local:garlic] | 1/2 teaspoon peppercorns => peppercorns [1.3g, FDC local:corn] | 1 kilo Beef ((use brisket or short ribs), cut into chunks) => kilo beef [100.0g, FDC local:beef] | 1/2 Cup white vinegar => vinegar [70.0g, FDC local:vinegar] | 1/2 teaspoon sugar => sugar [2.1g, FDC local:sugar]"
ph_862,526,25.8,79.8,10.9,3.5,232,1.7,local_reference_ingredient_sum_draft,api_estimate,pending_review,"Draft only: summed local reference ingredient profiles and divided by source_servings=10. Reviewer must verify ingredient matches, edible yield, oil absorption, and serving size before marking reviewed.",draft_partial_match,10,lime juice (missing quantity) | 1/4 to 1/2 teaspoon chili powder (no FDC match for chili powder) | Salt (to season) (ignored seasoning/water) | Oil (for deep-frying) (ignored frying oil reserve) | 5 pineapple rings (grilled and sliced in half) (no FDC match for pineapple rings) | 2 red finger chilies (siling haba) (chopped) (no FDC match for finger chilies) | 2 packed cups pepper leaves (dahon ng sili) (no FDC match for packed pepper leaves),"30 medium Shrimp (peeled and deveined) => shrimp [600.0g, FDC local:shrimp] | 1/2 Cup coconut milk (gata) => coconut milk [120.0g, FDC local:coconut milk] | 10 4-inch wheat flour tortillas (deep-fried) => -inch wheat flour tortillas [1000.0g, FDC local:flour] | 2 tablespoons cooking oil => cooking oil [27.2g, FDC local:cooking oil] | 2 teaspoons ginger (grated) => ginger [5.3g, FDC local:ginger] | 8 cloves Garlic (minced) => garlic [24.0g, FDC local:garlic] | 1 large red onion (minced) => onion [110.0g, FDC local:onion] | 4 teaspoons bagoong alamang => shrimp paste [22.7g, FDC local:shrimp paste] | 1/2 Cup coconut milk (gata) => coconut milk [120.0g, FDC local:coconut milk] | 4 tablespoons coconut cream (kakang gata) => coconut cream [32.0g, FDC local:coconut cream]"
ph_863,1106,54.9,21.5,93.8,7.5,2926,10.3,local_reference_ingredient_sum_draft,api_estimate,pending_review,"Draft only: summed local reference ingredient profiles and divided by source_servings=2.5. Reviewer must verify ingredient matches, edible yield, oil absorption, and serving size before marking reviewed.",draft_partial_match,10,1 tablespoon Salt (ignored seasoning/water) | Salt (to taste) (ignored seasoning/water),"500 to 600 grams, about 3 pieces Spider Crab (Alimasag) (washed and cleaned) => about spider crab [550.0g, FDC local:crab] | 2 tablespoons vegetable oil => cooking oil [27.2g, FDC local:cooking oil] | 1/4 Cup dried shrimp (hibe) => dried shrimp [35.0g, FDC local:shrimp] | 2 tablespoons white onion (chopped) => onion [16.0g, FDC local:onion] | 1 tablespoon Garlic (chopped) => garlic [8.0g, FDC local:garlic] | 2 tablespoons ginger (sliced into thin strips) => ginger [16.0g, FDC local:ginger] | 1 tablespoon fish sauce (patis) => fish sauce [15.0g, FDC local:fish sauce] | 2 cups coconut milk (gata) => coconut milk [480.0g, FDC local:coconut milk] | 1 Cup coconut cream (kakang gata) => coconut cream [240.0g, FDC local:coconut cream] | 100 Grams kangkong (water spinach) leaves => kangkong leaves [100.0g, FDC local:spinach]"
ph_864,257,38.9,10.5,7.4,1.4,1937,2.8,local_reference_ingredient_sum_draft,api_estimate,pending_review,"Draft only: summed local reference ingredient profiles and divided by source_servings=4. Reviewer must verify ingredient matches, edible yield, oil absorption, and serving size before marking reviewed.",draft_partial_match,7,"2 tablespoons cilantro (wansoy) (chopped) (no FDC match for cilantro) | 2 green finger chili (siling pangsigang) (sliced and seeded) (no FDC match for finger chili) | Calamansi Juice (missing quantity) | 1/4 Cup water (ignored seasoning/water) | 350 ml coconut milk (gata) (unsupported unit ml) | 1/2 ripe mango (diced into 1/2-inch cubes, optional) (no FDC match for mango) | egg noodles (pancit canton) (to serve) (missing quantity)","600 Grams Shrimp (shells removed, heads removed and reserved, tails left on) => shrimp [600.0g, FDC local:shrimp] | 6 tablespoons fish sauce (patis) (divided) => fish sauce [90.0g, FDC local:fish sauce] | 3 tablespoons Garlic (minced, divided) => garlic [24.0g, FDC local:garlic] | 2 tablespoons vegetable oil => cooking oil [27.2g, FDC local:cooking oil] | 1 medium red onion (minced) => onion [110.0g, FDC local:onion] | 1 Cup squash (kalabasa) (diced) => squash [140.0g, FDC local:squash] | 1 Cup malunggay leaves (moringa) => moringa leaves leaves [30.0g, FDC local:moringa leaves]"
ph_865,540,88.4,16.8,10.3,0.2,208,0.1,local_reference_ingredient_sum_draft,api_estimate,pending_review,"Draft only: summed local reference ingredient profiles and divided by source_servings=4. Reviewer must verify ingredient matches, edible yield, oil absorption, and serving size before marking reviewed.",draft_partial_match,2,chicken adobo (shredded) (missing quantity),"1 Cup long-grain rice => -grain rice [240.0g, FDC local:rice] | 8 cups seasoned chicken stock => seasoned chicken stock [1120.0g, FDC local:chicken]"
ph_867,78,3.3,17.7,0.6,5.2,21,9.2,local_reference_ingredient_sum_draft,api_estimate,pending_review,"Draft only: summed local reference ingredient profiles and divided by source_servings=2.5. Reviewer must verify ingredient matches, edible yield, oil absorption, and serving size before marking reviewed.",draft_partial_match,5,"500 Grams Maya-Maya (Grouper) (gutted, scaled, cleaned, and cut into serving pieces) (no FDC match for maya-maya) | Pepper (to taste) (ignored seasoning/water) | 1 Small Patola (Chinese Okra) (sliced into 1-inch-thick rounds) (no FDC match for patola) | 2 green finger chili (siling pangsigang) (no FDC match for finger chili)","1 medium red onion (quartered) => onion [110.0g, FDC local:onion] | 1 thumb-sized piece ginger (sliced into strips) => -sized ginger [15.0g, FDC local:ginger] | 4 medium red native tomatoes (quartered) => native tomatoes [480.0g, FDC local:tomato] | 1 medium head cabbage (quartered) => cabbage [100.0g, FDC local:cabbage] | 1 bundle sayote tops (washed) => sayote tops [150.0g, FDC local:sayote]"
ph_868,200,6.0,3.4,18.0,0.2,14,0.2,local_reference_ingredient_sum_draft,api_estimate,pending_review,"Draft only: summed local reference ingredient profiles and divided by source_servings=5. Reviewer must verify ingredient matches, edible yield, oil absorption, and serving size before marking reviewed.",draft_partial_match,5,3 to 4 dried bay leaf (no FDC match for dried bay leaf) | 1 Cup water (ignored seasoning/water) | Salt (to taste) (ignored seasoning/water),"3 tablespoons cooking oil => cooking oil [40.8g, FDC local:cooking oil] | 1/4 Cup Achuete Seeds (annatto seeds) => achuete seeds [35.0g, FDC local:annatto oil] | 1 head Garlic (peeled and minced) => garlic [50.0g, FDC local:garlic] | 1 kilo pork ((use pork belly or shoulder), cubed) => kilo pork [100.0g, FDC local:pork] | 1/2 Cup white vinegar => vinegar [70.0g, FDC local:vinegar]"
ph_869,169,32.9,9.3,0.8,3.2,615,3.8,local_reference_ingredient_sum_draft,api_estimate,pending_review,"Draft only: summed local reference ingredient profiles and divided by source_servings=4. Reviewer must verify ingredient matches, edible yield, oil absorption, and serving size before marking reviewed.",draft_partial_match,8,6 cups water (ignored seasoning/water) | 8 pieces Guava (bayabas) (halved) (no FDC match for guava) | 1 piece long green chilies (siling pangsigang) (no FDC match for chilies) | 1/4 Cup radish (labanos) (thinly sliced) (no FDC match for radish) | Salt (to taste) (ignored seasoning/water),"1 piece tomatoes (quartered) => tomatoes [120.0g, FDC local:tomato] | 1 piece red onion (quartered) => onion [110.0g, FDC local:onion] | 1 1/2 tablespoons fish sauce (patis) => fish sauce [22.5g, FDC local:fish sauce] | 1/2 Cup okra (sliced) => okra [70.0g, FDC local:okra] | 1/2 Cup sitaw (string beans) => yardlong beans [70.0g, FDC local:yardlong beans] | 1/2 Cup eggplant (sliced) => eggplant [70.0g, FDC local:eggplant] | 1 bundle kangkong (water spinach) leaves => kangkong leaves [150.0g, FDC local:spinach] | 500 Grams Shrimp (cleaned and trimmed, head on, shell on) => shrimp [500.0g, FDC local:shrimp]"
ph_870,364,3.5,29.0,28.5,3.1,18,24.6,local_reference_ingredient_sum_draft,api_estimate,pending_review,"Draft only: summed local reference ingredient profiles and divided by source_servings=4.5. Reviewer must verify ingredient matches, edible yield, oil absorption, and serving size before marking reviewed.",draft_partial_match,4,1/2 Cup bigas malagkit (sticky rice) (rinsed) (no FDC match for bigas malagkit) | 1/4 to 1/2 Cup water (as needed) (no FDC match for water),"1/3 Cup yellow monggo beans (mung beans) (dry roasted on a pan) => mung beans beans [46.7g, FDC local:mung beans] | 1 1/2 cups coconut milk (gata) => coconut milk [360.0g, FDC local:coconut milk] | 1/2 Cup coconut cream (kakang gata) => coconut cream [120.0g, FDC local:coconut cream] | 3/4 cups white sugar => sugar [93.8g, FDC local:sugar]"
ph_871,306,27.3,14.1,15.7,4.0,1890,4.1,local_reference_ingredient_sum_draft,api_estimate,pending_review,"Draft only: summed local reference ingredient profiles and divided by source_servings=4. Reviewer must verify ingredient matches, edible yield, oil absorption, and serving size before marking reviewed.",draft_partial_match,8,1 Cup ampalaya (bitter melon) (sliced into thin crescents) (no FDC match for ampalaya) | 2 tablespoons Salt (divided) (ignored seasoning/water) | 1/2 Cup native tomaties (chopped) (no FDC match for native tomaties) | Pepper (to taste) (ignored seasoning/water) | 1 Cup winged beans (sigarilyas) (thinly sliced) (no FDC match for winged beans),"2 cups eggplant (sliced into long, thin slices) => eggplant [280.0g, FDC local:eggplant] | 1 tablespoon vegetable oil => cooking oil [13.6g, FDC local:cooking oil] | 1 tablespoon white onion (chopped) => onion [8.0g, FDC local:onion] | 1/2 tablespoon Garlic (chopped) => garlic [4.0g, FDC local:garlic] | 300 Grams pork (use ground pork) => pork [300.0g, FDC local:pork] | 3/4 Cup shrimp paste (bagoong alamang) => shrimp paste [105.0g, FDC local:shrimp paste] | 1 Cup squash (kalabasa) (thinly sliced) => squash [140.0g, FDC local:squash] | 1 Cup okra (sliced) => okra [140.0g, FDC local:okra]"
ph_872,375,63.9,9.2,7.4,0.3,1179,6.5,local_reference_ingredient_sum_draft,api_estimate,pending_review,"Draft only: summed local reference ingredient profiles and divided by source_servings=4. Reviewer must verify ingredient matches, edible yield, oil absorption, and serving size before marking reviewed.",draft_partial_match,6,"1 dried bay leaf (no FDC match for dried bay leaf) | 2 siling labuyo (birds eye chili) (sliced, plus more if desired) (no FDC match for siling labuyo) | 2 tablespoons Butter (no FDC match for butter) | Salt (ignored seasoning/water) | green onion (Chopped, for garnish) (missing quantity)","5 tablespoons Soy Sauce => soy sauce [75.0g, FDC local:soy sauce] | 3 tablespoons white vinegar => vinegar [45.0g, FDC local:vinegar] | 2 tablespoons brown sugar => brown sugar [25.0g, FDC local:sugar] | 2 tablespoons Garlic (chopped) => garlic [16.0g, FDC local:garlic] | 1 1/2 tablespoons peppercorns => peppercorns [12.0g, FDC local:corn] | 8 whole Chicken (use wings) => chicken [800.0g, FDC local:chicken]"
ph_873,520,21.3,9.5,45.8,2.4,503,3.6,local_reference_ingredient_sum_draft,api_estimate,pending_review,"Draft only: summed local reference ingredient profiles and divided by source_servings=4. Reviewer must verify ingredient matches, edible yield, oil absorption, and serving size before marking reviewed.",draft_partial_match,12,15 finger chilies (siling pangsigang) (no FDC match for finger chilies) | Salt (to taste) (ignored seasoning/water),"1 tablespoon vegetable oil => cooking oil [13.6g, FDC local:cooking oil] | 2 tablespoons white onion (chopped) => onion [16.0g, FDC local:onion] | 1 tablespoons Garlic (chopped) => garlic [8.0g, FDC local:garlic] | 1 tablespoon ginger (grated) => ginger [8.0g, FDC local:ginger] | 250 Grams pork (use ground pork) => pork [250.0g, FDC local:pork] | 2 tablespoons vegetable oil => cooking oil [27.2g, FDC local:cooking oil] | 3 tablespoons white onion (chopped) => onion [24.0g, FDC local:onion] | 1 tablespoon Garlic (chopped) => garlic [8.0g, FDC local:garlic] | 2 tablespoons ginger (grated) => ginger [16.0g, FDC local:ginger] | 1 1/2 tablespoons shrimp paste (bagoong alamang) => shrimp paste [25.5g, FDC local:shrimp paste] | 3/4 Cup coconut cream (kakang gata) => coconut cream [180.0g, FDC local:coconut cream] | 3/4 Cup coconut milk (gata) => coconut milk [180.0g, FDC local:coconut milk]"
ph_874,346,39.9,5.5,17.6,0.9,97,1.4,local_reference_ingredient_sum_draft,api_estimate,pending_review,"Draft only: summed local reference ingredient profiles and divided by source_servings=6. Reviewer must verify ingredient matches, edible yield, oil absorption, and serving size before marking reviewed.",draft_partial_match,7,1 knob turmeric (luyang dilaw) (sliced) (no FDC match for knob turmeric) | fish sauce (patis) (to taste) (missing quantity) | 1 bay leaf (no FDC match for bay leaf) | 1 to 2 green chili (siling tagalog) (Optional) (no FDC match for chili),"4 tablespoons vegetable oil => cooking oil [54.4g, FDC local:cooking oil] | 1 head Garlic (minced) => garlic [50.0g, FDC local:garlic] | 1 white onion (sliced) => onion [110.0g, FDC local:onion] | 750 Grams Chicken (adobo cut) => chicken [750.0g, FDC local:chicken] | 1/2 teaspoon peppercorns => peppercorns [1.3g, FDC local:corn] | 1/4 Cup Vinegar => vinegar [35.0g, FDC local:vinegar] | 1 400-gram can coconut milk (gata) => - can coconut milk [100.0g, FDC local:coconut milk]"
ph_875,144,9.9,5.3,9.3,0.7,297,3.5,local_reference_ingredient_sum_draft,api_estimate,pending_review,"Draft only: summed local reference ingredient profiles and divided by source_servings=6. Reviewer must verify ingredient matches, edible yield, oil absorption, and serving size before marking reviewed.",draft_partial_match,8,1/2 Cup water (ignored seasoning/water) | Salt (to taste) (ignored seasoning/water),"1 kilo pork hocks => kilo pork hocks [100.0g, FDC local:pork] | 2 tablespoons cooking oil => cooking oil [27.2g, FDC local:cooking oil] | 2 cloves Garlic (minced) => garlic [6.0g, FDC local:garlic] | 1 large onion (chopped) => onion [110.0g, FDC local:onion] | 1 large can pork and beans => can pork and beans [100.0g, FDC local:pork] | 1 Cup Tomato sauce => tomato sauce [140.0g, FDC local:tomato] | 2 tablespoons Soy Sauce => soy sauce [30.0g, FDC local:soy sauce] | 1 tablespoon brown sugar => brown sugar [12.5g, FDC local:sugar]"
ph_876,132,7.3,21.1,2.5,4.9,204,4.5,local_reference_ingredient_sum_draft,api_estimate,pending_review,"Draft only: summed local reference ingredient profiles and divided by source_servings=7. Reviewer must verify ingredient matches, edible yield, oil absorption, and serving size before marking reviewed.",draft_partial_match,9,2-3 cups water (no FDC match for water) | 1/2 kilo Guava (bayabas) (quartered) (no FDC match for kilo guava) | 1 piece labanos (radish) (quartered) (no FDC match for labanos) | Salt (to taste) (ignored seasoning/water),"1 kilo pork (chopped to serving pieces) => kilo pork [100.0g, FDC local:pork] | 2 pieces tomatoes (quartered) => tomatoes [240.0g, FDC local:tomato] | 2 pieces red onion (sliced) => onion [220.0g, FDC local:onion] | 3 pieces gabi (taro root) (peeled and quartered) => gabi [300.0g, FDC local:taro] | 2 cups sitaw (string beans) (sliced into 1 1/2-inch pieces) => yardlong beans [280.0g, FDC local:yardlong beans] | 5 pieces okra (sliced) => okra [60.0g, FDC local:okra] | 2 Small eggplant (sliced diagonally) => eggplant [100.0g, FDC local:eggplant] | 1 bunch kangkong (water spinach) leaves (leaves removed from stems) => kangkong leaves [150.0g, FDC local:spinach] | 1 tablespoon fish sauce (patis) => fish sauce [15.0g, FDC local:fish sauce]"
ph_877,441,27.4,28.3,24.3,2.1,2146,3.3,local_reference_ingredient_sum_draft,api_estimate,pending_review,"Draft only: summed local reference ingredient profiles and divided by source_servings=5. Reviewer must verify ingredient matches, edible yield, oil absorption, and serving size before marking reviewed.",draft_partial_match,10,"cooking oil (for sauteeing) (missing quantity) | white pepper (to taste) (missing quantity) | chicharon (roughly chopped, for topping) (missing quantity) | sesame oil (to taste) (missing quantity) | calamansi (to taste) (missing quantity)","1/2 head Garlic (chopped) => garlic [25.0g, FDC local:garlic] | 1 medium-sized white onion (sliced thinly) => -sized onion [110.0g, FDC local:onion] | 1/2 medium-sized cabbage (shredded) => -sized cabbage [50.0g, FDC local:cabbage] | 200 Grams grilled pork belly (cut into thin strips) => grilled pork belly [200.0g, FDC local:pork belly] | 1 large Chicken ((use breast part), pre-boiled, shredded) => chicken pre- shredded [100.0g, FDC local:chicken] | 2/3 Cup fish sauce (patis) => fish sauce [93.3g, FDC local:fish sauce] | 4 to 6 cups pork broth => pork broth [1200.0g, FDC local:broth] | 400 Grams bihon noodles (thin rice noodles) (rinsed) => bihon noodles [400.0g, FDC local:noodles] | 200 Grams Shrimp (pre-boiled, shelled) => shrimp [200.0g, FDC local:shrimp] | 1 small bundle spring onions (Chopped, for topping) => spring onions [110.0g, FDC local:onion]"
ph_878,78,10.8,7.3,0.5,1.3,20,3.0,local_reference_ingredient_sum_draft,api_estimate,pending_review,"Draft only: summed local reference ingredient profiles and divided by source_servings=4. Reviewer must verify ingredient matches, edible yield, oil absorption, and serving size before marking reviewed.",draft_partial_match,4,"2 tablespoons Barbecue marinade (, we used a mix of soy sauce, ketchup, and lemon juice) (no FDC match for barbecue marinade) | 1 ear finger chilies (siling pangsigang) (chopped) (no FDC match for ear finger chilies) | black pepper (to taste) (missing quantity) | white pepper (to taste) (missing quantity) | 2 to 3 tablespoons Calamansi Juice (no FDC match for calamansi juice) | Salt (to taste) (ignored seasoning/water) | mayonnaise (for garnish) (missing quantity) | fish skin chicharon (for garnish) (missing quantity)","1 Cup fresh tuna (cut into 1/4 inch thick slices) => tuna [140.0g, FDC local:tuna] | 2 large onion (chopped) => onion [220.0g, FDC local:onion] | 5 cloves Garlic (chopped) => garlic [15.0g, FDC local:garlic] | 1/2 bell pepper (chopped) => bell pepper [60.0g, FDC local:bell pepper]"
ph_879,134,8.2,10.1,6.2,0.9,23,1.4,local_reference_ingredient_sum_draft,api_estimate,pending_review,"Draft only: summed local reference ingredient profiles and divided by source_servings=5. Reviewer must verify ingredient matches, edible yield, oil absorption, and serving size before marking reviewed.",draft_partial_match,11,Salt (to taste) (ignored seasoning/water),"1/4 kilo Beef (tripe) => kilo beef [25.0g, FDC local:beef] | 1/4 kilo Beef (use shanks) => kilo beef [25.0g, FDC local:beef] | 1/4 kilo Pork Intestine => kilo pork intestine [25.0g, FDC local:pork] | 1/4 kilo beef or pork kidney => kilo beef or pork kidney [25.0g, FDC local:beef] | 1 1/2 cups Vinegar (divided) => vinegar [210.0g, FDC local:vinegar] | 1/4 kilo Beef => kilo beef [25.0g, FDC local:beef] | 2 heads Garlic (1 head crushed, 1 head minced) => garlic [100.0g, FDC local:garlic] | 1 onion (minced) => onion [110.0g, FDC local:onion] | 2 thumb-seized pieces ginger (julienned) => -seized ginger [30.0g, FDC local:ginger] | 1 teaspoon Achuete Powder (annatto powder) (or 1 tablespoon annato seeds in 1 tablespoon of water) => achuete powder [2.7g, FDC local:annatto oil] | 2 teaspoons cooking oil => cooking oil [9.1g, FDC local:cooking oil]"
ph_880,128,13.4,9.8,3.5,0.3,154,0.7,local_reference_ingredient_sum_draft,api_estimate,pending_review,"Draft only: summed local reference ingredient profiles and divided by source_servings=21. Reviewer must verify ingredient matches, edible yield, oil absorption, and serving size before marking reviewed.",draft_partial_match,7,1 Cup water (boiling) (ignored seasoning/water) | lemon juice (missing quantity) | 1/4 teaspoon Salt (no FDC match for salt) | 1/2 teaspoon black pepper (no FDC match for pepper) | lemon juice (missing quantity) | 1 tablespoon honey (no FDC match for honey) | Crispy Fried Garlic (for garnish) (missing quantity),"2 cups tapioca flour => tapioca flour [250.0g, FDC local:flour] | 500 Grams Shrimp (peeled and deveined) => shrimp [500.0g, FDC local:shrimp] | 500 Grams pork ((use pork loin), sliced into thick matchsticks) => pork into thick matchsticks [500.0g, FDC local:pork] | 1 tablespoon fish sauce (patis) => fish sauce [15.0g, FDC local:fish sauce] | 1 tablespoon sugar => sugar [12.5g, FDC local:sugar] | 1 tablespoon fish sauce (patis) => fish sauce [15.0g, FDC local:fish sauce] | 1 clove Garlic (minced or grated) => garlic [3.0g, FDC local:garlic]"
ph_881,544,30.2,12.7,43.3,4.5,1110,3.4,local_reference_ingredient_sum_draft,api_estimate,pending_review,"Draft only: summed local reference ingredient profiles and divided by source_servings=2.5. Reviewer must verify ingredient matches, edible yield, oil absorption, and serving size before marking reviewed.",draft_partial_match,9,1 to 2 pieces finger chilies (siling pangsigang) (sliced) (no FDC match for finger chilies) | Salt (to taste) (ignored seasoning/water),"200 Grams pork (use ground pork) => pork [200.0g, FDC local:pork] | 2 bundles kangkong (water spinach) leaves (stems only, sliced into 1/2-inch pieces) => kangkong leaves [300.0g, FDC local:spinach] | 2 tablespoons canola oil => cooking oil [27.2g, FDC local:cooking oil] | 2 tablespoons white onion (chopped) => onion [16.0g, FDC local:onion] | 1 tablespoon Garlic (chopped) => garlic [8.0g, FDC local:garlic] | 2 tablespoons ginger (grated) => ginger [16.0g, FDC local:ginger] | 2 tablespoons Bagoong (Shrimp Paste) => shrimp paste [34.0g, FDC local:shrimp paste] | 1/2 Cup coconut milk (gata) => coconut milk [120.0g, FDC local:coconut milk] | 1/4 Cup coconut cream (kakang gata) => coconut cream [60.0g, FDC local:coconut cream]"
ph_883,451,32.9,18.3,26.9,5.3,803,5.2,local_reference_ingredient_sum_draft,api_estimate,pending_review,"Draft only: summed local reference ingredient profiles and divided by source_servings=3.5. Reviewer must verify ingredient matches, edible yield, oil absorption, and serving size before marking reviewed.",draft_partial_match,11,1 liter water (ignored seasoning/water) | 2 pieces finger chilies (siling pangsigang) (no FDC match for finger chilies) | 1 20-gram pack sinigang mix (no FDC match for - pack sinigang mix) | 1/2 Cup radish (labanos) (sliced) (no FDC match for radish) | 1 cip string beans (sitaw) (sliced) (no FDC match for cip string beans) | Salt (to taste) (ignored seasoning/water),"500 Grams salmon (use belly) => salmon [500.0g, FDC local:salmon] | 2 tablespoons vegetable oil => cooking oil [27.2g, FDC local:cooking oil] | 1 tablespoon Garlic (chopped) => garlic [8.0g, FDC local:garlic] | 2 tablespoons ginger (julienned) => ginger [16.0g, FDC local:ginger] | 1/3 Cup red onion (sliced into wedges) => onion [46.7g, FDC local:onion] | 3 Small tomatoes (sliced into wedges) => tomatoes [360.0g, FDC local:tomato] | 2 tablespoons fish sauce (patis) => fish sauce [30.0g, FDC local:fish sauce] | 1/2 Cup gabi (taro root) (peeled) => gabi [70.0g, FDC local:taro] | 1 bunch okra (trimmed) => okra [150.0g, FDC local:okra] | 1/2 Cup eggplant (sliced) => eggplant [70.0g, FDC local:eggplant] | 1 bunch kangkong (water spinach) leaves (leaves only) => kangkong leaves [150.0g, FDC local:spinach]"
ph_884,259,30.5,16.5,8.2,1.7,618,1.8,local_reference_ingredient_sum_draft,api_estimate,pending_review,"Draft only: summed local reference ingredient profiles and divided by source_servings=4. Reviewer must verify ingredient matches, edible yield, oil absorption, and serving size before marking reviewed.",draft_partial_match,10,"2 tablespoons sesame oil (divided) (no FDC match for sesame oil) | 1/3 Cup Leeks (thinly sliced,white part only) (no FDC match for leeks) | 1/2 Cup cashew nuts (roasted) (no FDC match for cashew nuts) | Salt (to taste) (ignored seasoning/water) | cilantro sprigs (to garnish) (missing quantity) | lime wedges (to serve (optional)) (missing quantity)","2 tablespoons vegetable oil => cooking oil [27.2g, FDC local:cooking oil] | 3 tablespoons onion (chopped) => onion [24.0g, FDC local:onion] | 2 tablespoons Garlic (chopped) => garlic [16.0g, FDC local:garlic] | 1/3 Cup ginger (julienned) => ginger [46.7g, FDC local:ginger] | 450 Grams Shrimp (peeled) => shrimp [450.0g, FDC local:shrimp] | 1 tablespoon white vinegar => vinegar [15.0g, FDC local:vinegar] | 1/4 cup plus 2 tablespoons Chinese soy sauce => plus chinese soy sauce [35.0g, FDC local:soy sauce] | 150 Grams rice noodles (soaked in water for 15 to 20 minutes, then drained) => rice noodles [150.0g, FDC local:noodles] | 1/4 Cup snow peas (sitsaro) => snow green peas [37.5g, FDC local:green peas] | 1/3 Cup carrot (julienned) => carrot [46.7g, FDC local:carrot]"
ph_885,432,5.8,20.6,39.3,3.1,495,4.1,local_reference_ingredient_sum_draft,api_estimate,pending_review,"Draft only: summed local reference ingredient profiles and divided by source_servings=2.5. Reviewer must verify ingredient matches, edible yield, oil absorption, and serving size before marking reviewed.",draft_partial_match,7,3 pieces tanigue (Spanish mackerel) (use tanigue steaks) (no FDC match for tanigue) | 1/4 Cup Leeks (sliced into 1 1/2-inch sticks) (no FDC match for leeks) | 1 piece green chili (siling tagalog) (no FDC match for chili) | Salt (to taste) (ignored seasoning/water),"2 tablespoons canola oil => cooking oil [27.2g, FDC local:cooking oil] | 1 tablspoon Garlic (chopped) => tablspoon garlic [100.0g, FDC local:garlic] | 1 1/2 tablespoons white onion (chopped) => onion [12.0g, FDC local:onion] | 1 1/2 tablespoons ginger (sliced) => ginger [12.0g, FDC local:ginger] | 1 tablespoon fish sauce (patis) => fish sauce [15.0g, FDC local:fish sauce] | 1/2 Cup coconut milk (gata) => coconut milk [120.0g, FDC local:coconut milk] | 1/2 Cup coconut cream (kakang gata) => coconut cream [120.0g, FDC local:coconut cream]"
ph_887,399,27.5,21.3,21.8,0.5,1644,19.1,local_reference_ingredient_sum_draft,api_estimate,pending_review,"Draft only: summed local reference ingredient profiles and divided by source_servings=4. Reviewer must verify ingredient matches, edible yield, oil absorption, and serving size before marking reviewed.",draft_partial_match,9,cilantro sprigs (for garnish) (missing quantity) | 1/4 Cup lemon juice (no FDC match for lemon juice) | 200 ml coconut milk (gata) (unsupported unit ml) | 3 tablespoons lemon juice (no FDC match for lemon juice) | 1 bulb lemongrass (tanglad) (pounded (optional)) (no FDC match for bulb lemongrass),"400 Grams Beef ((use beef striploin), sliced into 1-inch strips) => beef into -inch strips [400.0g, FDC local:beef] | 1 medium red onion (sliced into 16 wedges) => onion [110.0g, FDC local:onion] | 2 tablespoons vegetable oil => cooking oil [27.2g, FDC local:cooking oil] | 1/4 Cup fish sauce (patis) => fish sauce [35.0g, FDC local:fish sauce] | 2 1/2 tablespoons brown sugar => brown sugar [31.2g, FDC local:sugar] | 2 teaspoons Garlic (chopped) => garlic [5.3g, FDC local:garlic] | 3 tablespoons fish sauce (patis) => fish sauce [45.0g, FDC local:fish sauce] | 3 tablespoons brown sugar => brown sugar [37.5g, FDC local:sugar] | 2 teaspoons Garlic (chopped) => garlic [5.3g, FDC local:garlic]"
ph_888,169,14.8,5.3,9.6,0.8,1002,1.5,local_reference_ingredient_sum_draft,api_estimate,pending_review,"Draft only: summed local reference ingredient profiles and divided by source_servings=8. Reviewer must verify ingredient matches, edible yield, oil absorption, and serving size before marking reviewed.",draft_partial_match,11,Salt (to taste) (ignored seasoning/water) | 3 bay leaf (no FDC match for bay leaf) | 1/4 Cup water (ignored seasoning/water) | 1 teaspoon black pepper (no FDC match for pepper) | 1 teaspoon Salt (ignored seasoning/water),"300 Grams pork (use ground pork) => pork [300.0g, FDC local:pork] | 2 tablespoons carrot (grated) => carrot [16.0g, FDC local:carrot] | 2 tablespoons white onion (chopped) => onion [16.0g, FDC local:onion] | 2 teaspoons Garlic (minced) => garlic [5.3g, FDC local:garlic] | 1 medium Egg => egg [50.0g, FDC local:egg] | 1 kilo Squid (Pusit) (cleaned, with ink sacs left on) => kilo squid [100.0g, FDC local:squid] | 2 tablespoons vegetable oil => cooking oil [27.2g, FDC local:cooking oil] | 2 medium onion => onion [220.0g, FDC local:onion] | 6 cloves Garlic (crushed) => garlic [18.0g, FDC local:garlic] | 1 Cup Soy Sauce => soy sauce [140.0g, FDC local:soy sauce] | 1/2 Cup Vinegar => vinegar [70.0g, FDC local:vinegar]"
ph_889,185,31.6,3.4,4.0,0.2,76,0.2,local_reference_ingredient_sum_draft,api_estimate,pending_review,"Draft only: summed local reference ingredient profiles and divided by source_servings=4. Reviewer must verify ingredient matches, edible yield, oil absorption, and serving size before marking reviewed.",draft_partial_match,5,"1 2-inch piece turmeric (luyang dilaw) (no FDC match for -inch turmeric) | 6 stalks lemongrass (tanglad) (white, fleshy part only) (no FDC match for stalks lemongrass) | 2 tablespoons sea salt (no FDC match for sea salt) | 1 1/2 teaspoons black pepper (no FDC match for pepper) | 2 tablespoons coconut oil (plus extra for brushing) (no FDC match for coconut oil) | 1 tablespoon Calamansi Juice (no FDC match for calamansi juice)","1 thumb-sized piece ginger => -sized ginger [15.0g, FDC local:ginger] | 4 tablespoons Garlic (chopped) => garlic [32.0g, FDC local:garlic] | 1/2 teaspoon Achuete Powder (annatto powder) => achuete powder [1.3g, FDC local:annatto oil] | 3 tablespoons pure vinegar (sukang tuba) => pure vinegar [45.0g, FDC local:vinegar] | 4 Chicken ((use fillets), bone-in, skinless) => chicken bone-in skinless [400.0g, FDC local:chicken]"
ph_890,82,6.3,9.0,2.6,0.6,1287,4.9,local_reference_ingredient_sum_draft,api_estimate,pending_review,"Draft only: summed local reference ingredient profiles and divided by source_servings=2. Reviewer must verify ingredient matches, edible yield, oil absorption, and serving size before marking reviewed.",draft_partial_match,7,2 pieces bay leaf (no FDC match for bay leaf) | 2 tablespoons water (Optional) (no FDC match for water) | kinchay (parsley) (for garnish) (missing quantity),"1 300 gram pack tofu (tokwa) (sliced) => pack tofu [100.0g, FDC local:tofu] | 1/3 Cup Soy Sauce => soy sauce [46.7g, FDC local:soy sauce] | 1/3 Cup white vinegar => vinegar [46.7g, FDC local:vinegar] | 1 tablespoon Garlic (chopped) => garlic [8.0g, FDC local:garlic] | 1 tablespoon peppercorns => peppercorns [8.0g, FDC local:corn] | 2 teaspoons brown sugar => brown sugar [8.3g, FDC local:sugar] | 1 to 2 teaspoons Potato starch (diluted in water) => potato starch [4.0g, FDC local:potato]"
ph_891,109,9.0,9.0,3.7,0.6,501,0.4,local_reference_ingredient_sum_draft,api_estimate,pending_review,"Draft only: summed local reference ingredient profiles and divided by source_servings=4. Reviewer must verify ingredient matches, edible yield, oil absorption, and serving size before marking reviewed.",draft_partial_match,4,Salt (to taste) (ignored seasoning/water),"1 kilo pork (sliced into 2-inch pieces) => kilo pork [100.0g, FDC local:pork] | 2 heads Garlic (cloves separated) => garlic [100.0g, FDC local:garlic] | 1 Cup Vinegar => vinegar [140.0g, FDC local:vinegar] | 1/4 Cup Soy Sauce => soy sauce [35.0g, FDC local:soy sauce]"
ph_892,772,60.3,16.2,51.0,0.6,753,0.9,local_reference_ingredient_sum_draft,api_estimate,pending_review,"Draft only: summed local reference ingredient profiles and divided by source_servings=3.5. Reviewer must verify ingredient matches, edible yield, oil absorption, and serving size before marking reviewed.",draft_partial_match,10,Salt (to taste) (ignored seasoning/water) | spring onions (for garnish) (missing quantity),"10 tablespoons canola oil => cooking oil [136.0g, FDC local:cooking oil] | 2 tablespoons white onion (chopped) => onion [16.0g, FDC local:onion] | 2 tablespoon Garlic (chopped) => garlic [16.0g, FDC local:garlic] | 2 tablespoons ginger (julienned) => ginger [16.0g, FDC local:ginger] | 1 1/2 tablespoons fish sauce (patis) => fish sauce [22.5g, FDC local:fish sauce] | 1/2 Cup long-grain rice => -grain rice [120.0g, FDC local:rice] | 4 cups chicken stock => chicken stock [560.0g, FDC local:chicken] | 1/2 piece chicken bouillon cube => chicken bouillon cube [50.0g, FDC local:broth] | 4-5 eggs => eggs [225.0g, FDC local:egg] | 8-12 cloves Garlic ((minced), for garnish) => garlic for garnish [30.0g, FDC local:garlic]"
ph_893,238,2.8,12.0,21.8,2.9,18,4.5,local_reference_ingredient_sum_draft,api_estimate,pending_review,"Draft only: summed local reference ingredient profiles and divided by source_servings=4. Reviewer must verify ingredient matches, edible yield, oil absorption, and serving size before marking reviewed.",draft_partial_match,3,1/2 kilo Galunggong (Mackerel) (cleaned) (no FDC match for kilo galunggong) | 3 pieces lady finger green chilies (no FDC match for lady finger chilies) | Salt (to taste) (ignored seasoning/water),"1 1/2 Cup coconut milk (gata) => coconut milk [360.0g, FDC local:coconut milk] | 1 1-inch piece ginger (sliced) => -inch ginger [100.0g, FDC local:ginger] | 1 medium onion (sliced) => onion [110.0g, FDC local:onion]"
ph_895,314,33.7,4.9,17.5,0.6,1023,0.7,local_reference_ingredient_sum_draft,api_estimate,pending_review,"Draft only: summed local reference ingredient profiles and divided by source_servings=2. Reviewer must verify ingredient matches, edible yield, oil absorption, and serving size before marking reviewed.",draft_partial_match,8,Salt (to taste) (ignored seasoning/water) | 4 to 5 cups water (no FDC match for water) | 1/2 Cup green papaya (sliced) (no FDC match for papaya) | Salt (to taste) (ignored seasoning/water),"2 Chicken ((use leg quarters), cut) => chicken cut [200.0g, FDC local:chicken] | 2 tablespoons canola oil => cooking oil [27.2g, FDC local:cooking oil] | 1 tablespoon white onion (chopped) => onion [8.0g, FDC local:onion] | 1 tablespoon Garlic (chopped) => garlic [8.0g, FDC local:garlic] | 2 tablespoons ginger (julienned) => ginger [16.0g, FDC local:ginger] | 1 1/2 tablespoons fish sauce (patis) => fish sauce [22.5g, FDC local:fish sauce] | 1/2 cube chicken bouillon cube => cube chicken bouillon cube [50.0g, FDC local:broth] | 1 Cup malunggay leaves (moringa) => moringa leaves leaves [30.0g, FDC local:moringa leaves]"
ph_896,462,17.6,34.7,28.2,0.1,49,33.4,local_reference_ingredient_sum_draft,api_estimate,pending_review,"Draft only: summed local reference ingredient profiles and divided by source_servings=3. Reviewer must verify ingredient matches, edible yield, oil absorption, and serving size before marking reviewed.",draft_partial_match,5,"3 tablespoons water (no FDC match for water) | 2 shallots (sibuyas Tagalog) (no FDC match for shallots) | 2 red chili pepper (siling labuyo) (no FDC match for chili pepper) | 6 stalks lemongrass (tanglad) ((white and light green parts), chopped, plus 7 to 8 extra stalks for skewering) (no FDC match for stalks lemongrass plus to extra stalks for skewering) | fish sauce (patis) (to season) (missing quantity) | 1/2 Cup bottled tamarind paste ((we used Thai Heritage)) (no FDC match for bottled tamarind paste) | 1/2 Cup apple juice (no FDC match for apple juice) | shallots (sibuyas Tagalog) (fried to a crisp) (missing quantity)","3 tablespoons sugar => sugar [37.5g, FDC local:sugar] | 4 cloves Garlic => garlic [12.0g, FDC local:garlic] | 1/4 Cup vegetable oil => cooking oil [54.5g, FDC local:cooking oil] | 200 Grams Beef ((use tenderloin), cubed) => beef [200.0g, FDC local:beef] | 1/2 Cup Palm sugar => palm sugar [62.5g, FDC local:sugar]"
ph_897,222,11.5,28.1,6.9,1.4,77,0.8,local_reference_ingredient_sum_draft,api_estimate,pending_review,"Draft only: summed local reference ingredient profiles and divided by source_servings=2. Reviewer must verify ingredient matches, edible yield, oil absorption, and serving size before marking reviewed.",draft_partial_match,4,water (for poaching) (ignored seasoning/water) | pinch Salt (missing quantity) | 1/4 Cup olive oil (no FDC match for olive oil) | Salt (to taste) (ignored seasoning/water) | 1/2 Cup adobo flakes (no FDC match for adobo flakes) | garlic flakes (thinly sliced) (missing quantity) | red pepper flakes (for garnish) (missing quantity) | Breadsticks (to serve) (missing quantity),"2 teaspoons Vinegar => vinegar [10.0g, FDC local:vinegar] | 2 pieces Egg (Chilled) => egg [100.0g, FDC local:egg] | 5 cloves Garlic (minced) => garlic [15.0g, FDC local:garlic] | 200 Grams spaghetti noodles (cooked according to package directions) => spaghetti noodles [200.0g, FDC local:noodles]"
ph_898,117,6.8,21.5,2.1,2.4,14,4.6,local_reference_ingredient_sum_draft,api_estimate,pending_review,"Draft only: summed local reference ingredient profiles and divided by source_servings=8. Reviewer must verify ingredient matches, edible yield, oil absorption, and serving size before marking reviewed.",draft_partial_match,5,2 tablespoons Oil (no FDC match for oil) | 5 cups water (ignored seasoning/water) | Salt (to taste) (ignored seasoning/water) | spring onions (for garnish) (missing quantity),"2 cloves Garlic (minced) => garlic [6.0g, FDC local:garlic] | 2 tablespoons onion (chopped) => onion [16.0g, FDC local:onion] | 8 ears Japanese corn (grated off the cobs) => ears japanese corn [800.0g, FDC local:corn] | 1/4 Cup pork (use ground pork) => pork [35.0g, FDC local:pork] | 1/2 Cup Shrimp => shrimp [70.0g, FDC local:shrimp]"
ph_899,569,11.1,21.1,52.7,4.9,930,12.0,local_reference_ingredient_sum_draft,api_estimate,pending_review,"Draft only: summed local reference ingredient profiles and divided by source_servings=4. Reviewer must verify ingredient matches, edible yield, oil absorption, and serving size before marking reviewed.",draft_partial_match,8,Salt (to taste) (ignored seasoning/water) | 5 pieces Red Pepper Chilies (Siling Labuyo) (sliced) (no FDC match for pepper chilies),"1 kilo unripe jackfruit (langka) (sliced) => kilo unripe jackfruit [100.0g, FDC local:jackfruit] | 2 tablespoons cooking oil => cooking oil [27.2g, FDC local:cooking oil] | 5 cloves Garlic (minced) => garlic [15.0g, FDC local:garlic] | 1 tablespoon ginger => ginger [8.0g, FDC local:ginger] | 1 medium-sized onion (sliced) => -sized onion [110.0g, FDC local:onion] | 3 tablespoons shrimp paste (bagoong alamang) => shrimp paste [51.0g, FDC local:shrimp paste] | 1/2 kilo pork ((use kasim), cut into 1/2-inch cubes) => kilo pork [50.0g, FDC local:pork] | 3 cups fresh coconut milk (gata) => coconut milk [720.0g, FDC local:coconut milk]"
ph_900,229,14.8,27.0,8.5,5.3,830,4.1,local_reference_ingredient_sum_draft,api_estimate,pending_review,"Draft only: summed local reference ingredient profiles and divided by source_servings=6. Reviewer must verify ingredient matches, edible yield, oil absorption, and serving size before marking reviewed.",draft_partial_match,11,3 medium native ampalaya (seeded and sliced into half-moons) (no FDC match for native ampalaya) | 1/4 kilo yard-long beans (sitaw) (cut into 3-inch pieces) (no FDC match for kilo yard- beans) | 4 winged beans (sigarilyas) (sliced into 1/2-inch pieces) (no FDC match for winged beans) | 1 Cup chicharon (for topping) (no FDC match for chicharon),"3 medium sweet potato (kamote) (peeled and sliced into 1-inch cubes) => sweet potato [510.0g, FDC local:potato] | 1/4 kilo squash (kalabasa) (peeled and cubed) => kilo squash [25.0g, FDC local:squash] | 3 tablespoons vegetable oil => cooking oil [40.8g, FDC local:cooking oil] | 2 cloves Garlic (minced) => garlic [6.0g, FDC local:garlic] | 1 medium red onion (minced) => onion [110.0g, FDC local:onion] | 2 medium tomatoes (chopped) => tomatoes [240.0g, FDC local:tomato] | 6 pieces Shrimp => shrimp [120.0g, FDC local:shrimp] | 4 native native eggplants (sliced into half-moons) => native native eggplants [200.0g, FDC local:eggplant] | 8 okra (sliced into 1-inch pieces) => okra [96.0g, FDC local:okra] | 3 bunga ng malunggay (sliced into 1-inch pieces) => bunga ng moringa leaves [300.0g, FDC local:moringa leaves] | 4 tablespoons bagoong balayan => shrimp paste balayan [68.0g, FDC local:shrimp paste]"
ph_901,697,18.5,6.6,65.7,0.6,2420,1.6,local_reference_ingredient_sum_draft,api_estimate,pending_review,"Draft only: summed local reference ingredient profiles and divided by source_servings=2.5. Reviewer must verify ingredient matches, edible yield, oil absorption, and serving size before marking reviewed.",draft_partial_match,5,"3 tablespoons Oil (no FDC match for oil) | 1/2 Cup water (ignored seasoning/water) | Salt (ignored seasoning/water) | 1 red chili pepper (siling labuyo) (seeded and chopped) (no FDC match for chili pepper) | Oil (for deep-frying) (ignored frying oil reserve) | eggplant ((chooped and grilled), to serve (optional)) (missing quantity)","1/3 Cup onion => onion [46.7g, FDC local:onion] | 1/3 Cup tomatoes (chopped and seeded) => tomatoes [46.7g, FDC local:tomato] | 2 teaspoons Garlic => garlic [5.3g, FDC local:garlic] | 5 tablespoons bagoong alamang => shrimp paste [85.0g, FDC local:shrimp paste] | 300 Grams Lechon Liempo (sliced into 8 pieces) => lechon liempo [300.0g, FDC local:pork belly]"
ph_902,192,9.7,5.3,14.4,0.7,1066,0.6,local_reference_ingredient_sum_draft,api_estimate,pending_review,"Draft only: summed local reference ingredient profiles and divided by source_servings=4.5. Reviewer must verify ingredient matches, edible yield, oil absorption, and serving size before marking reviewed.",draft_partial_match,11,2 tablespoons Calamansi Juice (no FDC match for calamansi juice) | Pepper (ignored seasoning/water) | 1-2 pieces siling labuyo (birds eye chili) (chopped finely) (no FDC match for siling labuyo) | Pepper (ignored seasoning/water),"1 kilo pork ((use pork liempo (pork belly)), cut into half-inch thick slices) => kilo pork [100.0g, FDC local:pork] | 5 tablespoons Soy Sauce => soy sauce [75.0g, FDC local:soy sauce] | 1 tablespoon Knorr SavorRich Pork => knorr savorrich pork [8.0g, FDC local:pork] | 4 tablespoons Garlic (sliced) => garlic [32.0g, FDC local:garlic] | 1 tablespoon ginger (sliced thinly) => ginger [8.0g, FDC local:ginger] | 3 tablespoons canola oil => cooking oil [40.8g, FDC local:cooking oil] | 1/2 tablespoon Bagoong (Shrimp Paste) => shrimp paste [8.5g, FDC local:shrimp paste] | 1 Cup Vinegar (white or any vinegar) => vinegar [140.0g, FDC local:vinegar] | 2 tablespoons peanuts (ground or chopped finely) => peanuts [16.0g, FDC local:peanuts] | 1 tablespoon Garlic (minced) => garlic [8.0g, FDC local:garlic] | 1 tablespoon red onions (minced) => onions [8.0g, FDC local:onion]"
ph_903,419,44.3,26.4,14.5,9.3,94,4.9,local_reference_ingredient_sum_draft,api_estimate,pending_review,"Draft only: summed local reference ingredient profiles and divided by source_servings=4. Reviewer must verify ingredient matches, edible yield, oil absorption, and serving size before marking reviewed.",draft_partial_match,9,2 tablespoons Oil (no FDC match for oil) | Salt (to taste) (ignored seasoning/water) | Salt (to season) (ignored seasoning/water) | Oil (for deep-frying) (ignored frying oil reserve),"3 cups dried green mung beans (monggo) (washed and drained) => dried mung beans [420.0g, FDC local:mung beans] | 3 cloves Garlic (minced) => garlic [9.0g, FDC local:garlic] | 1 medium-sized white onion (chopped) => -sized onion [110.0g, FDC local:onion] | 2 tomatoes (chopped) => tomatoes [240.0g, FDC local:tomato] | 1/2 Cup Pork belly ((cubed pork belly (liempo) and shrimp, shelled with heads and tails removed) => pork belly and shrimp shelled with and tails removed [70.0g, FDC local:pork belly] | 3 cups chicken stock => chicken stock [420.0g, FDC local:chicken] | 1/4 Cup Vinegar => vinegar [35.0g, FDC local:vinegar] | 3 cloves Garlic (minced) => garlic [9.0g, FDC local:garlic] | 1/4 kilo pork ((use pork belly), cut into very thin slices (bacon-cut thickness)) => kilo pork [25.0g, FDC local:pork]"
ph_904,418,58.7,1.4,17.7,0.1,521,0.1,local_reference_ingredient_sum_draft,api_estimate,pending_review,"Draft only: summed local reference ingredient profiles and divided by source_servings=5. Reviewer must verify ingredient matches, edible yield, oil absorption, and serving size before marking reviewed.",draft_partial_match,6,1 bay leaf (no FDC match for bay leaf) | Salt (to season) (ignored seasoning/water) | vegetable oil (missing quantity) | Garlic (missing quantity),"500 Grams pork (sliced into 2-inch pieces) => pork [500.0g, FDC local:pork] | 500 Grams Chicken (sliced into serving pieces) => chicken [500.0g, FDC local:chicken] | 1/4 Cup Soy Sauce => soy sauce [35.0g, FDC local:soy sauce] | 1/2 Cup Vinegar => vinegar [70.0g, FDC local:vinegar] | 1 1/2 teaspoons peppercorns => peppercorns [4.0g, FDC local:corn] | 4 cloves Garlic (crushed) => garlic [12.0g, FDC local:garlic]"
ph_905,354,7.6,19.9,29.7,6.5,38,6.2,local_reference_ingredient_sum_draft,api_estimate,pending_review,"Draft only: summed local reference ingredient profiles and divided by source_servings=3. Reviewer must verify ingredient matches, edible yield, oil absorption, and serving size before marking reviewed.",draft_partial_match,9,Salt (to taste) (ignored seasoning/water) | Fried Pork Belly Slices (Chicharon) (Optional) (missing quantity),"1 Cup monggo beans (washed) => mung beans beans [140.0g, FDC local:mung beans] | 1 teaspoon vegetable oil => cooking oil [4.5g, FDC local:cooking oil] | 1 medium red onion (chopped) => onion [110.0g, FDC local:onion] | 1 1/2 teaspoon Garlic => garlic [4.0g, FDC local:garlic] | 1 native tomato (chopped) => native tomato [120.0g, FDC local:tomato] | 1 1/2 teaspoon flaked smoked fish (tinapa) => flaked smoked fish [4.0g, FDC local:fish] | 1 shrimp bouillon cube => shrimp bouillon cube [20.0g, FDC local:broth] | 1 Cup fresh coconut cream => coconut cream [240.0g, FDC local:coconut cream] | 1/4 Cup malunggay leaves (moringa) => moringa leaves leaves [7.5g, FDC local:moringa leaves]"
ph_906,705,27.9,111.6,15.6,3.2,3967,1.8,local_reference_ingredient_sum_draft,api_estimate,pending_review,"Draft only: summed local reference ingredient profiles and divided by source_servings=4. Reviewer must verify ingredient matches, edible yield, oil absorption, and serving size before marking reviewed.",draft_partial_match,8,1 1/2 kilos native duck (no FDC match for kilos native duck) | 1 tablespoon paprika (no FDC match for paprika) | 10 pieces bay leaf (no FDC match for bay leaf) | 4 tablespoons olive oil (no FDC match for olive oil) | 200 Grams Pickled Vegetables (Atsara) (to serve) (no FDC match for pickled vegetables) | 4 tablespoons Duck Meat Marinade (no FDC match for duck meat marinade) | 1 tablespoon salted butter (no FDC match for salted butter) | 1 tablespoon Truffle oil (no FDC match for truffle oil) | Salt (to taste) (ignored seasoning/water),"250 Grams Garlic (crushed) => garlic [250.0g, FDC local:garlic] | 1 tablespoon peppercorns (crushed) => peppercorns [8.0g, FDC local:corn] | 2 cups Soy Sauce => soy sauce [280.0g, FDC local:soy sauce] | 1 Cup Vinegar => vinegar [140.0g, FDC local:vinegar] | 2 tablespoons cooking oil => cooking oil [27.2g, FDC local:cooking oil] | 8 cloves Garlic (crushed) => garlic [24.0g, FDC local:garlic] | 5 cups Benguet Rice (steamed) => benguet rice [1200.0g, FDC local:rice] | 6 Egg (beaten) => egg [300.0g, FDC local:egg]"
ph_907,247,14.2,22.0,12.1,4.5,995,8.4,local_reference_ingredient_sum_draft,api_estimate,pending_review,"Draft only: summed local reference ingredient profiles and divided by source_servings=2. Reviewer must verify ingredient matches, edible yield, oil absorption, and serving size before marking reviewed.",draft_partial_match,8,1 piece bay leaf (no FDC match for bay leaf) | cornstarch (Optional) (missing quantity) | Salt (ignored seasoning/water) | spring onions (for garnish) (missing quantity),"250 Grams okra => okra [250.0g, FDC local:okra] | 1 tablespoon canola oil => cooking oil [13.6g, FDC local:cooking oil] | 2 tablespoons Garlic (chopped) => garlic [16.0g, FDC local:garlic] | 1/2 Cup pork (use ground pork) => pork [70.0g, FDC local:pork] | 1/4 Cup Soy Sauce => soy sauce [35.0g, FDC local:soy sauce] | 3 tablespoons Vinegar => vinegar [45.0g, FDC local:vinegar] | 1 tablespoon white sugar => sugar [12.5g, FDC local:sugar] | 2 tablespoons Garlic (chopped and fried to a crisp) => garlic [16.0g, FDC local:garlic]"
ph_908,230,15.6,27.7,5.9,1.5,505,2.2,local_reference_ingredient_sum_draft,api_estimate,pending_review,"Draft only: summed local reference ingredient profiles and divided by source_servings=10. Reviewer must verify ingredient matches, edible yield, oil absorption, and serving size before marking reviewed.",draft_partial_match,14,2 liters rice washing (hugas bigas) (unsupported unit liter) | 1/2 cup pepper leaves (dahon ng sili) (washed and soaked in water until ready to use) (no FDC match for pepper leaves),"1 tablespoon garlic => garlic [8.0g, FDC local:garlic] | 1 (2-inch) piece ginger (sliced thinly) => ginger [100.0g, FDC local:ginger] | 2 medium white onion (quartered) => onion [220.0g, FDC local:onion] | 300 grams chicken back bones (chopped into 3-inch pieces) => chicken back bones [300.0g, FDC local:chicken] | 2 tablespoons fish sauce (patis) => fish sauce [30.0g, FDC local:fish sauce] | 1/2 tablespoon peppercorns => peppercorns [4.0g, FDC local:corn] | 1 (1.2) kilo chicken (chopped into serving pieces) => kilo chicken [100.0g, FDC local:chicken] | 2 tablespoons fish sauce (patis) => fish sauce [30.0g, FDC local:fish sauce] | 1/4 cup garlic (divided) => garlic [35.0g, FDC local:garlic] | 1 tablespoon ginger ((minced), plus 3 tablespoons sliced ginger) => ginger plus ginger [8.0g, FDC local:ginger] | 3 tablespoons vegetable oil => cooking oil [40.8g, FDC local:cooking oil] | 3/4 cup white onion (sliced) => onion [105.0g, FDC local:onion] | 3 cups Japanese rice => japanese rice [720.0g, FDC local:rice] | 1 sayote (chayote) (sliced into 8 to 10 wedges and blanched) => sayote [200.0g, FDC local:sayote]"
ph_909,172,17.8,4.0,9.2,1.0,50,1.7,local_reference_ingredient_sum_draft,api_estimate,pending_review,"Draft only: summed local reference ingredient profiles and divided by source_servings=8. Reviewer must verify ingredient matches, edible yield, oil absorption, and serving size before marking reviewed.",draft_partial_match,9,"green onion ((chopped, for garnish), Chopped, for garnish) (missing quantity) | 1 tablespoon Butter (no FDC match for butter) | 1 tablespoon dried thyme leaves (no FDC match for dried thyme leaves) | 2 teaspoons black pepper (no FDC match for pepper) | Salt (ignored seasoning/water) | 1 Cup whipping cream (no FDC match for whipping cream)","2 kilos Beef (use bone-in beef shank (bulalo)) => kilos beef [200.0g, FDC local:beef] | 1/4 Cup carrot ((sliced), boiled) => carrot [35.0g, FDC local:carrot] | 1/4 Cup sayote (chayote) (boiled) => sayote [35.0g, FDC local:sayote] | 1/4 Cup Potatoes ((sliced), boiled) => potatoes [35.0g, FDC local:potato] | 3 cloves Garlic (chopped) => garlic [9.0g, FDC local:garlic] | 2 tablespoons white onion (chopped) => onion [16.0g, FDC local:onion] | 250 Grams fresh button mushrooms (chopped) => button mushrooms [250.0g, FDC local:mushroom] | 250 Grams fresh button mushrooms (chopped) => button mushrooms [250.0g, FDC local:mushroom] | 2 cups beef stock => beef stock [280.0g, FDC local:beef]"
ph_910,114,11.4,9.8,4.0,1.5,581,6.5,local_reference_ingredient_sum_draft,api_estimate,pending_review,"Draft only: summed local reference ingredient profiles and divided by source_servings=4. Reviewer must verify ingredient matches, edible yield, oil absorption, and serving size before marking reviewed.",draft_partial_match,10,2 pieces star anise (no FDC match for star anise) | water (ignored seasoning/water) | 1/4 Cup oyster sauce (no FDC match for oyster sauce) | Potato starch (missing quantity) | Salt (ignored seasoning/water) | 4 pieces mantou buns (no FDC match for mantou buns),"1 1.2 kilogram pig leg (rinsed and cut to your desired sizes) => kilogram pork [100.0g, FDC local:pork] | 1 tablespoon peppercorns => peppercorns [8.0g, FDC local:corn] | 1 tablespoon Garlic (chopped) => garlic [8.0g, FDC local:garlic] | 2 tablespoons white onion (chopped) => onion [16.0g, FDC local:onion] | 1/4 Cup Soy Sauce => soy sauce [35.0g, FDC local:soy sauce] | 1/8 Cup white sugar => sugar [15.6g, FDC local:sugar] | 1 cube pork bouillon cube => cube pork bouillon cube [100.0g, FDC local:broth] | 4 pieces dried black mushrooms (rehydrated in hot water) => dried mushrooms [400.0g, FDC local:mushroom] | 1 tablespoon white vinegar => vinegar [15.0g, FDC local:vinegar] | 100 Grams Bok Choy (Chinese leafy cabbage) (steamed) => bok choy [100.0g, FDC local:bok choy]"
ph_911,390,12.4,21.4,30.7,3.1,674,4.9,local_reference_ingredient_sum_draft,api_estimate,pending_review,"Draft only: summed local reference ingredient profiles and divided by source_servings=4. Reviewer must verify ingredient matches, edible yield, oil absorption, and serving size before marking reviewed.",draft_partial_match,7,"2 cups water (ignored seasoning/water) | 1 tablespoon Worcestershire sauce (no FDC match for worcestershire sauce) | 3 pieces star anise ((Optional)) (no FDC match for star anise) | 2 pieces bay leaf (no FDC match for bay leaf) | Salt (to taste) (ignored seasoning/water) | cilantro (wansoy) (for topping (optional)) (missing quantity) | shallots (sibuyas Tagalog) ((fried), for topping (optional)) (missing quantity) | rice ((steamed), to serve) (missing quantity)","1 1/2 tablespoons vegetable oil => cooking oil [20.4g, FDC local:cooking oil] | 1 kilo Beef ((use short ribs), sliced into 2-inch pieces and trimmed of fat) => kilo beef into -inch and trimmed of fat [100.0g, FDC local:beef] | 1 head Garlic (peeled and smashed) => garlic [50.0g, FDC local:garlic] | 1/3 Cup Soy Sauce => soy sauce [46.7g, FDC local:soy sauce] | 1/3 Cup Vinegar ((we used sukang paombong)) => vinegar [46.7g, FDC local:vinegar] | 12 pieces peppercorns => peppercorns [240.0g, FDC local:corn] | 1 Cup coconut cream (kakang gata) => coconut cream [240.0g, FDC local:coconut cream]"
ph_912,512,6.4,24.5,47.2,5.1,187,7.2,local_reference_ingredient_sum_draft,api_estimate,pending_review,"Draft only: summed local reference ingredient profiles and divided by source_servings=4. Reviewer must verify ingredient matches, edible yield, oil absorption, and serving size before marking reviewed.",draft_partial_match,9,"1 coconut (buko) ((use mature buko (niyog)), shredded) (no FDC match for coconut shredded) | 1 Cup water (warm) (ignored seasoning/water) | 1 kilo Prawns (Sugpo) (shelled and deveined with tails left on) (no FDC match for kilo prawns) | 5 yard-long beans (sitaw) (sliced into 2-inch lengths) (no FDC match for yard- beans) | 1 finger chilies (siling pangsigang) (no FDC match for finger chilies) | Salt (ignored seasoning/water) | rice (steamed) (missing quantity)","1 1/2 tablespoons vegetable oil => cooking oil [20.4g, FDC local:cooking oil] | 1 medium red onion (sliced thinly) => onion [110.0g, FDC local:onion] | 1 piece (2-inch) ginger (sliced into thin rounds) => ginger [100.0g, FDC local:ginger] | 3 cloves Garlic (minced) => garlic [9.0g, FDC local:garlic] | 1/2 tablespoon shrimp paste (bagoong alamang) => shrimp paste [8.5g, FDC local:shrimp paste] | 2 cups smoked coconut cream (pinausukang kakang gata) => smoked coconut cream [480.0g, FDC local:coconut cream] | 2 tablespoons Vinegar => vinegar [30.0g, FDC local:vinegar] | 1/2 shrimp bouillon cube => shrimp bouillon cube [10.0g, FDC local:broth] | 2 cups (about 300 grams) squash (kalabasa) (peeled and cubed) => squash [280.0g, FDC local:squash]"
ph_914,115,11.4,1.6,6.7,0.2,329,1.0,local_reference_ingredient_sum_draft,api_estimate,pending_review,"Draft only: summed local reference ingredient profiles and divided by source_servings=7. Reviewer must verify ingredient matches, edible yield, oil absorption, and serving size before marking reviewed.",draft_partial_match,9,1 piece bay leaf (no FDC match for bay leaf) | water (as needed) (ignored seasoning/water) | fish sauce (patis) (to taste) (missing quantity) | black pepper (to taste) (missing quantity) | 1/8 Cup Whole milk (no FDC match for milk) | 2 packs (180gram) tortilla chips (no FDC match for packs tortilla chips) | green onion (chopped (for garnish)) (missing quantity),"1/4 Cup Soy Sauce => soy sauce [35.0g, FDC local:soy sauce] | 1/8 Cup white vinegar => vinegar [17.5g, FDC local:vinegar] | 1 teaspoon sugar => sugar [4.2g, FDC local:sugar] | 1 teaspoon Garlic (chopped) => garlic [2.7g, FDC local:garlic] | 1/2 teaspoon peppercorns => peppercorns [1.3g, FDC local:corn] | 250 Grams pork (use ground pork) => pork [250.0g, FDC local:pork] | 1/2 Cup tomatoes (chopped) => tomatoes [70.0g, FDC local:tomato] | 1-2 tablespoons red onion (chopped) => onion [12.0g, FDC local:onion] | 1/4 Cup cheese sauce => cheese sauce [35.0g, FDC local:cheese]"
ph_915,33,3.8,3.7,0.2,0.5,7,2.2,local_reference_ingredient_sum_draft,api_estimate,pending_review,"Draft only: summed local reference ingredient profiles and divided by source_servings=4. Reviewer must verify ingredient matches, edible yield, oil absorption, and serving size before marking reviewed.",draft_partial_match,4,5 pieces finger chilies (siling pangsigang) (sliced) (no FDC match for finger chilies) | 1/4 Cup Calamansi Juice (no FDC match for calamansi juice) | Salt (to taste) (ignored seasoning/water) | Pepper (to taste) (ignored seasoning/water) | 1 piece red chili pepper (siling labuyo) (chopped) (no FDC match for chili pepper),"1/2 kilo sashimi-grade tuna => kilo sashimi-grade tuna [50.0g, FDC local:tuna] | 1 medium red onion (cubed) => onion [110.0g, FDC local:onion] | 1/4 Cup Coconut Palm Vinegar => coconut palm vinegar [35.0g, FDC local:vinegar] | 1 teaspoon brown sugar => brown sugar [4.2g, FDC local:sugar]"
ph_916,358,0.4,15.9,33.4,0.6,2,14.0,local_reference_ingredient_sum_draft,api_estimate,pending_review,"Draft only: summed local reference ingredient profiles and divided by source_servings=3. Reviewer must verify ingredient matches, edible yield, oil absorption, and serving size before marking reviewed.",draft_partial_match,3,1 Cup leftover adobo (no FDC match for leftover adobo) | 3 tablespoons barbecue sauce (no FDC match for barbecue sauce) | 3 tablespoons leftover adobo sauce (no FDC match for leftover adobo sauce) | Salt (to taste) (ignored seasoning/water) | Pepper (to taste) (ignored seasoning/water) | 3 pieces Pandesal (sliced in half and toasted) (no FDC match for pandesal) | tomatoes (sliced) (missing quantity),"1 Table Spoon vegetable oil => table spoon cooking oil [100.0g, FDC local:cooking oil] | 1 medium white onion (sliced) => onion [110.0g, FDC local:onion] | 3 tablespoons brown sugar => brown sugar [37.5g, FDC local:sugar]"
ph_917,294,2.6,15.4,25.7,2.4,44,3.6,local_reference_ingredient_sum_draft,api_estimate,pending_review,"Draft only: summed local reference ingredient profiles and divided by source_servings=4. Reviewer must verify ingredient matches, edible yield, oil absorption, and serving size before marking reviewed.",draft_partial_match,9,"shrimp juice ((see tip)) (missing quantity) | 1/4 kilo cream dory ((use fillet), sliced into cubes) (no FDC match for kilo cream dory into cubes) | 1 Cup water (ignored seasoning/water) | Salt (to taste) (ignored seasoning/water) | Pepper (to taste) (ignored seasoning/water)","1 pack (500 gram) fresh egg noodles (pancit canton) => pack egg noodles [50.0g, FDC local:noodles] | 1 Table Spoon vegetable oil => table spoon cooking oil [100.0g, FDC local:cooking oil] | 2 cloves Garlic (minced) => garlic [6.0g, FDC local:garlic] | 1 piece (1-inch) ginger (sliced) => ginger [100.0g, FDC local:ginger] | 1 medium onion (chopped) => onion [110.0g, FDC local:onion] | 1/4 kilo Shrimp (shelled,heads removed,a nd deveined) => kilo shrimp [5.0g, FDC local:shrimp] | 2 piece carrot (julienned) => carrot [120.0g, FDC local:carrot] | 1 head Baguio pechay (sliced) => baguio bok choy [100.0g, FDC local:bok choy] | 3 tablespoons cornstarch => cornstarch [24.0g, FDC local:corn]"
ph_918,987,32.9,48.2,76.6,7.7,1295,7.1,local_reference_ingredient_sum_draft,api_estimate,pending_review,"Draft only: summed local reference ingredient profiles and divided by source_servings=4. Reviewer must verify ingredient matches, edible yield, oil absorption, and serving size before marking reviewed.",draft_partial_match,11,"1 Small puso ng saging (banana blossom) (no FDC match for puso ng saging) | 1 bundle string beans (sitaw) (cut into 2-inch pieces) (no FDC match for string beans) | 4 cups water (ignored seasoning/water) | Salt (to taste) (ignored seasoning/water) | Pepper (to taste) (ignored seasoning/water) | white rice ((steamed), to serve) (missing quantity)","1 Table Spoon vegetable oil => table spoon cooking oil [100.0g, FDC local:cooking oil] | 1 Table Spoon Garlic (minced) => table spoon garlic [100.0g, FDC local:garlic] | 1 large onion (chopped) => onion [110.0g, FDC local:onion] | 4 pieces eggplant (sliced) => eggplant [200.0g, FDC local:eggplant] | 1/2 Cup Achuete Seeds (annatto seeds) (soaked in 1 cup water) => achuete seeds [70.0g, FDC local:annatto oil] | 1/2 Cup peanut butter => peanut butter [70.0g, FDC local:peanut butter] | 2 kilos salmon head (cleaned) => kilos salmon [200.0g, FDC local:salmon] | 1 Cup peanuts ((use ground peanuts), peanuts) => peanuts peanuts [140.0g, FDC local:peanuts] | 1/2 Cup rice flour => rice flour [120.0g, FDC local:flour] | 1 bundle pechay leaves => bok choy leaves [150.0g, FDC local:bok choy] | 1/2 Cup shrimp paste (bagoong alamang) (to serve) => shrimp paste [70.0g, FDC local:shrimp paste]"
ph_919,163,24.2,8.6,3.2,0.9,1449,1.5,local_reference_ingredient_sum_draft,api_estimate,pending_review,"Draft only: summed local reference ingredient profiles and divided by source_servings=4. Reviewer must verify ingredient matches, edible yield, oil absorption, and serving size before marking reviewed.",draft_partial_match,8,lemon juice (missing quantity) | vegetable oil (for frying) (ignored frying oil reserve) | Squid (Pusit) (missing quantity) | 500 Grams Scad (Galunggong) (fried and flaked) (no FDC match for scad) | lemon juice (missing quantity) | Salt (to taste) (ignored seasoning/water) | Pepper (to taste) (ignored seasoning/water),"500 Grams Squid (Pusit) ((around 10 to 12 pieces), cleaned and tentacles reserved) => squid and tentacles reserved [500.0g, FDC local:squid] | 2 cloves Garlic (minced) => garlic [6.0g, FDC local:garlic] | 1/2 medium onion (minced) => onion [55.0g, FDC local:onion] | 1 medium tomatoes (diced) => tomatoes [120.0g, FDC local:tomato] | 1/2 Cup malunggay leaves (moringa) (blanched) => moringa leaves leaves [15.0g, FDC local:moringa leaves] | 1/4 Cup malunggay seeds (scraped from pods (optional)) => moringa leaves seeds [7.5g, FDC local:moringa leaves] | 1 Table Spoon Soy Sauce => table spoon soy sauce [100.0g, FDC local:soy sauce] | 1 large Egg => egg [50.0g, FDC local:egg]"
ph_920,365,8.8,26.7,26.1,3.3,25,19.9,local_reference_ingredient_sum_draft,api_estimate,pending_review,"Draft only: summed local reference ingredient profiles and divided by source_servings=4. Reviewer must verify ingredient matches, edible yield, oil absorption, and serving size before marking reviewed.",draft_partial_match,7,1 40-gram pack tamarind base powder (sinigang mix) (no FDC match for - pack tamarind base powder) | 1 Cup water (ignored seasoning/water) | Salt (ignored seasoning/water) | 2 pieces calamansi (juiced) (no FDC match for calamansi) | 2 stalks lemongrass (tanglad) (smashed) (no FDC match for stalks lemongrass) | atsara (no FDC match for tsara),"1 Table Spoon vegetable oil => table spoon cooking oil [100.0g, FDC local:cooking oil] | 1 onion (chopped) => onion [110.0g, FDC local:onion] | 4 tablespoons sugar => sugar [50.0g, FDC local:sugar] | 2 onion (chopped) => onion [220.0g, FDC local:onion] | 5 red tomatoes (chopped) => tomatoes [600.0g, FDC local:tomato] | 2 tablespoons ginger (minced) => ginger [16.0g, FDC local:ginger] | 1 kilo tilapia (cleaned) => kilo tilapia [100.0g, FDC local:tilapia]"
ph_921,361,30.3,5.5,23.0,0.5,532,3.9,local_reference_ingredient_sum_draft,api_estimate,pending_review,"Draft only: summed local reference ingredient profiles and divided by source_servings=3.5. Reviewer must verify ingredient matches, edible yield, oil absorption, and serving size before marking reviewed.",draft_partial_match,5,3 tablespoons tamarind concentrate (no FDC match for tamarind concentrate) | 3 stalks lemongrass (tanglad) (sliced diagonally) (no FDC match for stalks lemongrass) | 2 green finger chili (siling pangsigang) (sliced diagonally) (no FDC match for finger chili) | 3 kaffir lime leaf (each leaf sliced diagonally into four) (no FDC match for kaffir lime leaf),"400 Grams Beef (use tenderloin) => beef [400.0g, FDC local:beef] | 4 teaspoons fish sauce (patis) => fish sauce [20.0g, FDC local:fish sauce] | 2 teaspoons brown sugar => brown sugar [8.3g, FDC local:sugar] | 1-2 tablespoons vegetable oil => cooking oil [20.4g, FDC local:cooking oil] | 1 white onion (sliced) => onion [110.0g, FDC local:onion]"
ph_922,192,31.9,5.9,3.6,0.1,989,4.9,local_reference_ingredient_sum_draft,api_estimate,pending_review,"Draft only: summed local reference ingredient profiles and divided by source_servings=5. Reviewer must verify ingredient matches, edible yield, oil absorption, and serving size before marking reviewed.",draft_partial_match,9,1/4 Cup lemongrass (tanglad) (finely chopped) (no FDC match for lemongrass) | 1 pinch Salt (no FDC match for pinch salt) | 1/3 Cup honey (to taste) (no FDC match for honey) | 2 teaspoons sesame oil (no FDC match for sesame oil) | 1 1/2 teaspoons five-spice powder (no FDC match for five-spice powder) | 1/4 Cup water (ignored seasoning/water) | 1/4 Cup honey (no FDC match for honey) | 2 pieces calamansi (juiced) (no FDC match for calamansi) | 1 red chili pepper (siling labuyo) (chopped) (no FDC match for chili pepper),"1 tablespoon Garlic (chopped) => garlic [8.0g, FDC local:garlic] | 1 1/2 tablespoons Soy Sauce => soy sauce [22.5g, FDC local:soy sauce] | 1 teaspoon sugar => sugar [4.2g, FDC local:sugar] | 1 teaspoon fish sauce (patis) => fish sauce [5.0g, FDC local:fish sauce] | 500 Grams Chicken (use boneless chicken thighs) => chicken [500.0g, FDC local:chicken] | 1 tablespoon Vinegar => vinegar [15.0g, FDC local:vinegar] | 2 1/2 tablespoons fish sauce (patis) => fish sauce [37.5g, FDC local:fish sauce] | 1 1/2 tablespoons sugar => sugar [18.8g, FDC local:sugar] | 1 1/2 teaspoons Garlic (chopped) => garlic [4.0g, FDC local:garlic]"
ph_923,163,9.6,24.4,4.0,3.7,114,4.8,local_reference_ingredient_sum_draft,api_estimate,pending_review,"Draft only: summed local reference ingredient profiles and divided by source_servings=5. Reviewer must verify ingredient matches, edible yield, oil absorption, and serving size before marking reviewed.",draft_partial_match,9,Oil (for sauteing) (missing quantity) | 1 Cup Leeks (sliced) (no FDC match for leeks) | 4 stalks lemongrass (tanglad) (smashed) (no FDC match for stalks lemongrass) | 1 Cup Fresh Bamboo Shoots (no FDC match for bamboo shoots) | Salt (to taste) (ignored seasoning/water) | Soy Sauce (to serve) (missing quantity),"1 kilo Beef (use shank with bone marrow) => kilo beef [100.0g, FDC local:beef] | 1 onion (quartered) => onion [110.0g, FDC local:onion] | 10 cloves Garlic (smashed) => garlic [30.0g, FDC local:garlic] | 1 (1-inch) piece ginger (peeled) => ginger [100.0g, FDC local:ginger] | 2 ears fresh sweet corn (sliced into 2 cobs) => ears sweet corn [200.0g, FDC local:corn] | 1 beef bouillon cube => beef bouillon cube [100.0g, FDC local:broth] | 1 Potatoes (peeled and sliced in half) => potatoes [170.0g, FDC local:potato] | 2 bunches pechay leaves => bok choy leaves [300.0g, FDC local:bok choy] | 1 cabbage (quartered) => cabbage [100.0g, FDC local:cabbage]"
ph_924,330,25.2,34.7,9.9,4.1,311,10.1,local_reference_ingredient_sum_draft,api_estimate,pending_review,"Draft only: summed local reference ingredient profiles and divided by source_servings=7. Reviewer must verify ingredient matches, edible yield, oil absorption, and serving size before marking reviewed.",draft_partial_match,13,3/4 Cup Whole milk (no FDC match for milk) | 1/2 Cup water (ignored seasoning/water) | 2 tablespoons Butter (melted) (no FDC match for butter) | 1 pinch Salt (no FDC match for pinch salt) | vegetable oil (for frying) (ignored frying oil reserve) | 1/4 kilo coconut palm (ubod) (shredded and placed in a bowl of water until ready to cook) (no FDC match for kilo coconut palm) | Salt (to taste) (ignored seasoning/water) | 1 teaspoon Salt (or to taste) (ignored seasoning/water) | 6-8 lettuce leaves (no FDC match for lettuce leaves) | store-bought toasted garlic chips (missing quantity) | roasted peanuts (crushed) (missing quantity),"2 Egg => egg [100.0g, FDC local:egg] | 1 Cup all-purpose flour => all-purpose flour [125.0g, FDC local:flour] | 2 tablespoons green onion (chopped) => onion [16.0g, FDC local:onion] | 2 tablespoons vegetable oil => cooking oil [27.2g, FDC local:cooking oil] | 1 Small onion (thinly sliced) => onion [110.0g, FDC local:onion] | 1 clove Garlic (crushed) => garlic [3.0g, FDC local:garlic] | 1 Cup pork (use ground pork) => pork [140.0g, FDC local:pork] | 4 tablespoons Shrimp (peeled and chopped) => shrimp [32.0g, FDC local:shrimp] | 2 cups chicken stock => chicken stock [280.0g, FDC local:chicken] | 2 teaspoons sugar (or to taste) => sugar [8.3g, FDC local:sugar] | 2 tablespoons Soy Sauce => soy sauce [30.0g, FDC local:soy sauce] | 1 tablespoon cornstarch (dissolved in 3 tablespoons cold water) => cornstarch [8.0g, FDC local:corn] | 12 stalks green onion => stalks onion [1320.0g, FDC local:onion]"
ph_925,636,6.9,68.5,40.7,6.4,32,36.4,local_reference_ingredient_sum_draft,api_estimate,pending_review,"Draft only: summed local reference ingredient profiles and divided by source_servings=5. Reviewer must verify ingredient matches, edible yield, oil absorption, and serving size before marking reviewed.",draft_partial_match,6,"1/3 Cup ube halaya jam (no FDC match for ube halaya jam) | 2 cups water (ignored seasoning/water) | 1 1/4 cups banana ((plantain), diced into 1/2-inch cubes) (no FDC match for banana into -inch cubes) | 2 cups tapioca pearls (sago) (no FDC match for tapioca pearls)","1 Cup Glutinous Rice Dough (Galapong) => glutinous rice dough [240.0g, FDC local:rice] | 3 1/2 cups coconut milk (gata) (divided) => coconut milk [840.0g, FDC local:coconut milk] | 1 1/2 cups sweet potato (kamote) (diced into 1/2-inch cubes) => sweet potato [210.0g, FDC local:potato] | 1 Cup taro root (gabi) (diced into 1/2-inch cubes) => taro root [140.0g, FDC local:taro] | 1 Cup white sugar => sugar [125.0g, FDC local:sugar] | 1 Cup jackfruit (langka) (sliced into strips) => jackfruit [140.0g, FDC local:jackfruit]"
ph_926,301,16.2,14.8,20.0,2.9,150,4.2,local_reference_ingredient_sum_draft,api_estimate,pending_review,"Draft only: summed local reference ingredient profiles and divided by source_servings=4. Reviewer must verify ingredient matches, edible yield, oil absorption, and serving size before marking reviewed.",draft_partial_match,11,Salt (ignored seasoning/water) | Salt (ignored seasoning/water),"4 large eggs => eggs [200.0g, FDC local:egg] | 2 large eggplant => eggplant [100.0g, FDC local:eggplant] | 3 tablespoons vegetable oil (divided) => cooking oil [40.8g, FDC local:cooking oil] | 1 medium Potatoes (peeled and cubed) => potatoes [170.0g, FDC local:potato] | 2 cloves Garlic (minced) => garlic [6.0g, FDC local:garlic] | 1/2 Cup smoked bangus (tinapang bangus) (flaked) => smoked milkfish [120.0g, FDC local:milkfish] | 1/2 teaspoon Soy Sauce => soy sauce [2.5g, FDC local:soy sauce] | 1 tablespoon Vinegar => vinegar [15.0g, FDC local:vinegar] | 2 ripe native tomatoes (chopped) => native tomatoes [240.0g, FDC local:tomato] | 1 Salted Egg (itlog na maalat) (chopped) => salted egg [50.0g, FDC local:egg] | 1 stalk green onion (cut into 1-inch pieces) => stalk onion [110.0g, FDC local:onion]"
ph_927,373,55.9,4.8,14.9,0.4,230,0.9,local_reference_ingredient_sum_draft,api_estimate,pending_review,"Draft only: summed local reference ingredient profiles and divided by source_servings=2.5. Reviewer must verify ingredient matches, edible yield, oil absorption, and serving size before marking reviewed.",draft_partial_match,8,fish sauce (patis) (to taste) (missing quantity) | cooking oil (for frying) (ignored frying oil reserve),"2 cups shrimp stock => shrimp stock [280.0g, FDC local:shrimp] | 2 tablespoons Achuete Powder (annatto powder) => achuete powder [16.0g, FDC local:annatto oil] | 3 tablespoons cornstarch (diluted in water) => cornstarch [24.0g, FDC local:corn] | 20 Grams spring onions (divided into two) => spring onions [20.0g, FDC local:onion] | 250 Grams smoked fish (tinapa) => smoked fish [250.0g, FDC local:fish] | 1/4 kilo Shrimp (boiled and peeled) => kilo shrimp [5.0g, FDC local:shrimp] | 15 Grams vermicelli (sotanghon) noodles => vermicelli noodles [15.0g, FDC local:noodles] | 1-2 Egg (soft-boiled) => egg [75.0g, FDC local:egg]"
ph_928,68,6.0,4.5,2.9,0.8,14,1.9,local_reference_ingredient_sum_draft,api_estimate,pending_review,"Draft only: summed local reference ingredient profiles and divided by source_servings=5. Reviewer must verify ingredient matches, edible yield, oil absorption, and serving size before marking reviewed.",draft_partial_match,3,50 Grams star anise (no FDC match for star anise) | 10 pieces dried bay leaf (no FDC match for dried bay leaf) | Salt (to taste) (ignored seasoning/water) | cooking oil (for deep-frying) (ignored frying oil reserve) | 1/2 Cup mayonnaise (ignored frying oil reserve) | 3 tablespoons liquid seasoning (no FDC match for liquid seasoning) | Pepper (to taste) (ignored seasoning/water) | Garlic (chopped and fried to a crisp) (missing quantity) | 1 red chili pepper (siling labuyo) (chopped (optional)) (no FDC match for chili pepper),"1 kilo pork (use pork knuckle (front part)) => kilo pork [100.0g, FDC local:pork] | 10 Grams black peppercorns => peppercorns [10.0g, FDC local:corn] | 2 medium white onion (finely chopped) => onion [220.0g, FDC local:onion]"
ph_930,1057,62.3,167.2,11.3,5.8,289,11.9,local_reference_ingredient_sum_draft,api_estimate,pending_review,"Draft only: summed local reference ingredient profiles and divided by source_servings=4. Reviewer must verify ingredient matches, edible yield, oil absorption, and serving size before marking reviewed.",draft_partial_match,9,2 teaspoons Salt (ignored seasoning/water) | 1 1/2 tablespoons calamansi concentrate (no FDC match for calamansi concentrate) | 3/4 Cup lechon sauce (no FDC match for lechon sauce) | 1/2 teaspoon Pepper (no FDC match for pepper) | Achuete Oil (annatto oil) (for basting) (no FDC match for chuete oil) | 1 medium Cucumber (sliced into 3-inch sticks) (no FDC match for cucumber) | 1 stalk Leeks (chopped) (no FDC match for stalk leeks),"1 Cup cane vinegar => cane vinegar [140.0g, FDC local:vinegar] | 1/3 Cup brown sugar => brown sugar [41.7g, FDC local:sugar] | 1/4 Cup red onion (chopped) => onion [35.0g, FDC local:onion] | 2 tablespoons ginger (chopped) => ginger [16.0g, FDC local:ginger] | 2 tablespoons Garlic (chopped) => garlic [16.0g, FDC local:garlic] | 500 Grams Chicken (use boneless chicken breast with skin on) => chicken [500.0g, FDC local:chicken] | 1 85-gram can liver spread => - can liver spread [100.0g, FDC local:liver spread] | 1 tablespoon Garlic (chopped) => garlic [8.0g, FDC local:garlic] | 8 Flour tortillas (warmed) => flour tortillas [800.0g, FDC local:flour]"
ph_931,431,52.3,34.5,9.1,1.6,273,0.8,local_reference_ingredient_sum_draft,api_estimate,pending_review,"Draft only: summed local reference ingredient profiles and divided by source_servings=4. Reviewer must verify ingredient matches, edible yield, oil absorption, and serving size before marking reviewed.",draft_partial_match,9,5 pieces kamias (sliced into rounds) (no FDC match for kamias) | 100 Grams Patola (Chinese Okra) (sliced into rounds) (no FDC match for patola) | 100 Grams clams (cleaned) (no FDC match for clams) | Salt (to taste) (ignored seasoning/water),"4 cups shrimp stock => shrimp stock [560.0g, FDC local:shrimp] | 1 1/2 tablespoons vegetable oil => cooking oil [20.4g, FDC local:cooking oil] | 1 tablespoon ginger (minced) => ginger [8.0g, FDC local:ginger] | 1 tablespoon Garlic (minced) => garlic [8.0g, FDC local:garlic] | 1 tablespoon green onion (chopped) => onion [8.0g, FDC local:onion] | 100 Grams Shrimp (shelled and deveined with heads and tails left on) => shrimp [100.0g, FDC local:shrimp] | 100 Grams mussels (cleaned and beards removed) => mussels [100.0g, FDC local:mussels] | 100 Grams squid rings => squid rings [100.0g, FDC local:squid] | 500 Grams dried misua noodles => dried misua noodles [500.0g, FDC local:noodles]"
ph_932,300,29.3,11.5,14.2,0.6,890,5.0,local_reference_ingredient_sum_draft,api_estimate,pending_review,"Draft only: summed local reference ingredient profiles and divided by source_servings=1. Reviewer must verify ingredient matches, edible yield, oil absorption, and serving size before marking reviewed.",draft_partial_match,7,1 250-ml bottle clear soda (no FDC match for -ml bottle clear soda) | 3 bay leaf (no FDC match for bay leaf) | 1 tablespoon sea salt (for seasoning) (no FDC match for sea salt) | Garlic powder (to season) (missing quantity) | vegetable oil (for shallow-frying) (missing quantity) | 1/2 teaspoon black pepper (no FDC match for pepper) | 1 red chili pepper (siling labuyo) (chopped) (no FDC match for chili pepper),"1 pork (cleaned and stray hairs removed) => pork [100.0g, FDC local:pork] | 5 cloves Garlic (smashed) => garlic [15.0g, FDC local:garlic] | 1 teaspoon peppercorns => peppercorns [2.7g, FDC local:corn] | 1/4 Cup Vinegar => vinegar [35.0g, FDC local:vinegar] | 1 tablespoon Soy Sauce (or to taste) => soy sauce [15.0g, FDC local:soy sauce] | 1 teaspoon sugar => sugar [4.2g, FDC local:sugar] | 1 tablespoon red onion (chopped) => onion [8.0g, FDC local:onion]"
ph_933,289,18.3,15.8,17.9,3.9,1267,7.5,local_reference_ingredient_sum_draft,api_estimate,pending_review,"Draft only: summed local reference ingredient profiles and divided by source_servings=4. Reviewer must verify ingredient matches, edible yield, oil absorption, and serving size before marking reviewed.",draft_partial_match,10,1 tablespoon salt (ignored seasoning/water) | corn oil (for deep-frying) (ignored frying oil reserve) | 1 green finger chili (siling pangsigang) (no FDC match for finger chili) | black pepper (to taste) (missing quantity),"1 kilo pork (sliced into 2inch pieces) => kilo pork [100.0g, FDC local:pork] | 2 tablespoons corn oil => corn oil [27.2g, FDC local:corn] | 1 medium red onion (chopped) => onion [110.0g, FDC local:onion] | 1 tablespoon garlic (minced) => garlic [8.0g, FDC local:garlic] | 5 native tomatoes (chopped) => native tomatoes [600.0g, FDC local:tomato] | 1/2 cup shrimp paste (bagoong alamang) => shrimp paste [70.0g, FDC local:shrimp paste] | 1/2 cup pork stock => pork stock [70.0g, FDC local:pork] | 3 tablespoons cane vinegar => cane vinegar [45.0g, FDC local:vinegar] | 2 medium eggplant (sliced into 2inch lengths) => eggplant [100.0g, FDC local:eggplant] | 1/2 cup coconut cream (kakang gata) => coconut cream [120.0g, FDC local:coconut cream]"
ph_935,260,10.7,33.9,9.9,6.2,468,12.9,local_reference_ingredient_sum_draft,api_estimate,pending_review,"Draft only: summed local reference ingredient profiles and divided by source_servings=4.5. Reviewer must verify ingredient matches, edible yield, oil absorption, and serving size before marking reviewed.",draft_partial_match,8,1 Cup water (ignored seasoning/water) | Salt (to taste) (ignored seasoning/water),"2 tablespoons cooking oil => cooking oil [27.2g, FDC local:cooking oil] | 3 cloves Garlic (crushed) => garlic [9.0g, FDC local:garlic] | 10 bulbs onion (sliced) => bulbs onion [1100.0g, FDC local:onion] | 1 kilo Beef ((use brisket or mechado cut), cubed) => kilo beef [100.0g, FDC local:beef] | 2 cups Tomato sauce => tomato sauce [280.0g, FDC local:tomato] | 1 large Potatoes (cubed) => potatoes [170.0g, FDC local:potato] | 1 large carrot (cubed) => carrot [60.0g, FDC local:carrot] | 1/4 Cup Soy Sauce => soy sauce [35.0g, FDC local:soy sauce]"
ph_936,428,14.0,19.1,35.0,4.7,917,4.9,local_reference_ingredient_sum_draft,api_estimate,pending_review,"Draft only: summed local reference ingredient profiles and divided by source_servings=5.5. Reviewer must verify ingredient matches, edible yield, oil absorption, and serving size before marking reviewed.",draft_partial_match,10,1 Small puso ng saging (banana blossom) (no FDC match for puso ng saging) | 1 bundle string beans (sitaw) (cut into 2-inch pieces) (no FDC match for string beans) | 1 1/2 kilos ox tripe (washed with salt and boiled) (no FDC match for kilos ox tripe) | 4 cups water (ignored seasoning/water) | Salt (to taste) (ignored seasoning/water),"1 tablespoon vegetable oil => cooking oil [13.6g, FDC local:cooking oil] | 1 tablespoon Garlic (minced) => garlic [8.0g, FDC local:garlic] | 1 large onion (chopped) => onion [110.0g, FDC local:onion] | 4 eggplant (sliced) => eggplant [200.0g, FDC local:eggplant] | 1/2 Cup Achuete Seeds (annatto seeds) (soaked in 1 cup water) => achuete seeds [70.0g, FDC local:annatto oil] | 1/2 Cup peanut butter => peanut butter [70.0g, FDC local:peanut butter] | 1 Cup peanuts => peanuts [140.0g, FDC local:peanuts] | 1/2 Cup rice ((ground), toasted) => rice [120.0g, FDC local:rice] | 1 bundle pechay leaves => bok choy leaves [150.0g, FDC local:bok choy] | 1/2 Cup shrimp paste (bagoong alamang) (to serve) => shrimp paste [70.0g, FDC local:shrimp paste]"
ph_939,49,8.5,1.1,1.0,0.1,431,0.1,local_reference_ingredient_sum_draft,api_estimate,pending_review,"Draft only: summed local reference ingredient profiles and divided by source_servings=4. Reviewer must verify ingredient matches, edible yield, oil absorption, and serving size before marking reviewed.",draft_partial_match,3,3 stalks lemongrass (tanglad) (pounded and chopped) (no FDC match for stalks lemongrass) | 1 pack (22-gram) sinigang sa sampalok mix ((we used Knorr)) (no FDC match for pack sinigang sa sampalok mix),"2 tablespoons Soy Sauce => soy sauce [30.0g, FDC local:soy sauce] | 3 cloves Garlic (minced) => garlic [9.0g, FDC local:garlic] | 1 kilo Chicken (use leg quarters) => kilo chicken [100.0g, FDC local:chicken]"
ph_940,60,2.6,13.2,0.2,0.8,7,0.4,local_reference_ingredient_sum_draft,api_estimate,pending_review,"Draft only: summed local reference ingredient profiles and divided by source_servings=5. Reviewer must verify ingredient matches, edible yield, oil absorption, and serving size before marking reviewed.",draft_partial_match,1,1/4 Cup extra virgin olive oil (no FDC match for extra virgin olive oil),"2 whole heads Garlic (unpeeled and sliced in half crosswise) => garlic [200.0g, FDC local:garlic]"
ph_941,1303,98.7,31.6,91.0,9.5,1608,20.9,local_reference_ingredient_sum_draft,api_estimate,pending_review,"Draft only: summed local reference ingredient profiles and divided by source_servings=7. Reviewer must verify ingredient matches, edible yield, oil absorption, and serving size before marking reviewed.",draft_partial_match,28,"cooking oil (missing quantity) | 1 to 2 tablespoons green curry paste (no FDC match for curry paste) | 6 pieces fresh kaffir lime leaves (torn) (no FDC match for kaffir lime leaves) | 1 Cup fresh basil leaves (no FDC match for basil leaves) | 1 red chili pepper (siling labuyo) (sliced diagonally (optional)) (no FDC match for chili pepper) | jasmine rice ((steamed), to serve) (missing quantity) | cooking oil (missing quantity) | 1 to 2 tablespoons green curry paste (no FDC match for curry paste) | 6 pieces fresh kaffir lime leaves (torn) (no FDC match for kaffir lime leaves) | 1 Cup fresh basil leaves (no FDC match for basil leaves) | 1 red chili pepper (siling labuyo) (sliced diagonally (optional)) (no FDC match for chili pepper) | jasmine rice ((steamed), to serve) (missing quantity) | cooking oil (missing quantity) | 1 to 2 tablespoons green curry paste (no FDC match for curry paste) | 6 pieces fresh kaffir lime leaves (torn) (no FDC match for kaffir lime leaves) | 1 Cup fresh basil leaves (no FDC match for basil leaves) | 1 red chili pepper (siling labuyo) (sliced diagonally (optional)) (no FDC match for chili pepper) | jasmine rice ((steamed), to serve) (missing quantity) | cooking oil (missing quantity) | 1 to 2 tablespoons green curry paste (no FDC match for curry paste) | 6 pieces fresh kaffir lime leaves (torn) (no FDC match for kaffir lime leaves) | 1 Cup fresh basil leaves (no FDC match for basil leaves) | 1 red chili pepper (siling labuyo) (sliced diagonally (optional)) (no FDC match for chili pepper) | jasmine rice ((steamed), to serve) (missing quantity)","1 Cup canned coconut cream => canned coconut cream [240.0g, FDC local:coconut cream] | 500 Grams Chicken ((use chicken thigh fillet), sliced into thick strips) => chicken into thick strips [500.0g, FDC local:chicken] | 4 eggplant (cut into 1/4-inch slices) => eggplant [200.0g, FDC local:eggplant] | 1 tablespoon brown sugar (grated) => brown sugar [12.5g, FDC local:sugar] | 2 tablespoons fish sauce (patis) => fish sauce [30.0g, FDC local:fish sauce] | 1 Cup coconut milk (gata) => coconut milk [240.0g, FDC local:coconut milk] | 1 teaspoon cornstarch (dissolved in 2 teaspoons of water) => cornstarch [2.7g, FDC local:corn] | 1 Cup canned coconut cream => canned coconut cream [240.0g, FDC local:coconut cream] | 500 Grams Chicken ((use chicken thigh fillet), sliced into thick strips) => chicken into thick strips [500.0g, FDC local:chicken] | 4 eggplant (cut into 1/4-inch slices) => eggplant [200.0g, FDC local:eggplant] | 1 tablespoon brown sugar (grated) => brown sugar [12.5g, FDC local:sugar] | 2 tablespoons fish sauce (patis) => fish sauce [30.0g, FDC local:fish sauce] | 1 Cup coconut milk (gata) => coconut milk [240.0g, FDC local:coconut milk] | 1 teaspoon cornstarch (dissolved in 2 teaspoons of water) => cornstarch [2.7g, FDC local:corn] | 1 Cup canned coconut cream => canned coconut cream [240.0g, FDC local:coconut cream] | 500 Grams Chicken ((use chicken thigh fillet), sliced into thick strips) => chicken into thick strips [500.0g, FDC local:chicken] | 4 eggplant (cut into 1/4-inch slices) => eggplant [200.0g, FDC local:eggplant] | 1 tablespoon brown sugar (grated) => brown sugar [12.5g, FDC local:sugar] | 2 tablespoons fish sauce (patis) => fish sauce [30.0g, FDC local:fish sauce] | 1 Cup coconut milk (gata) => coconut milk [240.0g, FDC local:coconut milk] | 1 teaspoon cornstarch (dissolved in 2 teaspoons of water) => cornstarch [2.7g, FDC local:corn] | 1 Cup canned coconut cream => canned coconut cream [240.0g, FDC local:coconut cream] | 500 Grams Chicken ((use chicken thigh fillet), sliced into thick strips) => chicken into thick strips [500.0g, FDC local:chicken] | 4 eggplant (cut into 1/4-inch slices) => eggplant [200.0g, FDC local:eggplant] | 1 tablespoon brown sugar (grated) => brown sugar [12.5g, FDC local:sugar] | 2 tablespoons fish sauce (patis) => fish sauce [30.0g, FDC local:fish sauce] | 1 Cup coconut milk (gata) => coconut milk [240.0g, FDC local:coconut milk] | 1 teaspoon cornstarch (dissolved in 2 teaspoons of water) => cornstarch [2.7g, FDC local:corn]"
ph_942,813,46.6,92.1,26.5,1.3,446,6.8,local_reference_ingredient_sum_draft,api_estimate,pending_review,"Draft only: summed local reference ingredient profiles and divided by source_servings=4. Reviewer must verify ingredient matches, edible yield, oil absorption, and serving size before marking reviewed.",draft_partial_match,9,"6 shallots (sibuyas Tagalog) (minced) (no FDC match for shallots) | 2 stalks lemongrass (tanglad) (white parts pounded and minced) (no FDC match for stalks lemongrass) | 2 teaspoons coriander seeds (toasted) (no FDC match for coriander seeds) | 1 tablespoons kecap manis (Indonesian sweet soy sauce) (no FDC match for kecap manis) | 2 teaspoons oyster sauce (no FDC match for oyster sauce) | 2 teaspoons ground turmeric (no FDC match for turmeric) | 1/2 teaspoon Salt (no FDC match for salt) | 1/2 teaspoon chili flakes (no FDC match for chili flakes) | 3 shallots (sibuyas Tagalog) (minced) (no FDC match for shallots) | 1 tablespoon kecap manis (Indonesian sweet soy sauce) (no FDC match for kecap manis) | black pepper (to taste) (missing quantity) | 1/2 Cucumber (sliced into half-moons (optional)) (no FDC match for cucumber) | cilantro (wansoy) ((leaves), for garnish (optional)) (missing quantity) | Bottled peanut satay sauce (to serve) (missing quantity)","2 teaspoons Garlic (minced) => garlic [5.3g, FDC local:garlic] | 3 tablespoons vegetable oil => cooking oil [40.8g, FDC local:cooking oil] | 2 tablespoons brown sugar => brown sugar [25.0g, FDC local:sugar] | 4 skinless Chicken ((use fillets), sliced into 1-inch cubes) => skinless chicken into -inch cubes [400.0g, FDC local:chicken] | 2 tablespoons vegetable oil => cooking oil [27.2g, FDC local:cooking oil] | 5 cups jasmine rice (steamed and cooled) => jasmine rice [1200.0g, FDC local:rice] | 1 tablespoon Indonesian Shrimp Paste => indonesian shrimp paste [17.0g, FDC local:shrimp paste] | 2 teaspoons Garlic (minced) => garlic [5.3g, FDC local:garlic] | 4 Egg (cooked sunny side up) => egg [200.0g, FDC local:egg]"
ph_943,509,10.8,95.9,8.2,1.9,742,9.0,local_reference_ingredient_sum_draft,api_estimate,pending_review,"Draft only: summed local reference ingredient profiles and divided by source_servings=4. Reviewer must verify ingredient matches, edible yield, oil absorption, and serving size before marking reviewed.",draft_partial_match,9,"1/4 teaspoon Baking soda (no FDC match for baking soda) | 1/4 teaspoon baking powder (no FDC match for baking powder) | 1/4 Salt (no FDC match for salt) | 2 tablespoons bottled tamarind paste (no FDC match for bottled tamarind paste) | 1/4 Cup water (ignored seasoning/water) | chili flakes (missing quantity) | 3 tablespoons shallots (sibuyas Tagalog) (minced) (no FDC match for shallots) | 1 tablespoon lime juice (Optional) (no FDC match for lime juice) | 1 1/2 tablespoons cilantro (wansoy) (chopped (optional)) (no FDC match for cilantro) | green onion (Chopped, for garnish) (missing quantity)","3/4 Cup all-purpose flour => all-purpose flour [93.8g, FDC local:flour] | 6 tablespoons cornstarch => cornstarch [48.0g, FDC local:corn] | 1/2 tablespoon vegetable oil => cooking oil [6.8g, FDC local:cooking oil] | 1 teaspoon Garlic (minced) => garlic [2.7g, FDC local:garlic] | 2 1/2 tablespoon fish sauce (patis) => fish sauce [37.5g, FDC local:fish sauce] | 2 1/2 tablespoons Palm sugar => palm sugar [31.2g, FDC local:sugar] | 1 1/2 tablespoons vegetable oil => cooking oil [20.4g, FDC local:cooking oil] | 1 tablespoon Thai Fish Paste => thai fish paste [17.0g, FDC local:fish] | 4 cups jasmine rice ((steamed), cooled) => jasmine rice cooled [960.0g, FDC local:rice]"
ph_944,278,9.5,40.9,9.6,3.5,458,13.5,local_reference_ingredient_sum_draft,api_estimate,pending_review,"Draft only: summed local reference ingredient profiles and divided by source_servings=5.5. Reviewer must verify ingredient matches, edible yield, oil absorption, and serving size before marking reviewed.",draft_partial_match,13,1 tablespoon lime juice (no FDC match for lime juice) | 4 tablespoons water (no FDC match for water) | 1 teaspoon red finger chilies (siling haba) (sliced) (no FDC match for finger chilies) | 1/2 teaspoon ground turmeric (no FDC match for turmeric) | 1/2 teaspoon Salt (no FDC match for salt) | 1 3/4 cups soda water (no FDC match for soda water) | 100 Grams bean sprouts (togue) (no FDC match for bean sprouts) | 6 lettuce leaves (to serve) (no FDC match for lettuce leaves) | 1 bunch mint leaves (to serve) (no FDC match for mint leaves) | 1 bunch basil leaves (to serve) (no FDC match for basil leaves),"2` tablespoons sugar => sugar [25.0g, FDC local:sugar] | 2 tablespoons fish sauce (patis) => fish sauce [30.0g, FDC local:fish sauce] | 1 teaspoon Garlic => garlic [2.7g, FDC local:garlic] | 1 tablespoon carrot (grated) => carrot [8.0g, FDC local:carrot] | 1/2 Cup rice flour => rice flour [120.0g, FDC local:flour] | 1/2 Cup cornstarch => cornstarch [75.0g, FDC local:corn] | 1/2 Cup cornstarch => cornstarch [75.0g, FDC local:corn] | 1 tablespoon sugar => sugar [12.5g, FDC local:sugar] | 1/3 Cup coconut cream (kakang gata) => coconut cream [80.0g, FDC local:coconut cream] | 3 to 4 stalks green onion (chopped finely) => stalks onion [385.0g, FDC local:onion] | 1 to 2 tablespoons vegetable oil => cooking oil [20.4g, FDC local:cooking oil] | 2 medium white onion (sliced and divided) => onion [220.0g, FDC local:onion] | 100 Grams Shrimp (peeled, deveined, and sliced in half) => shrimp [100.0g, FDC local:shrimp]"
ph_945,64,6.2,8.4,0.6,0.1,922,7.3,local_reference_ingredient_sum_draft,api_estimate,pending_review,"Draft only: summed local reference ingredient profiles and divided by source_servings=6. Reviewer must verify ingredient matches, edible yield, oil absorption, and serving size before marking reviewed.",draft_partial_match,11,"2 stalks lemongrass (tanglad) (pounded then chopped) (no FDC match for stalks lemongrass) | 4 pieces cilantro (wansoy) (chopped) (no FDC match for cilantro) | 2 tablespoons oyster sauce (no FDC match for oyster sauce) | 1 tablespoon lime juice (no FDC match for lime juice) | 1/2 teaspoon Pepper (no FDC match for pepper) | 1 teaspoon ground turmeric (no FDC match for turmeric) | 1/4 Cup milk (no FDC match for milk) | 2 1/2 tablespoons lemon juice (no FDC match for lemon juice) | 1 piece red chili pepper (siling labuyo) (minced) (no FDC match for chili pepper) | 4 tablespoons cilantro (wansoy) (chopped, divided) (no FDC match for cilantro)","3 cloves Garlic (pounded) => garlic [9.0g, FDC local:garlic] | 2 tablespoons Soy Sauce => soy sauce [30.0g, FDC local:soy sauce] | 1 tablespoon fish sauce (patis) => fish sauce [15.0g, FDC local:fish sauce] | 1 teaspoon dark soy sauce => dark soy sauce [5.0g, FDC local:soy sauce] | 1 tablespoon brown sugar => brown sugar [12.5g, FDC local:sugar] | 1 whole Chicken (butterflied) => chicken [100.0g, FDC local:chicken] | 2 tablespoons fish sauce (patis) => fish sauce [30.0g, FDC local:fish sauce] | 2 tablespoons Palm sugar => palm sugar [25.0g, FDC local:sugar] | 1 teaspoon sugar => sugar [4.2g, FDC local:sugar] | 1 teaspoon Garlic (chopped) => garlic [2.7g, FDC local:garlic] | 2 teaspoons glutinous rice (pounded (optional)) => glutinous rice [5.3g, FDC local:rice]"
ph_947,495,23.7,56.3,18.6,0.8,828,2.5,local_reference_ingredient_sum_draft,api_estimate,pending_review,"Draft only: summed local reference ingredient profiles and divided by source_servings=4. Reviewer must verify ingredient matches, edible yield, oil absorption, and serving size before marking reviewed.",draft_partial_match,12,"green onion (chopped, to serve) (missing quantity) | Salt (to season) (ignored seasoning/water)","2 tablespoons vegetable oil => cooking oil [27.2g, FDC local:cooking oil] | 8 pieces Shrimp => shrimp [160.0g, FDC local:shrimp] | 2 pieces Squid (Pusit) (cleaned and sliced into rings) => squid [200.0g, FDC local:squid] | 4 cloves Garlic (minced) => garlic [12.0g, FDC local:garlic] | 1 tablespoon fish sauce (patis) => fish sauce [15.0g, FDC local:fish sauce] | 1 teaspoon dark soy sauce => dark soy sauce [5.0g, FDC local:soy sauce] | 2 teaspoons Palm sugar => palm sugar [8.3g, FDC local:sugar] | 3 tablespoons vegetable oil (divided) => cooking oil [40.8g, FDC local:cooking oil] | 1 tablespoon Thai shrimp paste => thai shrimp paste [17.0g, FDC local:shrimp paste] | 3 cups rice ((cooked), cooled) => rice cooled [720.0g, FDC local:rice] | 2 cloves Garlic (sliced) => garlic [6.0g, FDC local:garlic] | 1 teaspoon fish sauce (patis) => fish sauce [5.0g, FDC local:fish sauce]"
ph_949,366,72.1,7.6,2.9,2.2,152,3.0,local_reference_ingredient_sum_draft,api_estimate,pending_review,"Draft only: summed local reference ingredient profiles and divided by source_servings=4. Reviewer must verify ingredient matches, edible yield, oil absorption, and serving size before marking reviewed.",draft_partial_match,5,2 to 3 cups water (for boiling) (no FDC match for water) | 1 20 gram sachet sinigang na sampalok mix (no FDC match for sachet sinigang na sampalok mix) | 5 pieces finger chilies (siling pang-sigang) (no FDC match for finger chilies) | 1 bunch long beans (sitaw) (cut into 3-inch length pieces) (no FDC match for beans) | 1 radish (labanos) (no FDC match for radish) | fish sauce (patis) (to taste) (missing quantity),"1 kilogram Tuna ((use tuna jaw (panga ng tuna)), cut into serving pieces) => tuna [1000.0g, FDC local:tuna] | 2 thumb-seized pieces ginger (sliced) => -seized ginger [30.0g, FDC local:ginger] | 2 pieces tomatoes (sliced) => tomatoes [240.0g, FDC local:tomato] | 1 onion (sliced) => onion [110.0g, FDC local:onion] | 1 bundle kangkong (water spinach) leaves => kangkong leaves [150.0g, FDC local:spinach]"
ph_951,319,61.6,3.9,6.8,0.7,763,1.0,local_reference_ingredient_sum_draft,api_estimate,pending_review,"Draft only: summed local reference ingredient profiles and divided by source_servings=4. Reviewer must verify ingredient matches, edible yield, oil absorption, and serving size before marking reviewed.",draft_partial_match,5,2 tablespoons Oil (no FDC match for oil) | 1/2 tablespoons Pepper (ground) (no FDC match for pepper),"6 cloves Garlic (minced) => garlic [18.0g, FDC local:garlic] | 1 kilogram Shrimp (shells intact) => shrimp [1000.0g, FDC local:shrimp] | 1/2 Cup Vinegar => vinegar [70.0g, FDC local:vinegar] | 1/4 Cup Soy Sauce => soy sauce [35.0g, FDC local:soy sauce] | 1 350 ml can coconut milk (gata) => ml can coconut milk [100.0g, FDC local:coconut milk]"
ph_952,70,2.7,1.9,5.8,0.2,86,0.3,local_reference_ingredient_sum_draft,api_estimate,pending_review,"Draft only: summed local reference ingredient profiles and divided by source_servings=24. Reviewer must verify ingredient matches, edible yield, oil absorption, and serving size before marking reviewed.",draft_partial_match,9,"2 tablespoons water (no FDC match for water) | 8 pieces banana ((saba variety), peeled and sliced crosswise into 3 rounds each) (no FDC match for banana and crosswise into rounds each) | Salt (to season) (ignored seasoning/water) | cilantro (wansoy) ((leaves), for garnish) (missing quantity)","200 Grams pork ((use kasim), cubed) => pork [200.0g, FDC local:pork] | 1/4 Cup dark soy sauce => dark soy sauce [35.0g, FDC local:soy sauce] | 1/4 Cup Vinegar => vinegar [35.0g, FDC local:vinegar] | 8 to 10 cloves Garlic (crushed) => garlic [27.0g, FDC local:garlic] | 1 teaspoon peppercorns (freshly cracked) => peppercorns [2.7g, FDC local:corn] | 1/4 Cup cooking oil => cooking oil [54.5g, FDC local:cooking oil] | 1/4 Cup cooking oil => cooking oil [54.5g, FDC local:cooking oil] | 1/4 Cup all-purpose flour => all-purpose flour [31.2g, FDC local:flour] | 2 pieces red tomatoes (diced, for garnish) => tomatoes [240.0g, FDC local:tomato]"
ph_953,139,8.5,20.5,2.9,3.2,995,3.5,local_reference_ingredient_sum_draft,api_estimate,pending_review,"Draft only: summed local reference ingredient profiles and divided by source_servings=5. Reviewer must verify ingredient matches, edible yield, oil absorption, and serving size before marking reviewed.",draft_partial_match,8,370 Grams ampalaya (bitter melon) (no FDC match for ampalaya) | 2 1/2 cups water (no FDC match for water) | 1 teaspoon Salt (ignored seasoning/water) | 1 teaspoon Pepper (no FDC match for pepper),"1 kilo boneless bangus (milkfish) ((use belly), cleaned) => kilo boneless milkfish [100.0g, FDC local:milkfish] | 350 Grams eggplant (sliced into rounds) => eggplant [350.0g, FDC local:eggplant] | 200 Grams Garlic (peeled) => garlic [200.0g, FDC local:garlic] | 60 Grams ginger (sliced) => ginger [60.0g, FDC local:ginger] | 1/4 Cup Soy Sauce => soy sauce [35.0g, FDC local:soy sauce] | 1/4 Cup fish sauce (patis) => fish sauce [35.0g, FDC local:fish sauce] | 1 1/2 cups Vinegar => vinegar [210.0g, FDC local:vinegar] | 3/4 piece fish bouillon cube => fish bouillon cube [75.0g, FDC local:broth]"
ph_955,322,20.2,21.7,16.7,3.8,703,4.5,local_reference_ingredient_sum_draft,api_estimate,pending_review,"Draft only: summed local reference ingredient profiles and divided by source_servings=6. Reviewer must verify ingredient matches, edible yield, oil absorption, and serving size before marking reviewed.",draft_partial_match,10,Salt (to taste) (ignored seasoning/water),"3 tablespoons cooking oil => cooking oil [40.8g, FDC local:cooking oil] | 1/2 large red onion (chopped) => onion [55.0g, FDC local:onion] | 4 cloves Garlic (minced) => garlic [12.0g, FDC local:garlic] | 1 kilo Beef ((use brisket), cut into large chunks) => kilo beef [100.0g, FDC local:beef] | 2 cups Tomato sauce => tomato sauce [280.0g, FDC local:tomato] | 1/2 Cup Soy Sauce => soy sauce [70.0g, FDC local:soy sauce] | 2 cups beef stock => beef stock [280.0g, FDC local:beef] | 3 Potatoes (quartered) => potatoes [510.0g, FDC local:potato] | 1 carrot (cut into 1-inch chunks) => carrot [60.0g, FDC local:carrot] | 2 bell pepper (sliced) => bell pepper [240.0g, FDC local:bell pepper]"
ph_956,342,40.1,11.8,13.8,0.6,524,1.3,local_reference_ingredient_sum_draft,api_estimate,pending_review,"Draft only: summed local reference ingredient profiles and divided by source_servings=4. Reviewer must verify ingredient matches, edible yield, oil absorption, and serving size before marking reviewed.",draft_partial_match,6,Salt (to taste) (ignored seasoning/water),"3 tablespoons cooking oil => cooking oil [40.8g, FDC local:cooking oil] | 4 cloves Garlic (minced) => garlic [12.0g, FDC local:garlic] | 1 white onion (finely chopped) => onion [110.0g, FDC local:onion] | 1 kilogram Squid (Pusit) (sliced with squid ink set aside) => squid [1000.0g, FDC local:squid] | 2 tablespoons Soy Sauce => soy sauce [30.0g, FDC local:soy sauce] | 4 tablespoons Vinegar => vinegar [60.0g, FDC local:vinegar]"
ph_957,307,44.0,3.0,11.9,0.3,243,0.5,local_reference_ingredient_sum_draft,api_estimate,pending_review,"Draft only: summed local reference ingredient profiles and divided by source_servings=2. Reviewer must verify ingredient matches, edible yield, oil absorption, and serving size before marking reviewed.",draft_partial_match,7,1 tablespoon liquid seasoning (no FDC match for liquid seasoning) | black pepper (to season) (missing quantity) | Green Chili Pepper (for garnish) (missing quantity) | garlic rice (to serve) (missing quantity),"1 tablespoon vegetable oil => cooking oil [13.6g, FDC local:cooking oil] | 2 tablespoons red onion (chopped) => onion [16.0g, FDC local:onion] | 1 tablespoon Garlic (chopped) => garlic [8.0g, FDC local:garlic] | 1 tablespoon ginger (chopped) => ginger [8.0g, FDC local:ginger] | 2 cups Chicken Inasal (cut into 1/2-inch cubes) => chicken inasal [280.0g, FDC local:chicken] | 2 tablespoons Vinegar => vinegar [30.0g, FDC local:vinegar] | 1 teaspoon Soy Sauce => soy sauce [5.0g, FDC local:soy sauce]"
ph_958,145,2.8,16.6,7.0,0.6,488,14.0,local_reference_ingredient_sum_draft,api_estimate,pending_review,"Draft only: summed local reference ingredient profiles and divided by source_servings=4. Reviewer must verify ingredient matches, edible yield, oil absorption, and serving size before marking reviewed.",draft_partial_match,7,2 cups cooking oil (ignored frying oil reserve) | 2 tablespoons Salt (ignored seasoning/water) | 1 teaspoon black pepper (no FDC match for pepper) | 1 Cup water (ignored seasoning/water) | 2 to 3 pieces green finger chili (siling pangsigang) (sliced) (no FDC match for finger chili),"1/4 kilo firm tofu (tokwa) (sliced into blocks) => kilo tofu [25.0g, FDC local:tofu] | 1 1/2 cups white vinegar => vinegar [210.0g, FDC local:vinegar] | 1/4 Cup Soy Sauce => soy sauce [35.0g, FDC local:soy sauce] | 4 tablespoons sugar => sugar [50.0g, FDC local:sugar] | 1 piece red onion (diced) => onion [110.0g, FDC local:onion] | 2 cloves Garlic (sliced) => garlic [6.0g, FDC local:garlic] | 1/2 kilo Store-Bought Roasted Pork Belly (Liempo) (cubed) => kilo store-bought roasted pork belly [50.0g, FDC local:pork belly]"
ph_959,611,54.5,9.0,38.2,0.1,522,8.0,local_reference_ingredient_sum_draft,api_estimate,pending_review,"Draft only: summed local reference ingredient profiles and divided by source_servings=4. Reviewer must verify ingredient matches, edible yield, oil absorption, and serving size before marking reviewed.",draft_partial_match,6,1 tablespoon lemongrass (tanglad) (minced) (no FDC match for lemongrass) | 3 tablespoons shallots (sibuyas Tagalog) (minced) (no FDC match for shallots) | 1/2 tablespoon Pepper (no FDC match for pepper),"1 1/2 tablespoons Garlic (minced) => garlic [12.0g, FDC local:garlic] | 1/4 Cup sugar => sugar [31.2g, FDC local:sugar] | 1 tablespoon fish sauce (patis) => fish sauce [15.0g, FDC local:fish sauce] | 1/2 tablespoon dark soy sauce => dark soy sauce [7.5g, FDC local:soy sauce] | 3 tablespoons cooking oil => cooking oil [40.8g, FDC local:cooking oil] | 8 pieces pork ((use pork steaks), cut into 1/3-inch-thick slices) => pork [800.0g, FDC local:pork]"
ph_960,62,15.0,0.1,0.2,0.0,69,0.0,local_reference_ingredient_sum_draft,api_estimate,pending_review,"Draft only: summed local reference ingredient profiles and divided by source_servings=8. Reviewer must verify ingredient matches, edible yield, oil absorption, and serving size before marking reviewed.",draft_partial_match,1,2 tablespoons Calamansi Juice (no FDC match for calamansi juice) | 2 tablespoons orange juice (no FDC match for orange juice) | orange zest (missing quantity) | 2 to 3 pieces red chili pepper (siling labuyo) (minced (remove seeds for less heat)) (no FDC match for chili pepper) | navel orange (peeled) (missing quantity) | 1 piece mango (diced) (no FDC match for mango) | 1 piece avocado (diced) (no FDC match for avocado) | 2 tablespoons cilantro (wansoy) (chopped) (no FDC match for cilantro) | Salt (to season) (ignored seasoning/water),"500 Grams Shrimp (peeled and deveined) => shrimp [500.0g, FDC local:shrimp]"
ph_961,296,25.1,46.9,1.0,6.2,342,3.2,local_reference_ingredient_sum_draft,api_estimate,pending_review,"Draft only: summed local reference ingredient profiles and divided by source_servings=3. Reviewer must verify ingredient matches, edible yield, oil absorption, and serving size before marking reviewed.",draft_partial_match,9,2 tablespoons refined coconut oil (divided) (no FDC match for refined coconut oil) | 1 Cup string beans (sitaw) (sliced into 1-inch pieces and blanched) (no FDC match for string beans) | Salt (to taste) (ignored seasoning/water),"200 Grams Shrimp (peeled and deveined) => shrimp [200.0g, FDC local:shrimp] | 1/4 Cup onion (chopped) => onion [35.0g, FDC local:onion] | 2 teaspoons ginger (minced) => ginger [5.3g, FDC local:ginger] | 1 tablespoon Garlic (minced) => garlic [8.0g, FDC local:garlic] | 1 1/3 Cup Munggo (Mung Beans) => mung beans [186.7g, FDC local:mung beans] | 1 Cup tomatoes (seeds removed and chopped) => tomatoes [140.0g, FDC local:tomato] | 1 1/3 Cup brown rice => brown rice [320.0g, FDC local:rice] | 1 Cup malunggay leaves (moringa) => moringa leaves leaves [30.0g, FDC local:moringa leaves] | 2 teaspoons fish sauce (patis) => fish sauce [10.0g, FDC local:fish sauce]"
ph_962,149,14.7,18.5,1.9,2.0,834,2.6,local_reference_ingredient_sum_draft,api_estimate,pending_review,"Draft only: summed local reference ingredient profiles and divided by source_servings=4. Reviewer must verify ingredient matches, edible yield, oil absorption, and serving size before marking reviewed.",draft_partial_match,9,Salt (to taste) (ignored seasoning/water) | 2 tablespoons refined coconut oil (divided) (no FDC match for refined coconut oil) | 1 Cup long beans (sitaw) (halved diagonally and blanched) (no FDC match for beans) | 1/4 teaspoon black pepper (no FDC match for pepper),"200 Grams cellophane noodles (sotanghon) => cellophane noodles [200.0g, FDC local:noodles] | 100 Grams Shrimp (peeled and deveined) => shrimp [100.0g, FDC local:shrimp] | 100 Grams Squid (Pusit) (cleaned and sliced into rings) => squid [100.0g, FDC local:squid] | 1/4 Cup onion (chopped) => onion [35.0g, FDC local:onion] | 1 tablespoon Garlic (chopped) => garlic [8.0g, FDC local:garlic] | 1 Cup red bell pepper (sliced into strips) => bell pepper [140.0g, FDC local:bell pepper] | 1 Cup Bok Choy (Chinese leafy cabbage) (sliced thinly) => bok choy [140.0g, FDC local:bok choy] | 1 Cup chicken broth => chicken broth [240.0g, FDC local:broth] | 3 tablespoons Soy Sauce => soy sauce [45.0g, FDC local:soy sauce]"
ph_963,252,11.7,6.5,21.8,2.5,264,3.5,local_reference_ingredient_sum_draft,api_estimate,pending_review,"Draft only: summed local reference ingredient profiles and divided by source_servings=4. Reviewer must verify ingredient matches, edible yield, oil absorption, and serving size before marking reviewed.",draft_partial_match,5,Salt (to taste) (ignored seasoning/water) | 2 tablespoons coconut oil (divided) (no FDC match for coconut oil) | 1/4 Cup Thai green curry paste (no FDC match for thai curry paste) | 2 cups winged beans (sigarilyas) (trimmed and sliced to 1/4-inch pieces) (no FDC match for winged beans) | 2 pieces long green chilies (siling pangsigang) (sliced diagonally in half) (no FDC match for chilies) | 2 pieces kaffir lime leaf (torn in half (optional)) (no FDC match for kaffir lime leaf) | 1 piece red chili pepper (siling labuyo) (chopped) (no FDC match for chili pepper),"150 Grams Shrimp (peeled, deveined and chopped) => shrimp [150.0g, FDC local:shrimp] | 1/4 Cup onion (chopped) => onion [35.0g, FDC local:onion] | 1 1/2 cups coconut milk (gata) => coconut milk [360.0g, FDC local:coconut milk] | 2 cups kangkong (water spinach) leaves (chopped) => kangkong leaves [60.0g, FDC local:spinach] | 2 teaspoons fish sauce (patis) (or more to taste) => fish sauce [10.0g, FDC local:fish sauce]"
ph_964,91,8.2,5.8,3.6,0.3,499,1.3,local_reference_ingredient_sum_draft,api_estimate,pending_review,"Draft only: summed local reference ingredient profiles and divided by source_servings=4. Reviewer must verify ingredient matches, edible yield, oil absorption, and serving size before marking reviewed.",draft_partial_match,5,2 tablespoons Oil (no FDC match for oil) | 1 teaspoon black pepper (crushed) (no FDC match for pepper) | 1 piece bay leaf (no FDC match for bay leaf) | 1 Cup lechon sauce (no FDC match for lechon sauce) | 1/2 Cup water (ignored seasoning/water),"1 kilo pork (pork cubes (kasim)) => kilo pork [100.0g, FDC local:pork] | 1 head Garlic (minced) => garlic [50.0g, FDC local:garlic] | 1/2 Cup Vinegar => vinegar [70.0g, FDC local:vinegar] | 1/4 Cup Soy Sauce => soy sauce [35.0g, FDC local:soy sauce] | 1 teaspoon white sugar => sugar [4.2g, FDC local:sugar]"
ph_965,47,1.7,4.0,2.8,0.1,208,2.6,local_reference_ingredient_sum_draft,api_estimate,pending_review,"Draft only: summed local reference ingredient profiles and divided by source_servings=25. Reviewer must verify ingredient matches, edible yield, oil absorption, and serving size before marking reviewed.",draft_partial_match,6,1 Cup banana ketchup (no FDC match for banana ketchup) | 1/4 Cup Calamansi Juice (no FDC match for calamansi juice) | 1/2 Cup lemon-lime soda (no FDC match for lemon-lime soda) | 1/2 teaspoon hot sauce (no FDC match for hot sauce) | black pepper (to taste) (missing quantity),"2/3 Cup Soy Sauce => soy sauce [93.3g, FDC local:soy sauce] | 1 tablespoon Knorr SavorRich Pork => knorr savorrich pork [8.0g, FDC local:pork] | 1 whole Garlic (minced) => garlic [100.0g, FDC local:garlic] | 1/2 Cup brown sugar => brown sugar [62.5g, FDC local:sugar] | 1 kilo pork kasim (cut into 1-inch cubes) => kilo pork kasim [100.0g, FDC local:pork] | 1/4 Cup vegetable oil => cooking oil [54.5g, FDC local:cooking oil]"
ph_966,3,0.1,0.6,0.0,0.0,0,0.0,local_reference_ingredient_sum_draft,api_estimate,pending_review,"Draft only: summed local reference ingredient profiles and divided by source_servings=7. Reviewer must verify ingredient matches, edible yield, oil absorption, and serving size before marking reviewed.",draft_partial_match,2,1/3 Cup olive oil (no FDC match for olive oil) | 300 Grams fresh dulong (rinsed and drained) (no FDC match for dulong) | Salt (to taste) (ignored seasoning/water) | crostini (to serve) (missing quantity),"4 cloves Garlic (sliced thinly) => garlic [12.0g, FDC local:garlic] | 1 to 2 teaspoons white wine vinegar => wine vinegar [7.5g, FDC local:vinegar]"
ph_967,494,40.3,47.0,16.3,3.2,762,4.8,local_reference_ingredient_sum_draft,api_estimate,pending_review,"Draft only: summed local reference ingredient profiles and divided by source_servings=4. Reviewer must verify ingredient matches, edible yield, oil absorption, and serving size before marking reviewed.",draft_partial_match,12,10 cups water (ignored seasoning/water) | cooking oil (missing quantity) | Salt (to taste) (ignored seasoning/water) | 3 cups water (ignored seasoning/water),"250 Grams Shrimp => shrimp [250.0g, FDC local:shrimp] | 500 Grams rice stick noodles (luglug) => rice stick noodles [500.0g, FDC local:noodles] | 3 cloves Garlic => garlic [9.0g, FDC local:garlic] | 1 piece onion => onion [110.0g, FDC local:onion] | 100 Grams firm tofu (tokwa) (diced) => tofu [100.0g, FDC local:tofu] | 2 tablespoons Achuete Powder (annatto powder) (dissolved in 1/2 cup of water) => achuete powder [16.0g, FDC local:annatto oil] | 2 tablespoons fish sauce (patis) (or to taste) => fish sauce [30.0g, FDC local:fish sauce] | 1/4 cups Flour (dissolved in 1 cup of water) => flour [31.2g, FDC local:flour] | 4 pieces Egg ((hardboiled), sliced) => egg [200.0g, FDC local:egg] | 1/2 Cup smoked fish (Tinapa) flakes => smoked fish flakes [70.0g, FDC local:fish] | 1/2 Cup pork crackling (chicharon) (crushed) => pork crackling [70.0g, FDC local:pork] | 2 stalks spring onions => stalks spring onions [220.0g, FDC local:onion]"
ph_968,244,8.5,12.4,18.7,3.5,79,6.6,local_reference_ingredient_sum_draft,api_estimate,pending_review,"Draft only: summed local reference ingredient profiles and divided by source_servings=4. Reviewer must verify ingredient matches, edible yield, oil absorption, and serving size before marking reviewed.",draft_partial_match,6,Salt (to taste) (ignored seasoning/water),"4 pieces eggplant => eggplant [200.0g, FDC local:eggplant] | 4 tablespoons vegetable oil => cooking oil [54.4g, FDC local:cooking oil] | 1 clove Garlic (minced) => garlic [3.0g, FDC local:garlic] | 2 pieces onion (roughly chopped) => onion [220.0g, FDC local:onion] | 3 pieces tomatoes (roughly chopped) => tomatoes [360.0g, FDC local:tomato] | 4 pieces Egg (lighty beaten) => egg [200.0g, FDC local:egg]"
ph_971,185,16.4,14.4,7.9,4.6,97,6.9,local_reference_ingredient_sum_draft,api_estimate,pending_review,"Draft only: summed local reference ingredient profiles and divided by source_servings=2.5. Reviewer must verify ingredient matches, edible yield, oil absorption, and serving size before marking reviewed.",draft_partial_match,5,1/2 kilo Guava (bayabas) (very ripe) (no FDC match for kilo guava) | 1/2 Table Spoon rock salt (ignored seasoning/water) | 3 pieces finger chilies (siling pangsigang) (no FDC match for finger chilies) | 1/4 kilo kamias (no FDC match for kilo kamias),"3 pieces tomatoes (quartered) => tomatoes [360.0g, FDC local:tomato] | 1 piece onion (peeled and sliced) => onion [110.0g, FDC local:onion] | 1 to 2 large boneless bangus (milkfish) (cut in 3 pieces) => boneless milkfish [150.0g, FDC local:milkfish] | 1/2 bundle sitaw (string beans) (cut 2 inches long) => yardlong beans [75.0g, FDC local:yardlong beans] | 1 bundle kangkong (water spinach) leaves => kangkong leaves [150.0g, FDC local:spinach]"
ph_972,208,14.2,5.2,15.0,1.7,436,3.2,local_reference_ingredient_sum_draft,api_estimate,pending_review,"Draft only: summed local reference ingredient profiles and divided by source_servings=3. Reviewer must verify ingredient matches, edible yield, oil absorption, and serving size before marking reviewed.",draft_partial_match,4,Salt (ignored seasoning/water) | crab shells (missing quantity),"1 piece red bell pepper (chopped) => bell pepper [120.0g, FDC local:bell pepper] | 100 Grams crabmeat => crabmeat [100.0g, FDC local:crab] | 1/2 Cup coconut milk (gata) => coconut milk [120.0g, FDC local:coconut milk] | 3 pieces Egg => egg [150.0g, FDC local:egg]"
ph_973,493,15.5,34.8,33.9,5.3,1374,5.9,local_reference_ingredient_sum_draft,api_estimate,pending_review,"Draft only: summed local reference ingredient profiles and divided by source_servings=4. Reviewer must verify ingredient matches, edible yield, oil absorption, and serving size before marking reviewed.",draft_partial_match,7,1/2 kilo sampalok na hilaw (green tamarind) (no FDC match for kilo sampalok na hilaw) | 5 to 6 cups water (no FDC match for water) | 2 heads mustasa leaves (no FDC match for mustasa leaves) | 1 piece puso ng saging (banana blossom) (cut 2 inches long) (no FDC match for puso ng saging),"5 slivers ginger => slivers ginger [500.0g, FDC local:ginger] | 1 Cup red tomatoes (cubed) => tomatoes [140.0g, FDC local:tomato] | 1 Cup white miso (ground soy beans) => soybean paste [140.0g, FDC local:soybean paste] | 1 Table Spoon vegetable oil => table spoon cooking oil [100.0g, FDC local:cooking oil] | 1 kilo salmon => kilo salmon [100.0g, FDC local:salmon] | 1/2 bundle sitaw (string beans) (cut 2 inches long) => yardlong beans [75.0g, FDC local:yardlong beans] | 2 pieces Eggpplant (cut 1 inch long) => eggpplant [100.0g, FDC local:egg]"
ph_975,66,6.3,3.5,3.6,0.7,6,1.5,local_reference_ingredient_sum_draft,api_estimate,pending_review,"Draft only: summed local reference ingredient profiles and divided by source_servings=6. Reviewer must verify ingredient matches, edible yield, oil absorption, and serving size before marking reviewed.",draft_partial_match,5,1 Cup hot water (no FDC match for hot water) | 1 Table Spoon Salt (no FDC match for table spoon salt) | Oil (for deep-frying) (ignored frying oil reserve),"1/4 teaspoon Garlic => garlic [0.7g, FDC local:garlic] | 1/4 teaspoon Onion powder => onion powder [0.7g, FDC local:onion] | 450 Grams tofu (tokwa) (cubed) => tofu [450.0g, FDC local:tofu] | 1/4 Cup red bell pepper (seeded, chopped) => bell pepper [35.0g, FDC local:bell pepper] | 1 medium white onion (chopped) => onion [110.0g, FDC local:onion]"
ph_976,443,43.1,35.0,15.2,3.3,762,7.0,local_reference_ingredient_sum_draft,api_estimate,pending_review,"Draft only: summed local reference ingredient profiles and divided by source_servings=6. Reviewer must verify ingredient matches, edible yield, oil absorption, and serving size before marking reviewed.",draft_partial_match,12,2 tablespoons sesame oil (no FDC match for sesame oil) | spring onions (missing quantity) | Oil (for frying) (ignored frying oil reserve),"3/4 Cup chicken stock => chicken stock [105.0g, FDC local:chicken] | 2 tablespoons cornstarch => cornstarch [16.0g, FDC local:corn] | 1/2 Cup Soy Sauce => soy sauce [70.0g, FDC local:soy sauce] | 1/4 Cup rice wine => rice wine [60.0g, FDC local:rice] | 3 tablespoons chili garlic sauce => chili garlic sauce [24.0g, FDC local:garlic] | 1/4 Cup sugar => sugar [31.2g, FDC local:sugar] | 2 tablespoons red wine vinegar => wine vinegar [30.0g, FDC local:vinegar] | 450 Grams spaghetti noodles => spaghetti noodles [450.0g, FDC local:noodles] | 2 pieces Chicken ((use breast part), skin removed, cubed) => chicken skin removed [200.0g, FDC local:chicken] | 20 medium Shrimp (peeled, deveined, tails intact) => shrimp [400.0g, FDC local:shrimp] | 1 Cup peanuts => peanuts [140.0g, FDC local:peanuts] | 1/4 Cup Garlic (minced) => garlic [35.0g, FDC local:garlic]"
ph_977,131,18.0,5.2,3.9,0.9,43,2.3,local_reference_ingredient_sum_draft,api_estimate,pending_review,"Draft only: summed local reference ingredient profiles and divided by source_servings=6. Reviewer must verify ingredient matches, edible yield, oil absorption, and serving size before marking reviewed.",draft_partial_match,4,"1 piece finger chilies (siling pangsigang) (sliced) (no FDC match for finger chilies) | 3 pieces siling labuyo (birds eye chili) (chopped, or to taste) (no FDC match for siling labuyo) | 1/3 Cup liquid seasoning (or to taste) (no FDC match for liquid seasoning) | 2 tablespoons Calamansi Juice (or to taste) (no FDC match for calamansi juice) | black pepper (missing quantity) | Oil (for frying) (ignored frying oil reserve)","1 kilo pork ((use pork pata), sliced) => kilo pork [100.0g, FDC local:pork] | 1/2 teaspoon peppercorns => peppercorns [1.3g, FDC local:corn] | 3 pieces onion (peeled, quartered, divided) => onion [330.0g, FDC local:onion] | 250 Grams chicken liver (chopped) => chicken liver [250.0g, FDC local:chicken]"
ph_978,120,9.0,9.5,5.4,0.6,81,0.8,local_reference_ingredient_sum_draft,api_estimate,pending_review,"Draft only: summed local reference ingredient profiles and divided by source_servings=16. Reviewer must verify ingredient matches, edible yield, oil absorption, and serving size before marking reviewed.",draft_partial_match,5,2 pieces siling labuyo (birds eye chili) (finely chopped) (no FDC match for siling labuyo) | 2 tablespoons breadcrumbs (no FDC match for breadcrumbs) | Salt (ignored seasoning/water) | Oil (for frying) (ignored frying oil reserve),"16 pieces quail eggs => quail eggs [800.0g, FDC local:egg] | 1/4 kilo pork (use ground pork) => kilo pork [25.0g, FDC local:pork] | 4 pieces Garlic (finely chopped) => garlic [400.0g, FDC local:garlic] | 1 Small onion (finely chopped) => onion [110.0g, FDC local:onion] | 1 Small Egg ((yolks only), beaten) => egg beaten [50.0g, FDC local:egg]"
ph_979,7,0.2,1.7,0.0,0.3,1,0.8,local_reference_ingredient_sum_draft,api_estimate,pending_review,"Draft only: summed local reference ingredient profiles and divided by source_servings=6. Reviewer must verify ingredient matches, edible yield, oil absorption, and serving size before marking reviewed.",draft_partial_match,1,1 Table Spoon tamarind base powder (sinigang mix) (no FDC match for table spoon tamarind base powder) | 1 1/2 cups water (no FDC match for water),"1 piece onion (peeled, quartered) => onion [110.0g, FDC local:onion]"
ph_980,400,14.3,6.9,35.7,3.0,89,3.7,local_reference_ingredient_sum_draft,api_estimate,pending_review,"Draft only: summed local reference ingredient profiles and divided by source_servings=2. Reviewer must verify ingredient matches, edible yield, oil absorption, and serving size before marking reviewed.",draft_partial_match,5,2 teaspoons Salt (ignored seasoning/water),"4 pieces chinese eggplant => chinese eggplant [200.0g, FDC local:eggplant] | 2 pieces Egg => egg [100.0g, FDC local:egg] | 4 tablespoons cooking oil => cooking oil [54.4g, FDC local:cooking oil] | 1/2 kilo pork (use ground pork) => kilo pork [50.0g, FDC local:pork] | 1 clove Garlic (minced) => garlic [3.0g, FDC local:garlic]"
ph_981,524,25.3,82.2,8.8,1.3,2637,3.0,local_reference_ingredient_sum_draft,api_estimate,pending_review,"Draft only: summed local reference ingredient profiles and divided by source_servings=3.5. Reviewer must verify ingredient matches, edible yield, oil absorption, and serving size before marking reviewed.",draft_partial_match,6,2 to 3 tablespoons Oil (no FDC match for oil),"1 piece Egg (beaten) => egg [50.0g, FDC local:egg] | 1 Cup pork (pork belly strips) => pork [140.0g, FDC local:pork] | 1 Table Spoon Soy Sauce => table spoon soy sauce [100.0g, FDC local:soy sauce] | 2 teaspoons sugar => sugar [8.3g, FDC local:sugar] | 3 tablespoons Thai bagoong (shrimp paste) => thai shrimp paste [51.0g, FDC local:shrimp paste] | 4 cups day-old rice => day-old rice [960.0g, FDC local:rice]"
ph_982,29,4.2,1.4,0.4,0.1,667,0.1,local_reference_ingredient_sum_draft,api_estimate,pending_review,"Draft only: summed local reference ingredient profiles and divided by source_servings=5. Reviewer must verify ingredient matches, edible yield, oil absorption, and serving size before marking reviewed.",draft_partial_match,5,1 piece bay leaf (no FDC match for bay leaf),"1/2 kilo Chicken ((use fillets), with or without skin) => kilo chicken with or without skin [50.0g, FDC local:chicken] | 6 tablespoons Vinegar => vinegar [90.0g, FDC local:vinegar] | 4 tablespoons Soy Sauce => soy sauce [60.0g, FDC local:soy sauce] | 1/2 teaspoon peppercorns (crushed) => peppercorns [1.3g, FDC local:corn] | 3 cloves Garlic (finely chopped) => garlic [9.0g, FDC local:garlic]"
ph_983,316,34.0,1.9,17.5,0.1,79,0.2,local_reference_ingredient_sum_draft,api_estimate,pending_review,"Draft only: summed local reference ingredient profiles and divided by source_servings=4. Reviewer must verify ingredient matches, edible yield, oil absorption, and serving size before marking reviewed.",draft_partial_match,4,1 Table Spoon Spanish paprika (pimenton) (no FDC match for table spoon spanish paprika),"6 cloves Garlic (finely chopped) => garlic [18.0g, FDC local:garlic] | 500 Grams pork (cut into small cubes) => pork [500.0g, FDC local:pork] | 1 Cup Vinegar => vinegar [140.0g, FDC local:vinegar] | 1/2 teaspoon peppercorns => peppercorns [1.3g, FDC local:corn]"
ph_984,81,0.0,20.8,0.0,0.0,0,20.8,local_reference_ingredient_sum_draft,api_estimate,pending_review,"Draft only: summed local reference ingredient profiles and divided by source_servings=6. Reviewer must verify ingredient matches, edible yield, oil absorption, and serving size before marking reviewed.",draft_partial_match,1,6 pieces banana (saba variety) (no FDC match for banana) | 2 cups water (ignored seasoning/water) | 1/2 Cup Sago (Tapioca) (no FDC match for sago) | 3 cups water (ignored seasoning/water) | 2 stalks pandan leaf (no FDC match for stalks pandan leaf) | 1 1/2 cups Canned Gata (no FDC match for canned gata),"1 Cup brown sugar => brown sugar [125.0g, FDC local:sugar]"
ph_986,52,4.5,4.0,2.0,0.6,717,1.4,local_reference_ingredient_sum_draft,api_estimate,pending_review,"Draft only: summed local reference ingredient profiles and divided by source_servings=4. Reviewer must verify ingredient matches, edible yield, oil absorption, and serving size before marking reviewed.",draft_partial_match,5,1/4 Cup Calamansi Juice (no FDC match for calamansi juice) | 3/4 Cup water (ignored seasoning/water) | Oil (for frying) (ignored frying oil reserve),"1 1/2 tablespoons Garlic powder => garlic powder [12.0g, FDC local:garlic] | 1/2 kilo Beef ((use lean beef), sliced thinly) => kilo beef thinly [50.0g, FDC local:beef] | 1 tablespoon fish sauce (patis) => fish sauce [15.0g, FDC local:fish sauce] | 2 tablespoons Soy Sauce => soy sauce [30.0g, FDC local:soy sauce] | 1 large onion (cut into large rings) => onion [110.0g, FDC local:onion]"
ph_987,63,6.7,7.8,0.7,0.7,409,1.2,local_reference_ingredient_sum_draft,api_estimate,pending_review,"Draft only: summed local reference ingredient profiles and divided by source_servings=6. Reviewer must verify ingredient matches, edible yield, oil absorption, and serving size before marking reviewed.",draft_partial_match,5,1/2 piece green papaya (cut into wedges) (no FDC match for papaya) | 3 cups water (ignored seasoning/water) | Salt (ignored seasoning/water),"1 whole Chicken (cut into serving pieces) => chicken [100.0g, FDC local:chicken] | 1 Table Spoon Garlic (minced) => table spoon garlic [100.0g, FDC local:garlic] | 1 medium onion (minced) => onion [110.0g, FDC local:onion] | 1 thumb ginger (cut into strips) => ginger [15.0g, FDC local:ginger] | 2 tablespoons fish sauce (patis) => fish sauce [30.0g, FDC local:fish sauce]"
ph_988,64,7.0,0.4,3.6,0.0,16,0.0,local_reference_ingredient_sum_draft,api_estimate,pending_review,"Draft only: summed local reference ingredient profiles and divided by source_servings=4.5. Reviewer must verify ingredient matches, edible yield, oil absorption, and serving size before marking reviewed.",draft_partial_match,2,4 tablespoons Salt (ignored seasoning/water) | 4 pieces bay leaf (no FDC match for bay leaf) | water (for boiling) (ignored seasoning/water) | cooking oil (missing quantity) | 1 1/2 tablespoons Butter (no FDC match for butter) | 1 piece finger chilies (siling pangsigang) (sliced) (no FDC match for finger chilies) | 1 piece siling labuyo (bird's eye chili) (sliced) (no FDC match for siling labuyo),"1 to 1.3 kilo pork (use leg (pata)) => kilo pork [115.0g, FDC local:pork] | 2 cloves Garlic => garlic [6.0g, FDC local:garlic]"
ph_989,350,27.1,39.1,9.5,5.8,99,6.4,local_reference_ingredient_sum_draft,api_estimate,pending_review,"Draft only: summed local reference ingredient profiles and divided by source_servings=5. Reviewer must verify ingredient matches, edible yield, oil absorption, and serving size before marking reviewed.",draft_partial_match,8,2 tablespoons Oil (no FDC match for oil) | 1/2 Cup celery (sliced thinly) (no FDC match for celery) | 1 Cup Baguio beans (abitsuelas) (sliced) (no FDC match for baguio beans) | 3 tablespoons oyster sauce (no FDC match for oyster sauce) | 1 teaspoon Salt (ignored seasoning/water) | 1/2 teaspoon Pepper (no FDC match for pepper) | 1 tablespoon sesame oil (no FDC match for sesame oil),"3 tablespoons Garlic (minced) => garlic [24.0g, FDC local:garlic] | 250 Grams pork ((use kasim), boiled and sliced thinly) => pork and thinly [250.0g, FDC local:pork] | 6 pieces Shrimp (peeled) => shrimp [120.0g, FDC local:shrimp] | 3 cups cabbage (cubed) => cabbage [420.0g, FDC local:cabbage] | 1 Cup carrot (sliced) => carrot [140.0g, FDC local:carrot] | 1 Cup snow peas (sitsaro) => snow green peas [150.0g, FDC local:green peas] | 2 tablespoons cornstarch => cornstarch [16.0g, FDC local:corn] | 500 Grams pancit canton noodles => pancit canton noodles [500.0g, FDC local:noodles]"
ph_990,215,24.7,18.1,5.4,1.0,80,0.8,local_reference_ingredient_sum_draft,api_estimate,pending_review,"Draft only: summed local reference ingredient profiles and divided by source_servings=2.5. Reviewer must verify ingredient matches, edible yield, oil absorption, and serving size before marking reviewed.",draft_partial_match,3,1 Pack Ginataang Gulay Mix (no FDC match for pack ginataang gulay mix) | 1 Cup water (ignored seasoning/water),"165 Grams rice noodles => rice noodles [165.0g, FDC local:noodles] | 2 blocks firm tofu (tokwa) => blocks tofu [200.0g, FDC local:tofu] | 8 medium Shrimp (cleaned) => shrimp [160.0g, FDC local:shrimp]"
ph_991,445,65.9,17.9,11.0,1.3,545,1.2,local_reference_ingredient_sum_draft,api_estimate,pending_review,"Draft only: summed local reference ingredient profiles and divided by source_servings=7. Reviewer must verify ingredient matches, edible yield, oil absorption, and serving size before marking reviewed.",draft_partial_match,11,1/4 Cup oyster sauce (plus 2 tablespoons) (no FDC match for oyster sauce) | 1 Table Spoon sesame oil (no FDC match for table spoon sesame oil) | 1 tablespoons hot sauce (no FDC match for hot sauce) | 2 stalks celery (chopped finely) (no FDC match for stalks celery),"1 63/4 cups chicken stock => chicken stock [1085.0g, FDC local:chicken] | 3 tablespoons light Chinese soy sauce => light chinese soy sauce [45.0g, FDC local:soy sauce] | 2 tablespoons cornstarch (dissolved in 2 tablespoons cold water) => cornstarch [16.0g, FDC local:corn] | 2 tablespoons vegetable oil (divided) => cooking oil [27.2g, FDC local:cooking oil] | 3 tablespoons Garlic (minced,divided) => garlic [24.0g, FDC local:garlic] | 2 teaspoons ginger (minced,divided) => ginger [5.3g, FDC local:ginger] | 1/3 Cup green onion (chopped,divided) => onion [46.7g, FDC local:onion] | 400 Grams Shrimp (peeled and deveined) => shrimp [400.0g, FDC local:shrimp] | 1 can straw mushrooms (sliced into 3 pieces each) => can straw mushrooms [100.0g, FDC local:mushroom] | 100 Grams Baguio pechay (shredded) => baguio bok choy [100.0g, FDC local:bok choy] | 400 Grams egg noodles (pancit canton) (according to package directions) => egg noodles [400.0g, FDC local:noodles]"
ph_993,118,5.6,4.9,7.6,0.9,86,2.0,local_reference_ingredient_sum_draft,api_estimate,pending_review,"Draft only: summed local reference ingredient profiles and divided by source_servings=5.5. Reviewer must verify ingredient matches, edible yield, oil absorption, and serving size before marking reviewed.",draft_partial_match,8,4 pieces Bay leaf (no FDC match for bay leaf) | 1 tablespoon Siling Labuyo (Bird's Eye Chili) (no FDC match for siling labuyo) | 2 stalks Lemongrass (Tanglad) (no FDC match for stalks lemongrass) | 3-5 pieces Pandan Leaf (no FDC match for pandan leaf) | 1 Cup Water (ignored seasoning/water) | Black Pepper (missing quantity) | Red Chili Pepper (missing quantity),"2 tablespoons Vegetable Oil => cooking oil [27.2g, FDC local:cooking oil] | 1/2 kilo Pork Heart => kilo pork heart [50.0g, FDC local:pork] | 1/2 kilo Pork Lungs => kilo pork lungs [50.0g, FDC local:pork] | 7 cloves Garlic => garlic [21.0g, FDC local:garlic] | 1 large Red Onion => onion [110.0g, FDC local:onion] | 1 large Bell Pepper => bell pepper [120.0g, FDC local:bell pepper] | 2 cups Vinegar => vinegar [280.0g, FDC local:vinegar] | 1 teaspoon Fish Sauce (Patis) => fish sauce [5.0g, FDC local:fish sauce]"
ph_994,184,6.7,21.2,9.4,5.9,24,6.2,local_reference_ingredient_sum_draft,api_estimate,pending_review,"Draft only: summed local reference ingredient profiles and divided by source_servings=4. Reviewer must verify ingredient matches, edible yield, oil absorption, and serving size before marking reviewed.",draft_partial_match,9,1/2 bundle string beans (sitaw) (cut into 2 inch length) (no FDC match for string beans) | 1 1/2 Cup water (no FDC match for water) | 1/2 Cup anchovy sauce (bagoong isda) (no FDC match for anchovy sauce),"2 tablespoons cooking oil => cooking oil [27.2g, FDC local:cooking oil] | 1/2 kilo pork (cut into small pieces) => kilo pork [50.0g, FDC local:pork] | 3 cloves Garlic => garlic [9.0g, FDC local:garlic] | 2 pieces ginger (thinly-sliced) => ginger [200.0g, FDC local:ginger] | 1 large onion (sliced) => onion [110.0g, FDC local:onion] | 2 large tomatoes (quartered) => tomatoes [240.0g, FDC local:tomato] | 4 pieces eggplant => eggplant [200.0g, FDC local:eggplant] | 2 pieces bitter melon (ampalaya) (cut in half) => bitter melon [200.0g, FDC local:bitter melon] | 8 pieces okra (cut in half) => okra [96.0g, FDC local:okra]"
ph_996,338,57.3,1.0,12.0,0.6,185,0.1,local_reference_ingredient_sum_draft,api_estimate,pending_review,"Draft only: summed local reference ingredient profiles and divided by source_servings=4. Reviewer must verify ingredient matches, edible yield, oil absorption, and serving size before marking reviewed.",draft_partial_match,4,2 tablespoons curry paste (no FDC match for curry paste) | 3 tablespoons tamarind powder (no FDC match for tamarind powder) | 1 radish (labanos) (peeled and sliced diagonally) (no FDC match for radish) | 6 pieces yard-long beans (sitaw) (sliced into 2-inch lengths) (no FDC match for yard- beans) | fish sauce (patis) (missing quantity),"5 cups fish stock => fish stock [700.0g, FDC local:fish] | 1 boneless bangus (milkfish) (scaled, gutted, and sliced into 3 pieces) => boneless milkfish [100.0g, FDC local:milkfish] | 8 pieces Shrimp (shelled and deveined with tails intact) => shrimp [160.0g, FDC local:shrimp] | 1 small bunch kangkong (water spinach) leaves (washed and trimmed) => kangkong leaves [100.0g, FDC local:spinach]"
ph_997,193,0.8,7.3,18.3,1.3,19,1.4,local_reference_ingredient_sum_draft,api_estimate,pending_review,"Draft only: summed local reference ingredient profiles and divided by source_servings=5.5. Reviewer must verify ingredient matches, edible yield, oil absorption, and serving size before marking reviewed.",draft_partial_match,4,1 Cup leftover adobo (minced) (no FDC match for leftover adobo) | 1 Cup long beans (sitaw) (thinly sliced) (no FDC match for beans) | 1 Cup mango sprouts (no FDC match for mango sprouts) | Salt (to taste) (ignored seasoning/water) | Pepper (to taste) (ignored seasoning/water) | 12-15 pieces lumpia wrapper (no FDC match for lumpia wrapper) | Oil (for frying) (ignored frying oil reserve) | spiced vinegar (to serve) (missing quantity),"1 Table Spoon cooking oil => table spoon cooking oil [100.0g, FDC local:cooking oil] | 3 cloves Garlic (minced) => garlic [9.0g, FDC local:garlic] | 1 Cup carrot (julienned) => carrot [140.0g, FDC local:carrot] | 1 Cup sweet potato (kamote) (julienned) => sweet potato [140.0g, FDC local:potato]"
ph_998,426,50.2,26.9,12.1,2.7,565,3.5,local_reference_ingredient_sum_draft,api_estimate,pending_review,"Draft only: summed local reference ingredient profiles and divided by source_servings=4. Reviewer must verify ingredient matches, edible yield, oil absorption, and serving size before marking reviewed.",draft_partial_match,9,2 tablespoons Barbecue marinade (no FDC match for barbecue marinade) | 1 tablespoon sesame oil (no FDC match for sesame oil),"1 1/2 tablespoon vegetable oil => cooking oil [20.4g, FDC local:cooking oil] | 1 medium white onion (sliced) => onion [110.0g, FDC local:onion] | 2 tablespoons Garlic (minced) => garlic [16.0g, FDC local:garlic] | 1 Cup carrot (thinly sliced) => carrot [140.0g, FDC local:carrot] | 2 cups chicken stock (plus extra, if needed) => chicken stock [280.0g, FDC local:chicken] | 2 tablespoons Soy Sauce => soy sauce [30.0g, FDC local:soy sauce] | 300 Grams egg noodles (pancit canton) (uncooked) => egg noodles [300.0g, FDC local:noodles] | 300 Grams Chicken (grilled and sliced) => chicken [300.0g, FDC local:chicken] | 1 head Bok Choy (Chinese leafy cabbage) (steamed or blanched) => bok choy [100.0g, FDC local:bok choy]"
ph_999,439,13.3,69.3,10.9,1.1,74,0.5,local_reference_ingredient_sum_draft,api_estimate,pending_review,"Draft only: summed local reference ingredient profiles and divided by source_servings=5. Reviewer must verify ingredient matches, edible yield, oil absorption, and serving size before marking reviewed.",draft_partial_match,4,Oil (for frying) (ignored frying oil reserve) | 3 cups leftover adobo (shredded) (no FDC match for leftover adobo) | 3 tablespoons kesong puti (white cheese) (cubed (optional)) (no FDC match for kesong puti) | seasoned vinegar (to serve) (missing quantity) | 1/2 tablespoon Salt (no FDC match for salt) | 1 teaspoon chili flakes (no FDC match for chili flakes),"2 tablespoons vegetable oil => cooking oil [27.2g, FDC local:cooking oil] | 3 tablespoons Garlic (minced) => garlic [24.0g, FDC local:garlic] | 5 cups rice (cooked) => rice [1200.0g, FDC local:rice] | 5 medium Egg => egg [250.0g, FDC local:egg]"
ph_1000,596,27.2,69.7,21.5,1.6,50,1.5,local_reference_ingredient_sum_draft,api_estimate,pending_review,"Draft only: summed local reference ingredient profiles and divided by source_servings=4. Reviewer must verify ingredient matches, edible yield, oil absorption, and serving size before marking reviewed.",draft_partial_match,5,Salt (to taste) (ignored seasoning/water) | green onion (for garnish) (missing quantity),"3 tablespoons Achuete Oil (annatto oil) => achuete oil [40.8g, FDC local:annatto oil] | 3 cloves Garlic (minced) => garlic [9.0g, FDC local:garlic] | 1 medium red bell pepper (cored and cut into small cubes) => bell pepper [120.0g, FDC local:bell pepper] | 4 cups white rice (cooked) => rice [960.0g, FDC local:rice] | 3 sticks Pork Barbecue (removed from the sticks and cut into cubes) => sticks pork barbecue [300.0g, FDC local:pork]"
ph_1001,74,2.4,11.1,2.4,3.0,18,1.8,local_reference_ingredient_sum_draft,api_estimate,pending_review,"Draft only: summed local reference ingredient profiles and divided by source_servings=6. Reviewer must verify ingredient matches, edible yield, oil absorption, and serving size before marking reviewed.",draft_partial_match,5,1 Cup leftover adobo (minced) (no FDC match for leftover adobo) | 1 Cup green beans (sitaw) (no FDC match for beans) | Salt (to taste) (ignored seasoning/water) | 15 lumpia wrapper (no FDC match for lumpia wrapper) | Oil (for frying) (ignored frying oil reserve) | spiced vinegar (to serve) (missing quantity),"1 tablespoon cooking oil => cooking oil [13.6g, FDC local:cooking oil] | 3 cloves Garlic (minced) => garlic [9.0g, FDC local:garlic] | 1 Cup carrot (julienned) => carrot [140.0g, FDC local:carrot] | 1 Cup sweet potato (kamote) => sweet potato [140.0g, FDC local:potato] | 1 Cup monggo sprouts => mung beans sprouts [140.0g, FDC local:mung beans]"
ph_1002,123,13.7,11.2,2.5,0.6,679,2.9,local_reference_ingredient_sum_draft,api_estimate,pending_review,"Draft only: summed local reference ingredient profiles and divided by source_servings=5. Reviewer must verify ingredient matches, edible yield, oil absorption, and serving size before marking reviewed.",draft_partial_match,8,vegetable oil (for sauteeing) (missing quantity) | 1 bay leaf (no FDC match for bay leaf) | Pepper (to taste) (ignored seasoning/water),"500 Grams mussels (cleaned and beards removed) => mussels [500.0g, FDC local:mussels] | 1 (1-inch) piece ginger (minced) => ginger [100.0g, FDC local:ginger] | 2 cloves Garlic (crushed and minced) => garlic [6.0g, FDC local:garlic] | 2 tablespoons Soy Sauce => soy sauce [30.0g, FDC local:soy sauce] | 2 tablespoons Vinegar => vinegar [30.0g, FDC local:vinegar] | 1/2 Cup Mussel Broth => mussel broth [120.0g, FDC local:broth] | 1 tablespoon brown sugar => brown sugar [12.5g, FDC local:sugar] | 1 Cup malunggay leaves (moringa) => moringa leaves leaves [30.0g, FDC local:moringa leaves]"
ph_1003,152,31.3,6.5,0.6,1.5,439,3.6,local_reference_ingredient_sum_draft,api_estimate,pending_review,"Draft only: summed local reference ingredient profiles and divided by source_servings=4. Reviewer must verify ingredient matches, edible yield, oil absorption, and serving size before marking reviewed.",draft_partial_match,4,100 Grams Tamarind (Sampalok) (boiled and mashed) (no FDC match for tamarind) | 1 radish (labanos) (peeled and sliced) (no FDC match for radish) | 1 thin bunch string beans (sitaw) (cut into strips) (no FDC match for thin string beans) | 2 pieces long green chilies (siling pangsigang) ((Optional)) (no FDC match for chilies) | 4 cups water (ignored seasoning/water),"1/2 kilograms Shrimp (deveined) => shrimp [500.0g, FDC local:shrimp] | 1 piece onion (cut into cubes) => onion [110.0g, FDC local:onion] | 3 pieces tomatoes (cut into cubes) => tomatoes [360.0g, FDC local:tomato] | 3 teaspoons fish sauce (patis) => fish sauce [15.0g, FDC local:fish sauce]"
ph_1005,115,9.7,3.2,7.1,0.5,113,1.1,local_reference_ingredient_sum_draft,api_estimate,pending_review,"Draft only: summed local reference ingredient profiles and divided by source_servings=9. Reviewer must verify ingredient matches, edible yield, oil absorption, and serving size before marking reviewed.",draft_partial_match,8,Salt (to taste) (ignored seasoning/water) | rice (to serve) (missing quantity),"2 tablespoons Garlic (minced) => garlic [16.0g, FDC local:garlic] | 2 onion (sliced) => onion [220.0g, FDC local:onion] | 1/4 Cup canola oil => cooking oil [54.5g, FDC local:cooking oil] | 1/4 Cup dried shrimp (hibe) (rehydrated in warm water and drained) => dried shrimp [35.0g, FDC local:shrimp] | 1 whole Chicken (cut into 10 to 12 pieces) => chicken [100.0g, FDC local:chicken] | 2 teaspoons fish sauce (patis) => fish sauce [10.0g, FDC local:fish sauce] | 1/4 wedge squash (kalabasa) (peeled and cubed) => wedge squash [25.0g, FDC local:squash] | 1 Cup chicken stock => chicken stock [140.0g, FDC local:chicken]"
ph_1006,126,10.8,2.7,7.6,0.2,373,0.2,local_reference_ingredient_sum_draft,api_estimate,pending_review,"Draft only: summed local reference ingredient profiles and divided by source_servings=5.5. Reviewer must verify ingredient matches, edible yield, oil absorption, and serving size before marking reviewed.",draft_partial_match,6,water (to cover meat) (ignored seasoning/water),"1 tablespoon cooking oil => cooking oil [13.6g, FDC local:cooking oil] | 12 cloves Garlic (crushed) => garlic [36.0g, FDC local:garlic] | 1/2 tablespoon peppercorns (cracked) => peppercorns [4.0g, FDC local:corn] | 2 kilos pork ((use pork belly), chopped into 2-inch cubes) => kilos pork into -inch cubes [200.0g, FDC local:pork] | 1/2 Cup Vinegar => vinegar [70.0g, FDC local:vinegar] | 1/4 Cup Soy Sauce => soy sauce [35.0g, FDC local:soy sauce]"
ph_1007,1744,164.1,26.9,103.8,0.5,5974,19.2,local_reference_ingredient_sum_draft,api_estimate,pending_review,"Draft only: summed local reference ingredient profiles and divided by source_servings=2. Reviewer must verify ingredient matches, edible yield, oil absorption, and serving size before marking reviewed.",draft_partial_match,7,3 cups water (ignored seasoning/water) | 1/4 Cup rock salt (ignored seasoning/water) | 4 cups vegetable oil (ignored frying oil reserve) | 1/2 Cup mirin (japanese sweet rice wine) (no FDC match for mirin) | 1/2 Cup sake (japanese rice wine) (no FDC match for sake) | 2 to 3 pieces siling labuyo (birds eye chili) (for garnish (optional)) (no FDC match for siling labuyo),"1/4 Cup sugar => sugar [31.2g, FDC local:sugar] | 5 pieces Chicken ((use wings), tips trimmed and reserved) => chicken tips trimmed and reserved [500.0g, FDC local:chicken] | 4 to 5 strips bacon => strips bacon [450.0g, FDC local:bacon] | 1/2 Cup light Japanese soy sauce => light japanese soy sauce [70.0g, FDC local:soy sauce] | 1/2 Cup japanese rice vinegar (Mitsukan) => japanese rice vinegar [120.0g, FDC local:vinegar] | 1/2 tablespoon sugar => sugar [6.2g, FDC local:sugar] | 5 to 6 cloves Garlic (sliced thinly) => garlic [16.5g, FDC local:garlic]"
ph_1008,86,10.7,6.9,1.2,0.9,1984,1.6,local_reference_ingredient_sum_draft,api_estimate,pending_review,"Draft only: summed local reference ingredient profiles and divided by source_servings=4. Reviewer must verify ingredient matches, edible yield, oil absorption, and serving size before marking reviewed.",draft_partial_match,7,1/2 tablespoon black pepper (no FDC match for pepper) | coconut cream (kakang gata) (from 2 mature coconuts) (missing quantity) | 4 pieces bay leaf (no FDC match for bay leaf) | 5 Bicol Chilies (no FDC match for bicol chilies) | 4 finger chilies (siling pangsigang) (no FDC match for finger chilies),"1 and 1/2 kilos Chicken (cut into pieces) => and kilos chicken [100.0g, FDC local:chicken] | 1 and 1/2 cups Soy Sauce => and soy sauce [100.0g, FDC local:soy sauce] | 1 Cup white vinegar => vinegar [140.0g, FDC local:vinegar] | 1/2 tablespoon Garlic (minced) => garlic [4.0g, FDC local:garlic] | 1/2 Cup ginger (julienned) => ginger [70.0g, FDC local:ginger] | 1/2 Cup onion (minced) => onion [70.0g, FDC local:onion] | 2 tablespoons fish sauce (patis) => fish sauce [30.0g, FDC local:fish sauce]"
ph_1010,506,12.8,58.5,23.6,1.0,404,2.0,local_reference_ingredient_sum_draft,api_estimate,pending_review,"Draft only: summed local reference ingredient profiles and divided by source_servings=5. Reviewer must verify ingredient matches, edible yield, oil absorption, and serving size before marking reviewed.",draft_partial_match,11,"2 stalks lemongrass (tanglad) (pounded) (no FDC match for stalks lemongrass) | 1 tablespoon patis (fish sauce) (no FDC match for patis) | 2 teaspoons Salt (ignored seasoning/water) | 1 teaspoon black pepper (no FDC match for pepper) | 3/4 Cup Achuete Oil (annatto oil) ((recipe follows)) (ignored frying oil reserve) | 1/2 Cup margarine (no FDC match for margarine) | Achuete Oil (annatto oil) (for coloring, recipe follows) (no FDC match for chuete oil) | 1/4 Cup water (for atsuete oil) (ignored seasoning/water) | 1/2 Cup canola oil (for atsuete oil) (ignored frying oil reserve)","1/2 Cup Vinegar (use Sinamak) => vinegar [70.0g, FDC local:vinegar] | 1/4 Cup white vinegar => vinegar [35.0g, FDC local:vinegar] | 1/4 Cup Soy Sauce => soy sauce [35.0g, FDC local:soy sauce] | 2 teaspoons brown sugar => brown sugar [8.3g, FDC local:sugar] | 1 clove Garlic (pounded) => garlic [3.0g, FDC local:garlic] | 1 kilo Chicken (use chicken thighs) => kilo chicken [100.0g, FDC local:chicken] | 2 teaspoons chicken powder => chicken powder [5.3g, FDC local:chicken] | 4 cups rice (cooked) => rice [960.0g, FDC local:rice] | 1/4 Cup Garlic (minced) => garlic [35.0g, FDC local:garlic] | 3 tablespoons canola oil => cooking oil [40.8g, FDC local:cooking oil] | 1/2 Cup Achuete Seeds (annatto seeds) (for atsuete oil) => achuete seeds [70.0g, FDC local:annatto oil]"
ph_1011,69,3.8,13.4,0.5,4.2,329,6.0,local_reference_ingredient_sum_draft,api_estimate,pending_review,"Draft only: summed local reference ingredient profiles and divided by source_servings=5.5. Reviewer must verify ingredient matches, edible yield, oil absorption, and serving size before marking reviewed.",draft_partial_match,6,8 cups water (ignored seasoning/water) | 1 and 1/2 cups kamias (no FDC match for and kamias) | 2 pieces siling pansigang (no FDC match for siling pansigang) | 1 radish (labanos) (sliced) (no FDC match for radish) | 6 pieces sigarilyas (cut into 1-inch slices) (no FDC match for sigarilyas) | 500 Grams Prawns (Sugpo) (cleaned) (no FDC match for prawns),"2 tomatoes (quartered) => tomatoes [240.0g, FDC local:tomato] | 1 onion (sliced) => onion [110.0g, FDC local:onion] | 1 to 2 tablespoons fish sauce (patis) => fish sauce [22.5g, FDC local:fish sauce] | 6 pieces okra (sliced into 1-inch pieces) => okra [72.0g, FDC local:okra] | 2 eggplant (sliced) => eggplant [100.0g, FDC local:eggplant] | 5 stalks sitaw (string beans) (sliced into 3-inch lengths) => stalks yardlong beans [500.0g, FDC local:yardlong beans]"
ph_1012,311,24.0,44.3,4.8,6.4,760,11.2,local_reference_ingredient_sum_draft,api_estimate,pending_review,"Draft only: summed local reference ingredient profiles and divided by source_servings=3.5. Reviewer must verify ingredient matches, edible yield, oil absorption, and serving size before marking reviewed.",draft_partial_match,6,1 liter water (ignored seasoning/water) | 1 teaspoon Salt (ignored seasoning/water) | 1 teaspoon black pepper (no FDC match for pepper) | 1/2 Cup Butter (no FDC match for butter) | 3 tablespoons chilies (siling labuyo) (no FDC match for chilies) | Calamansi Juice (missing quantity) | Pepper (ignored seasoning/water) | 1/4 Cup cream (no FDC match for cream),"1/2 kilo pork face (maskara) => kilo pork face [50.0g, FDC local:pork] | 1 Cup white onion (minced) => onion [140.0g, FDC local:onion] | 120 Grams chicken liver (chopped) => chicken liver [120.0g, FDC local:chicken] | 3 tablespoons Soy Sauce => soy sauce [45.0g, FDC local:soy sauce] | 300 Grams penne pasta (cooked according to package instructions) => penne pasta [300.0g, FDC local:pasta] | 10 Cherry tomatoes (roasted and halved) => cherry tomatoes [1200.0g, FDC local:tomato]"
ph_1013,893,145.5,11.6,25.1,0.7,577,4.4,local_reference_ingredient_sum_draft,api_estimate,pending_review,"Draft only: summed local reference ingredient profiles and divided by source_servings=4. Reviewer must verify ingredient matches, edible yield, oil absorption, and serving size before marking reviewed.",draft_partial_match,11,1/4 teaspoon Pepper (crushed) (no FDC match for pepper) | Salt (ignored seasoning/water) | chicharon (missing quantity) | Garlic (fried and chopped) (missing quantity) | shallots (sibuyas Tagalog) (fried) (missing quantity) | spring onions (missing quantity),"10 cups chicken stock (divided) => chicken stock [1400.0g, FDC local:chicken] | 1 medium white onion (chopped) => onion [110.0g, FDC local:onion] | 4 cloves Garlic => garlic [12.0g, FDC local:garlic] | 4 tablespoons dried shrimp (hibe) => dried shrimp [32.0g, FDC local:shrimp] | 1 tablespoon brown sugar => brown sugar [12.5g, FDC local:sugar] | 1 tablespoon Soy Sauce => soy sauce [15.0g, FDC local:soy sauce] | 250 Grams pork ((use kasim), cut into 1-inch pieces) => pork [250.0g, FDC local:pork] | 150 Grams pork liver => pork liver [150.0g, FDC local:liver] | 1 piece Chicken (use breast part) => chicken [100.0g, FDC local:chicken] | 1/2 kilo fresh miki noodles => kilo miki noodles [50.0g, FDC local:noodles] | 1 whole Egg (Optional) => egg [50.0g, FDC local:egg]"
ph_1014,348,10.9,68.1,2.9,2.8,37,3.0,local_reference_ingredient_sum_draft,api_estimate,pending_review,"Draft only: summed local reference ingredient profiles and divided by source_servings=6. Reviewer must verify ingredient matches, edible yield, oil absorption, and serving size before marking reviewed.",draft_partial_match,6,1 pouch sinigang powder mix (no FDC match for pouch sinigang powder mix) | 2 finger chilies (siling pangsigang) (no FDC match for finger chilies) | 1 radish radish (labanos) (sliced diagonally) (no FDC match for radish radish) | eggplant (sliced (optional)) (missing quantity),"1 Pack SARANGANI BAY Prime Boneless Bangus Belly => pack sarangani bay prime boneless milkfish belly [100.0g, FDC local:milkfish] | 5 to 6 cups Rice Washing (Hugas Bigas) => rice washing [1320.0g, FDC local:rice] | 2 tomatoes (quartered) => tomatoes [240.0g, FDC local:tomato] | 2 medium onion (quartered) => onion [220.0g, FDC local:onion] | 4 pieces okra (cut into halves) => okra [48.0g, FDC local:okra] | 1 bunch kangkong (water spinach) leaves => kangkong leaves [150.0g, FDC local:spinach]"
ph_1015,115,5.2,4.4,8.8,0.8,17,1.8,local_reference_ingredient_sum_draft,api_estimate,pending_review,"Draft only: summed local reference ingredient profiles and divided by source_servings=4.5. Reviewer must verify ingredient matches, edible yield, oil absorption, and serving size before marking reviewed.",draft_ready_for_review,5,,"1 kilo SARANGANI BAY Boneless Milkfish Belly => kilo sarangani bay boneless milkfish belly [100.0g, FDC local:milkfish] | 1/8 Cup cooking oil => cooking oil [27.2g, FDC local:cooking oil] | 5 cloves Garlic (peeled and smashed) => garlic [15.0g, FDC local:garlic] | 1 white onion (sliced) => onion [110.0g, FDC local:onion] | 1 tomatoes (sliced) => tomatoes [120.0g, FDC local:tomato]"
ph_1016,992,48.7,30.2,79.0,8.7,141,15.8,local_reference_missing_quantity_draft,api_estimate,pending_review,"Draft only: used source ingredient names with default recipe quantities and divided by source_servings=1. Reviewer must verify ingredient matches, edible yield, oil absorption, and serving size before marking reviewed.",draft_partial_match,6,Salt (ignored seasoning/water) | chilies (siling labuyo) (chopped) (no local reference match for chilies),"coconut milk (gata) => coconut milk [240.0g default, FDC local:coconut milk] | Garlic (shredded) => garlic [6.0g default, FDC local:garlic] | onion => onion [110.0g default, FDC local:onion] | tomatoes => tomatoes [120.0g default, FDC local:tomato] | Pig Parts (chopped) => pork [150.0g default, FDC local:pork] | Vinegar => vinegar [15.0g default, FDC local:vinegar]"
ph_1017,326,28.5,11.8,19.9,2.0,668,6.1,local_reference_ingredient_sum_draft,api_estimate,pending_review,"Draft only: summed local reference ingredient profiles and divided by source_servings=4. Reviewer must verify ingredient matches, edible yield, oil absorption, and serving size before marking reviewed.",draft_partial_match,7,1 stalk lemongrass (tanglad) (washed) (no FDC match for stalk lemongrass) | lime wedges (for garnish) (missing quantity),"3 cups fish stock => fish stock [420.0g, FDC local:fish] | 1 1-inch piece ginger (peeled and minced) => -inch ginger [100.0g, FDC local:ginger] | 1 Cup coconut milk (gata) => coconut milk [240.0g, FDC local:coconut milk] | 2 tablespoons fish sauce (patis) => fish sauce [30.0g, FDC local:fish sauce] | 1 tablespoon Palm sugar => palm sugar [12.5g, FDC local:sugar] | 1/2 kilo Shrimp (peeled an deveined) => kilo shrimp [10.0g, FDC local:shrimp] | 1/2 Cup button mushrooms => button mushrooms [70.0g, FDC local:mushroom]"
ph_1018,133,6.4,1.4,11.2,0.1,16,0.1,local_reference_ingredient_sum_draft,api_estimate,pending_review,"Draft only: summed local reference ingredient profiles and divided by source_servings=5. Reviewer must verify ingredient matches, edible yield, oil absorption, and serving size before marking reviewed.",draft_partial_match,7,4 to 6 calamansi (juiced) (no FDC match for calamansi) | 8 stalks lemongrass (tanglad) (chopped) (no FDC match for stalks lemongrass) | 2 teaspoons rock salt (ignored seasoning/water) | several tablespoons vegetable oil (missing quantity) | 1 teaspoon black pepper (no FDC match for pepper) | 1 medium tub margarine (no FDC match for tub margarine),"1 kilo Chicken (use thigh-leg part) => kilo chicken [100.0g, FDC local:chicken] | 1 tablespoon ginger (minced) => ginger [8.0g, FDC local:ginger] | 2 tablespoons Garlic (minced) => garlic [16.0g, FDC local:garlic] | 1/4 Cup native vinegar => native vinegar [35.0g, FDC local:vinegar] | 2 tablespoons Achuete (annatto) => achuete [16.0g, FDC local:annatto oil] | 1 to 2 tablespoons Achuete Oil (annatto oil) => achuete oil [20.4g, FDC local:annatto oil] | 2 tablespoons Achuete (annatto) => achuete [16.0g, FDC local:annatto oil]"
ph_1019,71,6.5,4.5,2.9,0.6,344,1.1,local_reference_ingredient_sum_draft,api_estimate,pending_review,"Draft only: summed local reference ingredient profiles and divided by source_servings=5. Reviewer must verify ingredient matches, edible yield, oil absorption, and serving size before marking reviewed.",draft_partial_match,8,2 teaspoons Salt (ignored seasoning/water) | 1 bay leaf (no FDC match for bay leaf) | rock salt (for seasoning) (ignored seasoning/water) | Pickled Vegetables (Atsara) (to serve (optional)) (missing quantity) | 2 tablespoons Korean Hot Pepper Paste (Gochujang) (no FDC match for korean hot pepper paste) | 1 and 1/2 tablespoons honey (or to taste) (no FDC match for and honey) | 2 teaspoons sesame oil (no FDC match for sesame oil),"1 kilo pork (use pork belly) => kilo pork [100.0g, FDC local:pork] | 1 large white onion (quartered) => onion [110.0g, FDC local:onion] | 4 cloves Garlic (smashed) => garlic [12.0g, FDC local:garlic] | 1/3 teaspoon peppercorns => peppercorns [0.9g, FDC local:corn] | 2 tablespoons Soy Sauce => soy sauce [30.0g, FDC local:soy sauce] | 1 tablespoon Rice Vinegar => rice vinegar [15.0g, FDC local:vinegar] | 1 thumb-sized piece ginger (peeled and grated) => -sized ginger [15.0g, FDC local:ginger] | 4 cloves Garlic (chopped) => garlic [12.0g, FDC local:garlic]"
ph_1020,128,10.2,18.0,1.1,0.3,1197,0.7,local_reference_ingredient_sum_draft,api_estimate,pending_review,"Draft only: summed local reference ingredient profiles and divided by source_servings=4. Reviewer must verify ingredient matches, edible yield, oil absorption, and serving size before marking reviewed.",draft_partial_match,4,1 Cup clam stock (no FDC match for clam stock) | 1 Cup water (as needed) (ignored seasoning/water) | 3 tablespoons sesame oil (no FDC match for sesame oil) | clams (missing quantity) | century egg (missing quantity) | garlic chips (missing quantity) | Lobster Balls (missing quantity) | spring onions (chopped) (missing quantity) | Pickled Vegetables (Atsara) (to serve) (missing quantity),"1 whole Chicken (about 1 kilo) => chicken [100.0g, FDC local:chicken] | 1 Cup glutinous rice => glutinous rice [240.0g, FDC local:rice] | 4 tablespoons fish sauce (patis) ((patis)) => fish sauce [60.0g, FDC local:fish sauce] | 1 thumb- size ginger (cut into strips) => - size ginger [15.0g, FDC local:ginger]"
ph_1021,231,25.1,3.4,12.4,0.3,697,0.1,local_reference_ingredient_sum_draft,api_estimate,pending_review,"Draft only: summed local reference ingredient profiles and divided by source_servings=4. Reviewer must verify ingredient matches, edible yield, oil absorption, and serving size before marking reviewed.",draft_partial_match,4,"Calamansi Juice (missing quantity) | black pepper (missing quantity) | canola oil (missing quantity) | 500 Grams Baguio beans (abitsuelas) (ends trimmed, strings removed, and cut into 1-inch pieces) (no FDC match for baguio beans) | rice ((steamed), to serve) (missing quantity)","300 to 400 Grams pork (cut into 1-inch chunks) => pork [350.0g, FDC local:pork] | 1/3 Cup Soy Sauce => soy sauce [46.7g, FDC local:soy sauce] | 4 cloves Garlic (peeled and smashed) => garlic [12.0g, FDC local:garlic] | 7 to 8 cloves Garlic (peeled and chopped finely) => garlic [22.5g, FDC local:garlic]"
ph_1022,67,10.4,2.5,1.2,0.2,536,0.2,local_reference_ingredient_sum_draft,api_estimate,pending_review,"Draft only: summed local reference ingredient profiles and divided by source_servings=5. Reviewer must verify ingredient matches, edible yield, oil absorption, and serving size before marking reviewed.",draft_partial_match,4,1/4 Cup water (ignored seasoning/water) | 1 teaspoon black pepper (no FDC match for pepper),"1 1/2 kilos Chicken (chopped into serving pieces) => kilos chicken [150.0g, FDC local:chicken] | 3/4 Cup Vinegar => vinegar [105.0g, FDC local:vinegar] | 1/3 Cup Soy Sauce => soy sauce [46.7g, FDC local:soy sauce] | 1 ounce Garlic (roughly chopped) => garlic [28.3g, FDC local:garlic]"
ph_1023,146,13.7,8.5,6.6,2.3,37,5.2,local_reference_ingredient_sum_draft,api_estimate,pending_review,"Draft only: summed local reference ingredient profiles and divided by source_servings=4.5. Reviewer must verify ingredient matches, edible yield, oil absorption, and serving size before marking reviewed.",draft_partial_match,3,6 to 8 small (or 4 large) Mustard Leaves (Mustasa) (no FDC match for mustard leaves) | Salt (ignored seasoning/water),"6 medium tomatoes (sliced) => tomatoes [720.0g, FDC local:tomato] | 1 large white onion (sliced) => onion [110.0g, FDC local:onion] | 2 (1/2-inch-thick) pieces pork (use pork belly) => pork [200.0g, FDC local:pork]"
ph_1024,1059,146.7,59.0,21.5,1.0,364,0.7,local_reference_ingredient_sum_draft,api_estimate,pending_review,"Draft only: summed local reference ingredient profiles and divided by source_servings=3.5. Reviewer must verify ingredient matches, edible yield, oil absorption, and serving size before marking reviewed.",draft_partial_match,6,Salt (to taste) (ignored seasoning/water) | green onion (chopped) (missing quantity) | Soy Sauce (to taste) (missing quantity),"1 Cup long-grain rice (washed) => -grain rice [240.0g, FDC local:rice] | 2 cups glutinous rice (washed) => glutinous rice [480.0g, FDC local:rice] | 10 cups chicken stock ((homemade or from 2 chicken bouillon cubes dissolved in 10 cups water)) => chicken stock [1400.0g, FDC local:chicken] | 1 to 1 and 1/2 cups chicken adobo (shredded) => and chicken adobo [100.0g, FDC local:chicken] | 2 Salted Egg (itlog na maalat) (peeled and quartered) => salted egg [100.0g, FDC local:egg] | 2 pieces firm tofu (tokwa) (sliced into 1-inch rectangles and deep fried) => tofu [200.0g, FDC local:tofu]"
ph_1025,114,9.8,16.0,1.2,1.0,26,3.9,local_reference_ingredient_sum_draft,api_estimate,pending_review,"Draft only: summed local reference ingredient profiles and divided by source_servings=4. Reviewer must verify ingredient matches, edible yield, oil absorption, and serving size before marking reviewed.",draft_partial_match,5,"5 pandan leaf (washed and knotted) (no FDC match for pandan leaf) | 1 and 1/2 cups coconut water (no FDC match for and coconut water) | 1 bay leaf (no FDC match for bay leaf) | peppercorns (to taste) (missing quantity) | Salt (to taste) (ignored seasoning/water) | coconut (buko) ((use coconut meat), scraped out using a spoon) (missing quantity)","1 kilo Chicken (use quarter cut chicken (thigh and leg)) => kilo chicken [100.0g, FDC local:chicken] | 1 bulb Garlic (smashed) => bulb garlic [100.0g, FDC local:garlic] | 1 (2-inch) piece ginger (sliced thinly) => ginger [100.0g, FDC local:ginger] | 1/2 Cup Vinegar => vinegar [70.0g, FDC local:vinegar] | 1 tablespoon sugar => sugar [12.5g, FDC local:sugar]"
ph_1026,232,5.4,50.3,1.9,3.7,553,36.2,local_reference_ingredient_sum_draft,api_estimate,pending_review,"Draft only: summed local reference ingredient profiles and divided by source_servings=9. Reviewer must verify ingredient matches, edible yield, oil absorption, and serving size before marking reviewed.",draft_partial_match,9,8 to 10 cups water (no FDC match for water) | 2 pieces radish (labanos) (peeled and sliced) (no FDC match for radish) | 1 bunch string beans (sitaw) (cut into 1-inch long pieces) (no FDC match for string beans) | 4 to 5 slices green chili (siling tagalog) (no FDC match for slices chili),"1 large red onion (quartered) => onion [110.0g, FDC local:onion] | 4 medium tomatoes (halved) => tomatoes [480.0g, FDC local:tomato] | 4 tablespoons fish sauce (patis) => fish sauce [60.0g, FDC local:fish sauce] | 1 kilo Pork Leg (sliced) => kilo pork leg [100.0g, FDC local:pork] | 4 pieces taro (gabi) (peeled and quartered) => taro [400.0g, FDC local:taro] | 3 cupsugar Tamarind (Sampalok) => cupsugar tamarind [300.0g, FDC local:sugar] | 6 to 8 pieces okra => okra [84.0g, FDC local:okra] | 2 eggplant (sliced) => eggplant [100.0g, FDC local:eggplant] | 1 bunch kangkong (water spinach) leaves (tender stems pinched off) => kangkong leaves [150.0g, FDC local:spinach]"
ph_1027,64,6.3,5.4,2.2,1.3,2650,3.1,local_reference_ingredient_sum_draft,api_estimate,pending_review,"Draft only: summed local reference ingredient profiles and divided by source_servings=6. Reviewer must verify ingredient matches, edible yield, oil absorption, and serving size before marking reviewed.",draft_partial_match,5,1 medium puso ng saging (banana blossom) (no FDC match for puso ng saging) | Calamansi Juice (missing quantity) | 6 cups water (ignored seasoning/water) | 6 o 7 Small Guava (bayabas) (peeled and cut in half) (no FDC match for o guava),"1 bunch kangkong (water spinach) leaves => kangkong leaves [150.0g, FDC local:spinach] | 2 tomatoes (halved) => tomatoes [240.0g, FDC local:tomato] | 1 medium onion (quartered) => onion [110.0g, FDC local:onion] | 2 and 1/2 tablespoons fish sauce (patis) => and fish sauce [200.0g, FDC local:fish sauce] | 1 large milkfish (bangus) (scaled, cleaned, and cut into 6 pieces) => milkfish [100.0g, FDC local:milkfish]"
ph_1028,739,56.5,81.7,21.5,4.0,129,2.5,local_reference_ingredient_sum_draft,api_estimate,pending_review,"Draft only: summed local reference ingredient profiles and divided by source_servings=4. Reviewer must verify ingredient matches, edible yield, oil absorption, and serving size before marking reviewed.",draft_partial_match,6,2 pieces shallots (sibuyas Tagalog) (minced) (no FDC match for shallots) | 60 ml Soy Sauce (unsupported unit ml) | 180 ml cane vinegar (unsupported unit ml) | 80 ml water (ignored seasoning/water) | 1 piece bay leaf (dreid) (no FDC match for bay leaf) | 4 pieces suman (no FDC match for suman) | 2 pieces ripe mango (halves) (no FDC match for mango) | 1 piece green mango (half) (no FDC match for mango),"300 Grams Chicken ((use breast part), cubed) => chicken [300.0g, FDC local:chicken] | 300 Grams pork (skin off, cubed) => pork [300.0g, FDC local:pork] | 30 ml vegetable oil => cooking oil [27.6g, FDC local:cooking oil] | 6 pieces Garlic (thinly sliced) => garlic [600.0g, FDC local:garlic] | 30 teaspoons black peppercorns (fresh ground) => peppercorns [80.0g, FDC local:corn] | 4 pieces rice wrapper => rice wrapper [400.0g, FDC local:rice]"
ph_1029,229,6.8,9.0,19.0,0.8,974,4.7,local_reference_ingredient_sum_draft,api_estimate,pending_review,"Draft only: summed local reference ingredient profiles and divided by source_servings=4. Reviewer must verify ingredient matches, edible yield, oil absorption, and serving size before marking reviewed.",draft_partial_match,9,2 tablespoons Oil (no FDC match for oil) | Salt (to taste) (ignored seasoning/water),"1/2 tablespoons Achuete Seeds (annatto seeds) => achuete seeds [4.0g, FDC local:annatto oil] | 1/3 Cup onion (chopped) => onion [46.7g, FDC local:onion] | 1 tablespoon Garlic (minced) => garlic [8.0g, FDC local:garlic] | 2 1/2 cups beef broth => beef broth [600.0g, FDC local:broth] | 1/4 cup plus 2 tablespoons peanut butter => plus peanut butter [35.0g, FDC local:peanut butter] | 2 to 3 tablespoons glutinous rice (toasted) => glutinous rice [20.0g, FDC local:rice] | 2 tablespoons fish sauce (patis) => fish sauce [30.0g, FDC local:fish sauce] | 1 tablespoon sugar => sugar [12.5g, FDC local:sugar] | 1 kilo Pork belly (boiled until tender) => kilo pork belly [100.0g, FDC local:pork belly]"
ph_1030,483,61.6,1.9,23.7,0.1,1031,0.6,local_reference_ingredient_sum_draft,api_estimate,pending_review,"Draft only: summed local reference ingredient profiles and divided by source_servings=4. Reviewer must verify ingredient matches, edible yield, oil absorption, and serving size before marking reviewed.",draft_partial_match,9,1/2 teaspoon Salt (no FDC match for salt) | 2 bay leaf (no FDC match for bay leaf) | 1 to 2 pieces red chili pepper (siling labuyo) (no FDC match for chili pepper),"2 teaspoons Garlic (chopped) => garlic [5.3g, FDC local:garlic] | 4 tablespoons Achuete Oil (annatto oil) => achuete oil [54.4g, FDC local:annatto oil] | 1 kilo Beef ((use beef short ribs (tadyang)), cut into 3-inch pieces) => kilo beef [100.0g, FDC local:beef] | 3 teaspoons Vinegar => vinegar [15.0g, FDC local:vinegar] | 1 tablespoon green peppercorns => peppercorns [8.0g, FDC local:corn] | 1 teaspoon red peppercorns => peppercorns [2.7g, FDC local:corn] | 1 tablespoon white peppercorns => peppercorns [8.0g, FDC local:corn] | 3 tablespoons fish sauce (patis) => fish sauce [45.0g, FDC local:fish sauce] | 5 cups chicken stock => chicken stock [700.0g, FDC local:chicken]"
ph_1031,53,3.2,9.5,0.3,0.8,1241,0.6,local_reference_ingredient_sum_draft,api_estimate,pending_review,"Draft only: summed local reference ingredient profiles and divided by source_servings=4. Reviewer must verify ingredient matches, edible yield, oil absorption, and serving size before marking reviewed.",draft_partial_match,5,1 kilo lamb (use chops) (no FDC match for kilo lamb) | 10 Grams lemon balm (finely chopped) (no FDC match for lemon balm) | 3 pieces bay leaf (bruised) (no FDC match for bay leaf) | 2 pieces Vietnamese Coriander (no FDC match for vietnamese coriander) | 20 Grams cilantro (wansoy) (mixed 1 gram nutmeg powder) (no FDC match for cilantro) | 50 Grams Leeks (sliced thinly) (no FDC match for leeks) | 120 Grams grapes (sliced) (no FDC match for grapes) | 1 tablespoon unsalted butter (no FDC match for unsalted butter) | Lemon Balm Buds (missing quantity),"4 Grams peppercorns (crushed) => peppercorns [4.0g, FDC local:corn] | 40 Grams blue ginger (galangal) (julienned) => blue ginger [40.0g, FDC local:ginger] | 75 Grams Garlic (pounded) => garlic [75.0g, FDC local:garlic] | 6 tablespoons balsamic vinegar => balsamic vinegar [90.0g, FDC local:vinegar] | 6 tablespoons Soy Sauce => soy sauce [90.0g, FDC local:soy sauce]"
ph_1032,31,2.1,6.3,0.3,2.1,499,2.7,local_reference_ingredient_sum_draft,api_estimate,pending_review,"Draft only: summed local reference ingredient profiles and divided by source_servings=5. Reviewer must verify ingredient matches, edible yield, oil absorption, and serving size before marking reviewed.",draft_partial_match,5,6 cups water (ignored seasoning/water) | 2 cups kamias (no FDC match for kamias) | 1/2 kilo Prawns (Sugpo) (washed) (no FDC match for kilo prawns),"2 medium tomatoes (quartered) => tomatoes [240.0g, FDC local:tomato] | 1 medium onion (chopped) => onion [110.0g, FDC local:onion] | 2 tablespoons fish sauce (patis) => fish sauce [30.0g, FDC local:fish sauce] | 6 pieces okra => okra [72.0g, FDC local:okra] | 1 bunch kangkong (water spinach) leaves => kangkong leaves [150.0g, FDC local:spinach]"
ph_1033,527,48.0,2.4,34.7,0.1,699,0.4,local_reference_ingredient_sum_draft,api_estimate,pending_review,"Draft only: summed local reference ingredient profiles and divided by source_servings=4. Reviewer must verify ingredient matches, edible yield, oil absorption, and serving size before marking reviewed.",draft_partial_match,5,1/4 teaspoon Pepper (no FDC match for pepper) | 1/2 teaspoon Salt (no FDC match for salt) | 1 Cup yard-long beans (sitaw) (sliced into 1-inch lengths) (no FDC match for yard- beans),"8 cloves Garlic => garlic [24.0g, FDC local:garlic] | 3 tablespoons Achuete Oil (annatto oil) ((recipe below)) => achuete oil [40.8g, FDC local:annatto oil] | 700 Grams pork ((use pork belly), cut into 1/2-inch cubes) => pork [700.0g, FDC local:pork] | 3 tablespoons Vinegar => vinegar [45.0g, FDC local:vinegar] | 2 tablespoons fish sauce (patis) => fish sauce [30.0g, FDC local:fish sauce]"
ph_1034,21,2.5,2.0,0.2,0.3,7,0.6,local_reference_ingredient_sum_draft,api_estimate,pending_review,"Draft only: summed local reference ingredient profiles and divided by source_servings=7. Reviewer must verify ingredient matches, edible yield, oil absorption, and serving size before marking reviewed.",draft_partial_match,5,2 tablespoons extra virgin olive oil (no FDC match for extra virgin olive oil) | 1/2 Cup water (ignored seasoning/water) | 1/2 tablespoon Salt (no FDC match for salt) | 1/4 teaspoon black pepper (coarsely ground) (no FDC match for pepper),"1 tablespoon Garlic (finely chopped) => garlic [8.0g, FDC local:garlic] | 1/2 Cup onion (finely chopped) => onion [70.0g, FDC local:onion] | 1/4 Cup tomatoes (finely chopped) => tomatoes [35.0g, FDC local:tomato] | 1 kilo Squid (Pusit) (cleaned well) => kilo squid [100.0g, FDC local:squid] | 1/3 Cup balsamic vinegar => balsamic vinegar [46.7g, FDC local:vinegar]"
ph_1035,11,0.5,2.4,0.1,0.2,1,0.1,local_reference_ingredient_sum_draft,api_estimate,pending_review,"Draft only: summed local reference ingredient profiles and divided by source_servings=4. Reviewer must verify ingredient matches, edible yield, oil absorption, and serving size before marking reviewed.",draft_partial_match,2,"700 Grams lamb ((use shoulder part), boned and cubed, fat set aside) (no FDC match for lamb boned and fat set aside) | 4 pieces shallots (sibuyas Tagalog) (minced) (no FDC match for shallots) | 60 ml Soy Sauce (unsupported unit ml) | 120 ml Malt Vinegar (unsupported unit ml) | 60 ml japanese rice wine (unsupported unit ml) | 60 ml chinese cooking wine (Shaoxing wine) (unsupported unit ml) | 80 to 100 ml water (unsupported unit ml) | 1 piece bay leaf (dried) (no FDC match for bay leaf) | 1 teaspoon rosemary leaves (dried) (no FDC match for rosemary leaves) | 4 pieces suman (no FDC match for suman) | 2 pieces mango (sliced) (no FDC match for mango) | 1 piece green mango (sliced into slivers) (no FDC match for mango)","8 cloves Garlic (thinly sliced) => garlic [24.0g, FDC local:garlic] | 3 teaspoons pepper corn (fresh ground) => pepper corn [8.0g, FDC local:corn]"
ph_1036,205,9.6,23.7,8.7,1.7,25,1.0,local_reference_ingredient_sum_draft,api_estimate,pending_review,"Draft only: summed local reference ingredient profiles and divided by source_servings=5. Reviewer must verify ingredient matches, edible yield, oil absorption, and serving size before marking reviewed.",draft_partial_match,6,2 bay leaf (no FDC match for bay leaf) | 1 (2-inch) piece turmeric (luyang dilaw) (peeled and sliced thinly) (no FDC match for turmeric) | Salt (to taste) (ignored seasoning/water) | 1 and 1/2 cups water (no FDC match for and water) | Spicy Bagoong (to serve) (missing quantity),"1 kilo pork ((use pork belly), cut into 2x2-inch chunks) => kilo pork [100.0g, FDC local:pork] | 3 bulbs Garlic (2 left whole and washed, one bulb peeled and smashed) => bulbs garlic [300.0g, FDC local:garlic] | 1/2 Cup Vinegar => vinegar [70.0g, FDC local:vinegar] | 1 (2-inch) piece ginger (peeled and sliced thinly) => ginger [100.0g, FDC local:ginger] | 1/2 tablespoon peppercorns => peppercorns [4.0g, FDC local:corn] | 2 tablespoons cooking oil => cooking oil [27.2g, FDC local:cooking oil]"
ph_1037,87,5.8,14.9,1.1,0.9,1288,0.6,local_reference_ingredient_sum_draft,api_estimate,pending_review,"Draft only: summed local reference ingredient profiles and divided by source_servings=2.5. Reviewer must verify ingredient matches, edible yield, oil absorption, and serving size before marking reviewed.",draft_partial_match,3,"1 tablespoon Oil (no FDC match for oil) | 1 shallots (sibuyas Tagalog) (minced) (no FDC match for shallots) | 1 (250-gram) bundle Baguio beans (abitsuelas) (cut into 3-inch lengths) (no FDC match for baguio beans) | mango ((use flesh part), cubed) (missing quantity) | cabbage ((leaves), to serve) (missing quantity)","1 clive Garlic (sliced thinly) => clive garlic [100.0g, FDC local:garlic] | 1 tablespoon Soy Sauce => soy sauce [15.0g, FDC local:soy sauce] | 2 tablespoons Bagoong (Shrimp Paste) ((MSG-free)) => shrimp paste [34.0g, FDC local:shrimp paste]"
ph_1038,303,42.2,2.2,12.6,0.2,373,0.1,local_reference_ingredient_sum_draft,api_estimate,pending_review,"Draft only: summed local reference ingredient profiles and divided by source_servings=7. Reviewer must verify ingredient matches, edible yield, oil absorption, and serving size before marking reviewed.",draft_partial_match,6,water (ignored seasoning/water) | atsara (to serve) (no FDC match for tsara),"500 Grams pork ((use pork belly), sliced into big cubes (skin left on)) => pork into big cubes [500.0g, FDC local:pork] | 500 Grams Chicken ((use different parts), whatever is preferred) => chicken whatever is preferred [500.0g, FDC local:chicken] | 12 cloves Garlic => garlic [36.0g, FDC local:garlic] | 1/2 tablespoon peppercorns => peppercorns [4.0g, FDC local:corn] | 1/2 Cup white vinegar => vinegar [70.0g, FDC local:vinegar] | 1/4 Cup Soy Sauce => soy sauce [35.0g, FDC local:soy sauce]"
ph_1039,172,7.9,27.7,3.4,1.2,264,20.3,local_reference_ingredient_sum_draft,api_estimate,pending_review,"Draft only: summed local reference ingredient profiles and divided by source_servings=8. Reviewer must verify ingredient matches, edible yield, oil absorption, and serving size before marking reviewed.",draft_partial_match,7,"banana (saba variety, fried (for garnish)) (missing quantity)","1.8 kilos pork (use pork knuckle (front part)) => kilos pork [180.0g, FDC local:pork] | 100 Grams Banana Blossoms (Puso ng saging) => banana blossoms [100.0g, FDC local:banana blossom] | 3 heads Garlic (pounded with skin) => garlic [150.0g, FDC local:garlic] | 2 tablespoons peppercorns => peppercorns [16.0g, FDC local:corn] | 1 Cup Vinegar => vinegar [140.0g, FDC local:vinegar] | 1/4 Cup Soy Sauce => soy sauce [35.0g, FDC local:soy sauce] | 1 1/4 Cup brown sugar => brown sugar [156.2g, FDC local:sugar]"
ph_1040,940,37.8,31.5,78.6,8.4,182,11.1,local_reference_ingredient_sum_draft,api_estimate,pending_review,"Draft only: summed local reference ingredient profiles and divided by source_servings=2. Reviewer must verify ingredient matches, edible yield, oil absorption, and serving size before marking reviewed.",draft_partial_match,5,1 Pack yellow curry paste (no FDC match for pack curry paste) | 10 basil leaves (no FDC match for basil leaves),"1 Potatoes => potatoes [170.0g, FDC local:potato] | 3 tablespoons vegetable oil => cooking oil [40.8g, FDC local:cooking oil] | 2 cups coconut milk (gata) => coconut milk [480.0g, FDC local:coconut milk] | 250 Grams Shrimp => shrimp [250.0g, FDC local:shrimp] | 1 red bell pepper (sliced) => bell pepper [120.0g, FDC local:bell pepper]"
ph_1041,2444,44.5,177.9,185.0,21.5,1720,26.8,local_reference_ingredient_sum_draft,api_estimate,pending_review,"Draft only: summed local reference ingredient profiles and divided by source_servings=1. Reviewer must verify ingredient matches, edible yield, oil absorption, and serving size before marking reviewed.",draft_partial_match,8,"crispy boneless dilis (missing quantity) | 2 tablespoonsns cooking oil ((for frying), cooking oil for frying) (ignored frying oil reserve) | red chilies (missing quantity) | 3 stalks lemongrass (tanglad) (no FDC match for stalks lemongrass) | 2 Small Sili Leaves (no FDC match for sili leaves) | 1/4 Cup water (ignored seasoning/water) | fish sauce (patis) (missing quantity) | cheddar cheese (missing quantity)","300 Grams fettuccine noodles (cooked according to package directions) => pasta [300.0g, FDC local:pasta] | 1 ginger (julienned) => ginger [100.0g, FDC local:ginger] | 1/2 Garlic (minced) => garlic [50.0g, FDC local:garlic] | 2 smalls onion (minced) => smalls onion [220.0g, FDC local:onion] | 4 teaspoons bagoong alamang => shrimp paste [22.7g, FDC local:shrimp paste] | 2 (200-ml) packs coconut cream (kakang gata) => coconut cream [400.0g, FDC local:coconut cream] | 1/4 kilo spinach leaves ((use tender stems and leaves), roughly chopped) => kilo spinach leaves roughly [25.0g, FDC local:spinach] | 3 tablespoons vegetable oil => cooking oil [40.8g, FDC local:cooking oil]"
ph_1042,32,1.1,6.9,0.4,0.8,1,1.3,local_reference_ingredient_sum_draft,api_estimate,pending_review,"Draft only: summed local reference ingredient profiles and divided by source_servings=4. Reviewer must verify ingredient matches, edible yield, oil absorption, and serving size before marking reviewed.",draft_partial_match,3,1 can Purefoods Sizzling Sisig (no FDC match for can purefoods sizzling sisig) | 2 tablespoons celery (sliced) (no FDC match for celery) | cooking oil (missing quantity) | Flour tortillas (missing quantity),"2 tablespoons Garlic (chopped) => garlic [16.0g, FDC local:garlic] | 1 can whole kernel corn => can kernel corn [100.0g, FDC local:corn] | 2 tablespoons onion leeks (sliced) => onion leeks [16.0g, FDC local:onion]"
ph_1043,66,8.9,2.2,2.3,0.2,979,0.1,local_reference_ingredient_sum_draft,api_estimate,pending_review,"Draft only: summed local reference ingredient profiles and divided by source_servings=4. Reviewer must verify ingredient matches, edible yield, oil absorption, and serving size before marking reviewed.",draft_partial_match,5,Salt (to taste) (ignored seasoning/water) | 1 Cup pineapple juice (no FDC match for pineapple juice) | 3 bay leaf (no FDC match for bay leaf) | 1/8 teaspoon black pepper (no FDC match for pepper),"1/2 kilo Chicken (cut into serving pieces) => kilo chicken [50.0g, FDC local:chicken] | 1/2 kilo pork ((use pork rounds), cut into serving pieces) => kilo pork [50.0g, FDC local:pork] | 1/2 Cup Soy Sauce => soy sauce [70.0g, FDC local:soy sauce] | 2 tablespoons Garlic (crushed) => garlic [16.0g, FDC local:garlic] | 1/2 teaspoon black peppercorns => peppercorns [1.3g, FDC local:corn]"
ph_1044,393,7.3,9.6,38.8,3.3,30,5.2,local_reference_ingredient_sum_draft,api_estimate,pending_review,"Draft only: summed local reference ingredient profiles and divided by source_servings=7. Reviewer must verify ingredient matches, edible yield, oil absorption, and serving size before marking reviewed.",draft_partial_match,5,1 1/2 to 2 cups curly parsely (finely minced) (no FDC match for curly parsely) | 3 teaspoons Pepper (freshly) (no FDC match for pepper) | 1 1/2 teaspoon Salt (no FDC match for salt) | 2 to 3 tablespoons sinigang mix powder (no FDC match for sinigang mix powder) | 3 tablespoons yellow curry powder (no FDC match for curry powder) | Pepper (to taste) (ignored seasoning/water) | 1 Cup vegetable oil (ignored frying oil reserve) | 1 small package wonton wrappers (sliced into thin strips) (no FDC match for package wonton wrappers),"1 kilo pork (use ground pork) => kilo pork [100.0g, FDC local:pork] | 2 tablespoons vegetable oil => cooking oil [27.2g, FDC local:cooking oil] | 4 cloves Garlic (chopped) => garlic [12.0g, FDC local:garlic] | 1 medium-sized onion (chopped) => -sized onion [110.0g, FDC local:onion] | 4 cups coconut milk (gata) => coconut milk [960.0g, FDC local:coconut milk]"
ph_1045,45,2.1,9.7,0.4,2.6,28,3.6,local_reference_ingredient_sum_draft,api_estimate,pending_review,"Draft only: summed local reference ingredient profiles and divided by source_servings=5.5. Reviewer must verify ingredient matches, edible yield, oil absorption, and serving size before marking reviewed.",draft_partial_match,5,2 tablespoons Oil (no FDC match for oil) | 1 kilo Prawns (Sugpo) (trimmed) (no FDC match for kilo prawns) | 1 white radish (labanos) (peeled and sliced into rounds) (no FDC match for radish) | 1 bundle string beans (sitaw) (sliced into 3-inch pieces) (no FDC match for string beans) | fish sauce (patis) (to taste) (missing quantity) | 1 kilo Tamarind Fruit (Sampalok) (no FDC match for kilo tamarind fruit) | water (ignored seasoning/water) | 1 tablespoon rock salt (ignored seasoning/water),"1 medium white onion (peeled and sliced into wedges) => onion [110.0g, FDC local:onion] | 3 native tomatoes (quartered) => native tomatoes [360.0g, FDC local:tomato] | 1 (2-inch) piece ginger (peeled and sliced thickly) => ginger [100.0g, FDC local:ginger] | 2 eggplant (halved and lengthwise and sliced) => eggplant [100.0g, FDC local:eggplant] | 1 bundle kangkong (water spinach) leaves (leaves and tender stalks only) => kangkong leaves [150.0g, FDC local:spinach]"
ph_1046,73,7.4,3.9,3.0,0.3,28,2.9,local_reference_ingredient_sum_draft,api_estimate,pending_review,"Draft only: summed local reference ingredient profiles and divided by source_servings=13.5. Reviewer must verify ingredient matches, edible yield, oil absorption, and serving size before marking reviewed.",draft_partial_match,9,1 Small jicama (singkamas) (diced) (no FDC match for jicama) | 1 stalk celery (diced) (no FDC match for stalk celery) | 4 stalks kinchay (parsley) (minced) (no FDC match for stalks kinchay) | Salt (ignored seasoning/water) | lumpia wrapper (missing quantity) | Oil (for frying) (ignored frying oil reserve) | 1/2 teaspoon Salt (no FDC match for salt) | 1/2 Cup water (ignored seasoning/water) | 2 to 3 tablespoons water (no FDC match for water),"250 Grams pork (use ground lean pork) => pork [250.0g, FDC local:pork] | 100 Grams Shrimp (minced) => shrimp [100.0g, FDC local:shrimp] | 1/2 tablespoon Garlic (minced) => garlic [4.0g, FDC local:garlic] | 1 medium onion (minced) => onion [110.0g, FDC local:onion] | 1 Small carrot (diced) => carrot [60.0g, FDC local:carrot] | 1 Egg => egg [50.0g, FDC local:egg] | 1/4 Cup brown sugar => brown sugar [31.2g, FDC local:sugar] | 2 tablespoons Vinegar => vinegar [30.0g, FDC local:vinegar] | 1/2 tablespoon Flour => flour [4.0g, FDC local:flour]"
ph_1047,365,10.0,76.2,1.0,2.7,2,0.4,local_reference_ingredient_sum_draft,api_estimate,pending_review,"Draft only: summed local reference ingredient profiles and divided by source_servings=20. Reviewer must verify ingredient matches, edible yield, oil absorption, and serving size before marking reviewed.",draft_partial_match,2,1 (160-gram) Pack ready-to-cook sisig (no FDC match for ready-to-cook sisig) | Egg (whites only) (missing quantity) | Oil (for deep-frying) (ignored frying oil reserve),"1/3 Cup onion (chopped) => onion [46.7g, FDC local:onion] | 20 pieces Wanton Wrapper => flour [2000.0g, FDC local:flour]"
ph_1048,501,9.8,95.3,8.0,3.2,305,7.9,local_reference_ingredient_sum_draft,api_estimate,pending_review,"Draft only: summed local reference ingredient profiles and divided by source_servings=4. Reviewer must verify ingredient matches, edible yield, oil absorption, and serving size before marking reviewed.",draft_partial_match,8,750 Grams lamb tapa (no FDC match for lamb tapa) | Salt (ignored seasoning/water) | 1 Cucumber (chopped) (no FDC match for cucumber) | 100 Grams coriander (chopped) (no FDC match for coriander) | black pepper (missing quantity),"2 tablespoons cooking oil => cooking oil [27.2g, FDC local:cooking oil] | 3 cloves Garlic (crushed) => garlic [9.0g, FDC local:garlic] | 5 cups Benguet Rice => benguet rice [1200.0g, FDC local:rice] | 4 red tomatoes (chopped) => tomatoes [480.0g, FDC local:tomato] | 1 white onion (chopped) => onion [110.0g, FDC local:onion] | 1/4 Cup Vinegar => vinegar [35.0g, FDC local:vinegar] | 1 tablespoon fish sauce (patis) => fish sauce [15.0g, FDC local:fish sauce] | 1 tablespoon sugar => sugar [12.5g, FDC local:sugar]"
ph_1049,274,6.9,58.4,0.7,1.7,1575,3.1,local_reference_ingredient_sum_draft,api_estimate,pending_review,"Draft only: summed local reference ingredient profiles and divided by source_servings=5. Reviewer must verify ingredient matches, edible yield, oil absorption, and serving size before marking reviewed.",draft_partial_match,4,2 cups water (ignored seasoning/water) | a handful of green tamarinds (sampaloc) (no FDC match for handful of tamarinds) | 1 packet powdered tamarind (no FDC match for packet powdered tamarind) | 1 kilo Tiger Prawns (Sugpo) (no FDC match for kilo tiger prawns) | kangkong (water spinach) leaves (missing quantity) | few pieces of finger chilies (siling pangsigang) (missing quantity),"4 cups rice washing (hugas-bigas) ((water used to wash rice)) => rice washing [960.0g, FDC local:rice] | 1 large onion ((sliced), quartered) => onion quartered [110.0g, FDC local:onion] | 2 large tomatoes (cut in chunks) => tomatoes [240.0g, FDC local:tomato] | 1 and 1/2 tablespoons fish sauce (patis) => and fish sauce [100.0g, FDC local:fish sauce]"
ph_1050,322,6.5,45.4,13.2,3.4,668,3.7,local_reference_ingredient_sum_draft,api_estimate,pending_review,"Draft only: summed local reference ingredient profiles and divided by source_servings=4.5. Reviewer must verify ingredient matches, edible yield, oil absorption, and serving size before marking reviewed.",draft_partial_match,8,"1 bitter gourd (ampalaya) (sliced) (no FDC match for bitter gourd) | 100 Grams lechon kawali (prepared, sliced, and deep-fried) (no FDC match for lechon kawali)","1/4 Cup canola oil => cooking oil [54.5g, FDC local:cooking oil] | 1 1/2 tablespoons Garlic (minced) => garlic [12.0g, FDC local:garlic] | 1 onion (sliced) => onion [110.0g, FDC local:onion] | 2 to 3 tablespoons bagoong balayan => shrimp paste balayan [42.5g, FDC local:shrimp paste] | 2 eggplant (sliced) => eggplant [100.0g, FDC local:eggplant] | 6 to 8 pieces okra (each cut into 3 pieces) => okra [84.0g, FDC local:okra] | 2 cups squash (kalabasa) (coarsely chopped) => squash [280.0g, FDC local:squash] | 5 rice (cooked) => rice [500.0g, FDC local:rice]"
ph_1051,485,20.0,84.0,6.0,1.2,1476,0.6,local_reference_ingredient_sum_draft,api_estimate,pending_review,"Draft only: summed local reference ingredient profiles and divided by source_servings=2.5. Reviewer must verify ingredient matches, edible yield, oil absorption, and serving size before marking reviewed.",draft_partial_match,6,2 tablespoons Oil (no FDC match for oil) | 2 tablespoons water (no FDC match for water) | 1 cheek green mango (sliced into thin strips) (no FDC match for cheek mango) | 1/2 Cucumber (sliced into thin strips) (no FDC match for cucumber),"1 tablespoon Garlic (minced) => garlic [8.0g, FDC local:garlic] | 1/4 Cup pork meat (sliced into bite-sized pieces) => pork meat [35.0g, FDC local:pork] | 2 tablespoons dried shrimp fry (alamang) => dried shrimp fry [16.0g, FDC local:shrimp] | 3 tablespoons shrimp paste (bagoong alamang) => shrimp paste [51.0g, FDC local:shrimp paste] | 3 cups day-old rice => day-old rice [720.0g, FDC local:rice] | 1 Egg ((scrambled), sliced) => egg [50.0g, FDC local:egg]"
ph_1053,571,30.8,36.3,34.5,2.3,2461,2.2,local_reference_ingredient_sum_draft,api_estimate,pending_review,"Draft only: summed local reference ingredient profiles and divided by source_servings=2. Reviewer must verify ingredient matches, edible yield, oil absorption, and serving size before marking reviewed.",draft_partial_match,10,1 Cup water (ignored seasoning/water) | 1 piece bay leaf (no FDC match for bay leaf) | water (ignored seasoning/water) | 2 slices wheat bread (no FDC match for slices wheat bread) | 100 Grams kesong puti (white cheese) (no FDC match for kesong puti) | orange (to garnish) (missing quantity),"1/4 Cup Soy Sauce => soy sauce [35.0g, FDC local:soy sauce] | 1/2 Cup Vinegar => vinegar [70.0g, FDC local:vinegar] | 1/4 Cup fish sauce (patis) => fish sauce [35.0g, FDC local:fish sauce] | 1/2 kilo Chicken (cut into parts) => kilo chicken [50.0g, FDC local:chicken] | 50 Grams chicken liver (minced) => chicken liver [50.0g, FDC local:chicken] | 2 whole Garlic => garlic [200.0g, FDC local:garlic] | 1 tablespoon peppercorns => peppercorns [8.0g, FDC local:corn] | 1/4 Cup cooking oil => cooking oil [54.5g, FDC local:cooking oil] | 2 Egg => egg [100.0g, FDC local:egg] | 1 tablespoon Vinegar => vinegar [15.0g, FDC local:vinegar]"
ph_1054,149,6.9,22.4,3.0,0.6,17,14.5,local_reference_ingredient_sum_draft,api_estimate,pending_review,"Draft only: summed local reference ingredient profiles and divided by source_servings=5. Reviewer must verify ingredient matches, edible yield, oil absorption, and serving size before marking reviewed.",draft_partial_match,5,1 Cup water (ignored seasoning/water) | 3 teaspoons Salt (ignored seasoning/water) | 2 pieces bay leaf (no FDC match for bay leaf),"1 kilo pork ((use pork belly (kasim or liempo)), adobo cut) => kilo pork adobo cut [100.0g, FDC local:pork] | 1 whole Garlic (pounded) => garlic [100.0g, FDC local:garlic] | 2 cups white vinegar => vinegar [280.0g, FDC local:vinegar] | 5 1/2 tablespoons white sugar => sugar [68.8g, FDC local:sugar] | 1/4 Cup peppercorns => peppercorns [37.5g, FDC local:corn]"
